MARANTZ	COMPANYNAME	MARANTZ
MUGGLENET	COMPANYNAME	MUGGLENET
COVAD	COMPANYNAME	COVAD COMMUNICATIONS
LACIE	COMPANYNAME	LACIE
INTERNATIONAL LAUNCH SERVICES	COMPANYNAME	ILS INTERNATIONAL LAUNCH SERVICES, INC.
SIZZLER	COMPANYNAME	SIZZLER
ARIENS	COMPANYNAME	THE ARIENS COMPANY
SASKATCHEWAN RESEARCH COUNCIL	COMPANYNAME	SASKATCHEWAN RESEARCH COUNCIL
FRESHCO	COMPANYNAME	FRESHCO, LIMITED
RUGBY RALPH LAUREN	COMPANYNAME	RUGBY RALPH LAUREN
ERICSSON NIKOLA TESLA	COMPANYNAME	ERICSSON NIKOLA TESLA
INTERNATIONAL COUNCIL OF JEWISH PARLIAMENTARIANS	COMPANYNAME	INTERNATIONAL COUNCIL OF JEWISH PARLIAMENTARIANS
MAGIKIST	COMPANYNAME	MAGIKIST
AFGHANISTAN INTERNATIONAL BANK	COMPANYNAME	AFGHANISTAN INTERNATIONAL BANK
THELADDERS.COM	COMPANYNAME	LADDERS, INC.
WASHINGTON GAS	COMPANYNAME	WGL HOLDINGS, INC.
FLORSHEIM SHOES	COMPANYNAME	FLORSHEIM SHOES
BLUENOTES	COMPANYNAME	THRIFTY'S INC.
THANASI FOODS	COMPANYNAME	THANASI FOODS, LLC
HNI CORPORATION	COMPANYNAME	HNI CORPORATION
BONE MARROW DONORS WORLDWIDE	COMPANYNAME	BONE MARROW DONORS WORLDWIDE
THOMAS WEISEL PARTNERS	COMPANYNAME	THOMAS WEISEL PARTNERS GROUP, INC.
THINKEQUITY	COMPANYNAME	THINKEQUITY LLC
W. C. BRADLEY CO.	COMPANYNAME	W. C. BRADLEY CO.
PAYPERPOST	COMPANYNAME	PAYPERPOST
COMEDY CENTRAL FILMS	COMPANYNAME	COMEDY CENTRAL FILMS
INTEGRATED DYNAMICS	COMPANYNAME	INTEGRATED DYNAMICS
NOBISKRUG	COMPANYNAME	NOBISKRUG GMBH
CHINA NATIONAL COAL GROUP CORPORATION	COMPANYNAME	CHINA NATIONAL COAL GROUP CORPORATION
CHINA NATIONAL COAL GROUP CORPORATION	COMPANYNAME	中国中煤能源集团公司
SENIORNET	COMPANYNAME	SENIORNET
LELO	COMPANYNAME	LELOI AB
FRONTIER AIRLINES HOLDINGS	COMPANYNAME	FRONTIER AIRLINES HOLDINGS, INC.
AQUA LUNG AMERICA	COMPANYNAME	AQUA LUNG
INSTITUT NATIONAL D'OPTIQUE	COMPANYNAME	NATIONAL OPTICS INSTITUTE
EXPOTV	COMPANYNAME	EXPO
HIBUR	COMPANYNAME	HIBUR
POS SOLUTIONS	COMPANYNAME	POS SOLUTIONS LIMITED
TOUR DE CURE	COMPANYNAME	TOUR DE CURE
IBX GROUP	COMPANYNAME	IBX GROUP AB
DONOR SIBLING REGISTRY	COMPANYNAME	DONOR SIBLING REGISTRY
SOFTRON	COMPANYNAME	SOFTRON
PRIVILEGE	COMPANYNAME	PRIVILEGE
DEERING BANJO COMPANY	COMPANYNAME	DEERING BANJO COMPANY
SUNGALE GROUP INC	COMPANYNAME	SUNGALE GROUP INC
INFORMATION SERVICES CORPORATION	COMPANYNAME	INFORMATION SERVICES CORPORATION
UNIFY SOFTWARE AND SOLUTIONS GMBH & CO. KG.	COMPANYNAME	UNIFY
SOLACE SYSTEMS	COMPANYNAME	SOLACE SYSTEMS
INTERMAP TECHNOLOGIES	COMPANYNAME	INTERMAP TECHNOLOGIES
A SIDE PRODUCTIONS	COMPANYNAME	A SIDE PRODUCTIONS
ALTA COMMUNICATIONS	COMPANYNAME	ALTA COMMUNICATIONS
DENCIO'S	COMPANYNAME	DENCIO'S BAR AND GRILL
BLOOM CONSULTING	COMPANYNAME	BLOOM CONSULTING
VECTURA GROUP	COMPANYNAME	VECTURA GROUP PLC
GO NUTS DONUTS	COMPANYNAME	GO NUTS DONUTS
ODYSSEY RE	COMPANYNAME	ODYSSEY RE HOLDINGS CORP.
FINANCIAL TECHNOLOGIES GROUP	COMPANYNAME	FINANCIAL TECHNOLOGIES  LIMITED
ARIA NETWORKS	COMPANYNAME	ARIA NETWORKS
CADBURY IRELAND	COMPANYNAME	CADBURY IRELAND LTD
SHENGJING BANK	COMPANYNAME	SHENGJING BANK
UECOMM	COMPANYNAME	UECOMM PTY LTD
LIBRO CREDIT UNION	COMPANYNAME	LIBRO CREDIT UNION
GRAND SPORT GROUP	COMPANYNAME	GRAND SPORT GROUP CO, LTD.
VIRTUAL OPERATING ROOM	COMPANYNAME	VIRTUAL OR, LLC
CARLOS CAMPOS	COMPANYNAME	CARLOS CAMPOS
VALHALLA GAME STUDIOS	COMPANYNAME	VALHALLA GAME STUDIOS
ANONIMO	COMPANYNAME	ANONIMO FIRENZE
HEALTH COMMUNICATION NETWORK	COMPANYNAME	HEALTH COMMUNICATION NETWORK
CURACAO	COMPANYNAME	CURACAO
SPECTRUM INDUSTRIES	COMPANYNAME	SPECTRUM INDUSTRIES, INC.
OFM, INC	COMPANYNAME	OFM
ACD	COMPANYNAME	ACD  
ALL-STEEL EQUIPMENT COMPANY	COMPANYNAME	ALLSTEEL
PHILIPPINE POSTAL SAVINGS BANK	COMPANYNAME	PHILIPPINE POSTAL SAVINGS BANK
MARINE SYSTEMS LIMITED	COMPANYNAME	MARINE SYSTEMS LIMITED
NATIONAL BULK HANDLING CORPORATION	COMPANYNAME	NATIONAL BULK HANDLING CORPORATION
INSTITUT IGH	COMPANYNAME	INSTITUT IGH, D.D.
TRAVELING GUITAR FOUNDATION	COMPANYNAME	THE TRAVELING GUITAR FOUNDATION
ARSENAL AD	COMPANYNAME	ARSENAL AD
LEPTOS ESTATES	COMPANYNAME	LEPTOS ESTATES
ESRI CANADA	COMPANYNAME	ESRI CANADA
TOM SAWYER SOFTWARE	COMPANYNAME	TOM SAWYER SOFTWARE
PRICELOCK	COMPANYNAME	PRICELOCK, INC.
PAOLI, INC.	COMPANYNAME	PAOLI, LLC
REPOWER	COMPANYNAME	REPOWER AG
EKTA	COMPANYNAME	EKTA
ACTIANCE	COMPANYNAME	ACTIANCE, INC.
CASCADE MICROTECH	COMPANYNAME	CASCADE MICROTECH
BUGMOBILE COMPANY	COMPANYNAME	BUGMOBILE COMPANY OF AMERICA
HAMMERKIT	COMPANYNAME	HAMMERKIT
SCIO-TECH	COMPANYNAME	SCIO-TECH
GALENA BIOPHARMA	COMPANYNAME	GALENA BIOPHARMA, INC.
RELIANCE BROADCAST NETWORK	COMPANYNAME	RELIANCE BROADCAST NETWORK LIMITED
BRUNTWOOD	COMPANYNAME	BRUNTWOOD ESTATES LTD
FREEBIRD GAMES	COMPANYNAME	FREEBIRD GAMES
ATHLETIC DNA	COMPANYNAME	ATHLETIC DNA
TRUEEX GROUP	COMPANYNAME	TRUEEX GROUP LLC
MEDIAMISER	COMPANYNAME	MEDIAMISER
QEELIN	COMPANYNAME	QEELIN
FURLA	COMPANYNAME	FURLA
GLOBAL INDUSTRIAL DEFENCE SOLUTIONS	COMPANYNAME	GLOBAL INDUSTRIAL DEFENCE SOLUTIONS
ASOCS	COMPANYNAME	ASOCS LTD
TICKETIQ	COMPANYNAME	TICKETIQ
PENN RACQUET SPORTS	COMPANYNAME	PENN RACQUET SPORTS INC
HALO DOGS	COMPANYNAME	HALO DOGS LTD
TABLO	COMPANYNAME	NUVYYO
FINNCAP	COMPANYNAME	FINNCAP LTD
BDA CHINA LIMITED	COMPANYNAME	BDA CHINA LIMITED
FROG COMMISSARY	COMPANYNAME	FROG COMMISSARY
GALAXY RESOURCES	COMPANYNAME	GALAXY RESOURCES
WINCREST HOMES	COMPANYNAME	WINCREST HOMES
RAABERBAHN	COMPANYNAME	RAABERBAHN
RAABERBAHN	COMPANYNAME	GYSEV
AGENCE VU	COMPANYNAME	AGENCE VU
COOPERATIVE BANK OF OROMIA	COMPANYNAME	COOPERATIVE BANK OF OROMIA
TASTING TABLE	COMPANYNAME	TASTING TABLE
CHAR-BROIL	COMPANYNAME	CHAR-BROIL, LLC
CICEKSEPETI.COM	COMPANYNAME	CICEKSEPETI.COM
VEST BUSS	COMPANYNAME	VEST BUSS GRUPPEN AS
CLICKNETWORK.TV	COMPANYNAME	CLICKNETWORK.TV
CHANNEL 8 NEWS	COMPANYNAME	CHANNEL 8 NEWS & CURRENT AFFAIRS
CHANNEL 8 NEWS	COMPANYNAME	8
FILM CUT POST PRODUCTION	COMPANYNAME	FILM CUT POST PRODUCTION
INITIUM MEDIA	COMPANYNAME	INITIUM MEDIA
SOUR SALLY	COMPANYNAME	SOUR SALLY
ADEN	COMPANYNAME	ADEN
DMT DIAMOND MACHINING TECHNOLOGY	COMPANYNAME	DIAMOND MACHINING TECHNOLOGY
