Alabama	demonym	Alabamian
Algeria	demonym	Algerian
Andorra	demonym	Andorran
Alaska	demonym	Alaskan
Asia	demonym	Asian
Angola	demonym	Angolan
Aruba	demonym	Aruban
Afghanistan	demonym	Afghan
Azerbaijan	demonym	Azerbaijani
Albania	demonym	Albanian
Antigua and Barbuda	demonym	Antiguan, Barbudan
Anguilla	demonym	Anguillian
Arkansas	demonym	Arkansan; Arkansawyer;Arkansawian
Australian Capital Territory	demonym	Canberran
Belgium	demonym	Belgian
Brazil	demonym	Brazilian
The Bahamas	demonym	Bahamian
Bulgaria	demonym	Bulgarian
Barbados	demonym	Barbadian, Bajan (colloquial)
Belarus	demonym	Belarusian
Bangladesh	demonym	Bangladeshi
Benin	demonym	Beninese; Beninois
Belize	demonym	Belizean ( or ))
Bermuda	demonym	Bermudian
Bolivia	demonym	Bolivian
Botswana	demonym	Batswana
Bosnia and Herzegovina	demonym	Bosnians, Herzegovinians
Brunei	demonym	Bruneian
British Virgin Islands	demonym	Virgin Islander
Burkina Faso	demonym	Burkinab\u00E9 (also Burkinab\u00E8 and Burkinabe)
Basel	demonym	Basler
Colombia	demonym	Colombian
Czech Republic	demonym	Czech
California	demonym	Californian
People's Republic of China	demonym	Chinese
Colorado	demonym	Coloradan
Cameroon	demonym	Cameroonian
Cayman Islands	demonym	Caymanian
Central African Republic	demonym	Central African
Chad	demonym	Chadian
Christmas Island	demonym	Christmas Islanders
Chile	demonym	Chilean
Cocos (Keeling) Islands	demonym	Cocossian (Cocos Islandian)
Costa Rica	demonym	Costa Rican; Tico
Croatia	demonym	Croat, Croatian
Cyprus	demonym	Cypriot, Greek Cypriot, Turkish Cypriot
Connecticut	demonym	Connecticuter, Nutmegger
Cook Islands	demonym	Cook Islander
Delaware	demonym	Delawarean
Dominican Republic	demonym	Dominican
Europe	demonym	European
England	demonym	English
Ecuador	demonym	Ecuadorian
Ecuador	demonym	Ecuadorean
El Salvador	demonym	Salvadoran  , Central American
Equatorial Guinea	demonym	Equatoguinean, Equatorial Guinean
Finland	demonym	Finns, Finnish
Fiji	demonym	Fiji Islander, Fijian
French Polynesia	demonym	French Polynesian
Federated States of Micronesia	demonym	Micronesian
Germany	demonym	German
Guam	demonym	Guamanian
Gabon	demonym	Gabonese, Gabonaise
Ghana	demonym	Ghanaian
Greece	demonym	Greek (Officially: Hellenic)
Greenland	demonym	Greenlander, Greenlandic
Guinea	demonym	Guinean
Guinea-Bissau	demonym	Bissau-Guinean(s)
Geneva	demonym	Genevois
Hawaii	demonym	Hawaiian (see notes)
Hungary	demonym	Hungarian
Honduras	demonym	Honduran, Catracho
Haiti	demonym	Haitian
Hong Kong	demonym	Hong Konger
Iceland	demonym	Icelander, Icelandic
India	demonym	Indian
Italy	demonym	Italian
Republic of Ireland	demonym	Irish
Indonesia	demonym	Indonesian
Idaho	demonym	Idahoan
Iran	demonym	Iranian
Isle of Man	demonym	Manx
Illinois	demonym	Illinoisan
Japan	demonym	Japanese
Jamaica	demonym	Jamaican
Kazakhstan	demonym	Kazakh
Kiribati	demonym	I-Kiribati
Kansas	demonym	Kansan
Kentucky	demonym	Kentuckian
Luxembourg	demonym	Luxembourgers
Latvia	demonym	Latvian
Lithuania	demonym	Lithuanian
Libya	demonym	Libyan
Laos	demonym	Laotian, Lao
Lebanon	demonym	Lebanese
Lesotho	demonym	Mosotho (singular), Basotho (plural)
Liberia	demonym	Liberian
Politics of Libya	demonym	Libyan
Liechtenstein	demonym	Liechtensteiner (male), Liechtensteinerin (female)
Louisiana	demonym	Louisianian, Louisianais (French)
Louisiana	demonym	Lwizyan\u00E9(\u00E8z) (Creole)
Latin America	demonym	Latin American, American
Lausanne	demonym	Les Lausannois
Maryland	demonym	Marylander
Michigan	demonym	Michigander
Michigan	demonym	Michiganian
Madagascar	demonym	Malagasy
Malawi	demonym	Malawian
Maldives	demonym	Maldivian
Mali	demonym	Malian
Malta	demonym	Maltese
Martinique	demonym	Martinican (Martiniquais in French)
Mauritius	demonym	Mauritian
Mayotte	demonym	Mahoran
Monaco	demonym	Mon\u00E9gasque or Monegasque
Moldova	demonym	Moldovan, Moldavian
Mongolia	demonym	Mongolian
Morocco	demonym	Moroccan
Mozambique	demonym	Mozambican
Burma	demonym	Burmese/Myanma
Minnesota	demonym	Minnesotan
Missouri	demonym	Missourian
Maine	demonym	Mainer
Montana	demonym	Montanan
Montenegro	demonym	Montenegrin
New Hampshire	demonym	Granite Stater, New Hampshirite
North America	demonym	North American, American
Netherlands	demonym	Dutch
Nevada	demonym	Nevadan
Niue	demonym	Niuean
North Korea	demonym	North Korean, Korean
Norway	demonym	Norwegian
Namibia	demonym	Namibian
Nauru	demonym	Nauruan
Netherlands Antilles	demonym	Netherlands Antillean
Nicaragua	demonym	Nicaraguan
Niger	demonym	Nigerien
Nigeria	demonym	Nigerian
Nevis	demonym	Nevisian
Northern Territory	demonym	Territorian
Nebraska	demonym	Nebraskan
New Mexico	demonym	New Mexican
North Dakota	demonym	North Dakotan
New South Wales	demonym	New South Welshmen
North Carolina	demonym	North Carolinian;
North Carolina	demonym	Tar Heel (colloq.)
New Jersey	demonym	New Jerseyan, New Jerseyite
Ohio	demonym	Ohioan; Buckeye (colloq.)
Oman	demonym	Omani
Oklahoma	demonym	Oklahoman; Okie (colloq.)
Organization of American States	demonym	American
Papua New Guinea	demonym	Papua New Guinean
Poland	demonym	Pole/Polish
Panama	demonym	Panamanian
Puerto Rico	demonym	Puerto Rican
Portugal	demonym	Portuguese
Pakistan	demonym	Pakistani
Pennsylvania	demonym	Pennsylvanian
Palau	demonym	Palauan
Paraguay	demonym	Paraguayan
Philippines	demonym	Filipino/Filipina
Rhode Island	demonym	Rhode Islander
Russia	demonym	Russian
Romania	demonym	Romanian
Rwanda	demonym	Rwandan, Rwandese
Republic of China	demonym	Taiwanese or Chinese or both
Spain	demonym	Spanish, Spaniard
South Australia	demonym	South Australian
South Dakota	demonym	South Dakotan
Sri Lanka	demonym	Sri Lankan
Switzerland	demonym	Swiss
South America	demonym	South American, American
Soviet Union	demonym	Soviet
Suriname	demonym	Surinamese
Slovakia	demonym	Slovak
Saint Helena	demonym	Saint Helenian\u2020
Scotland	demonym	Scots, Scottish3
South Korea	demonym	South Korean, Korean
Saint Kitts and Nevis	demonym	Kittitian (or, Alternatively, Kittian), Nevisian
Saint Lucia	demonym	Saint Lucian
Saint Vincent and the Grenadines	demonym	Vincentian
Samoa	demonym	Samoan
San Marino	demonym	Sammarinese
Senegal	demonym	Senegalese
Seychelles	demonym	Seychellois, Seychelloise, Seselwa (Creole)
Sierra Leone	demonym	Sierra Leonean
Singapore	demonym	Singaporean
Slovenia	demonym	Slovenian, Slovene
Somalia	demonym	Somali; Somalian
Sudan	demonym	Sudanese
Swaziland	demonym	Swazi
Savoy	demonym	Savoyan (formal), Savoyard (informal)
South Carolina	demonym	South Carolinian
Serbia	demonym	Serbian
Texas	demonym	Texan
Texas	demonym	Texian (archaic)
Americas	demonym	American
Tasmania	demonym	Tasmanian
Tajikistan	demonym	Tajikistani
Tanzania	demonym	Tanzanian
Thailand	demonym	Thai
Togo	demonym	Togolese
Tokelau	demonym	Tokelauan
Tonga	demonym	Tongan
Tunisia	demonym	Tunisian
Turks and Caicos Islands	demonym	Turks and Caicos Islander
Tuvalu	demonym	Tuvaluan
Tennessee	demonym	Tennessean
Tristan da Cunha	demonym	Tristanian
Utah	demonym	Utahn or Utahan
United Kingdom	demonym	British or Briton
Ukraine	demonym	Ukrainian
Uganda	demonym	Ugandan
Uruguay	demonym	Uruguayan
Uzbekistan	demonym	Uzbekistani; also Uzbek
United States Virgin Islands	demonym	US Virgin Islander
United States Minor Outlying Islands	demonym	American, Islander
Venezuela	demonym	Venezuelan
Vanuatu	demonym	Ni-Vanuatu; Vanuatuan
Virginia	demonym	Virginian
Vermont	demonym	Vermonter
West Virginia	demonym	West Virginian
Wisconsin	demonym	Wisconsinite
Wallis and Futuna	demonym	Wallisian, Futunan
Western Sahara	demonym	Western Saharan
Western Australia	demonym	Western Australian, West Australian, Sandgroper (colloquial)
Wyoming	demonym	Wyomingite
Zimbabwe	demonym	Zimbabwean
Zambia	demonym	Zambian
Dalmatia	demonym	Dalmatian(s)
Georgia (country)	demonym	Georgian
Georgia (U.S. state)	demonym	Georgian
Bern	demonym	Berner
Easter Island	demonym	Rapa Nui or Pascuense
Caribbean Community	demonym	Caribbean, West Indian
Côte d'Ivoire	demonym	Ivorian/Ivoirian
Queensland	demonym	Queenslander
Sahrawi Arab Democratic Republic	demonym	Sahrawi
Curaçao	demonym	Cura\u00E7aoan
The Gambia	demonym	Gambian
United Arab Emirates	demonym	Emirati
Wales	demonym	Welsh (Cymry)
Democratic Republic of the Congo	demonym	Congolese
Denmark	demonym	Danish or Dane(s)
Carriacou and Petite Martinique	demonym	Carriacouan, Petit Martiniquian
ASEAN	demonym	Southeast Asian
Mount Athos	demonym	Athonite (), Hagiorite ()
Pune	demonym	Punekar
Kyrgyzstan	demonym	Kyrgyz
Kyrgyzstan	demonym	Kyrgyzstani
Peru	demonym	Peruvian
Nepal	demonym	Nepali
Ethiopia	demonym	Ethiopian
Kenya	demonym	Kenyan
Turkmenistan	demonym	Turkmen
Vietnam	demonym	Vietnamese
Solomon Islands	demonym	Solomon Islander
Northern Cyprus	demonym	Turkish Cypriot
Renens	demonym	Les Renanais
Buganda	demonym	Baganda
Bangsamoro	demonym	Moro
Cambodia	demonym	Khmer
Saudi Arabia	demonym	Saudi Arabian, Saudi (informal)
Yemen	demonym	Yemeni, Yemenite
Karakalpakstan	demonym	Karakalpak
South Asian Association for Regional Cooperation	demonym	South Asian
Aigle	demonym	Les Aiglons
Anglo-America	demonym	Anglo-American, American
Corbeyrier	demonym	Les Robaleux
Lavey-Morcles	demonym	Lavey:Roccans
Lavey-Morcles	demonym	Morcles:Morclans
Gryon	demonym	Les Tachis
Leysin	demonym	Leysenouds
Noville, Switzerland	demonym	Les Novillois
Ormont-Dessous	demonym	Les Ormonans
Ormont-Dessus	demonym	Les Ormonans
Rennaz	demonym	Renard
Villeneuve, Vaud	demonym	Les Villeneuvois
Apples, Vaud	demonym	Les Caque \u00E0 part
Apples, Vaud	demonym	L\u00E8 Caca-pai
Aubonne	demonym	Les Aubonnois
Torres Strait Islands	demonym	Torres Strait Islander
Pompaples	demonym	Les Pompaplois
Chexbres	demonym	Les Chexbriens
Cully, Switzerland	demonym	Les Culli\u00E9rans
Grandvaux	demonym	Les Grandvaliens
Forel, Vaud	demonym	Les Forellois
Lutry	demonym	Les Lutryens/Nickname: \
Savigny, Switzerland	demonym	Savignolans
Saint-Saphorin	demonym	Les Saint-Saphoriens
Villette, Vaud	demonym	L\u00E8 z'Aragne
Lully, Vaud	demonym	Les Lulli\u00E9rans
Darfur	demonym	Darfuri
Martigny	demonym	Les Martignerains
Iraqi Kurdistan	demonym	Iraqi, Iraqi Kurds
Bunyoro	demonym	Bunyoro or Banyoro
Oleyres	demonym	Les renards
Cudrefin	demonym	Les Cudrefinois
Vallamand	demonym	Les Vallamandais
East African Community	demonym	East African
North Sentinel Island	demonym	Sentinel Islander
Principality of Wales	demonym	Welsh, Cymreig
Saubraz	demonym	Les Saubrians
Montherod	demonym	Les Montherolis
Grandson, Switzerland	demonym	Les Gransonnois
Grandson, Switzerland	demonym	Les Bocans
Corsier-sur-Vevey	demonym	Corsi\u00E9rans
Chevilly, Switzerland	demonym	Les Fouette grenouilles
Massachusetts	demonym	Bay Stater
Trélex	demonym	Les Tr\u00E9l\u00E9siens
Payerne	demonym	Les Payernois
Moudon	demonym	Les Moudonnois
Moudon	demonym	Les Mange-plumes
Moudon	demonym	Les Tra\u00EEne-bailli
Treytorrens	demonym	Les Treytorranais
Villars-Burquin	demonym	Les Roitelets
Villars-le-Grand	demonym	Les Cigognes
Aire-la-Ville	demonym	A\u00E9riens
Cremin	demonym	Les Creminois
Cologny	demonym	Colognotes (French)
Coinsins	demonym	Les Coinsinnois
Lens, Switzerland	demonym	Les Lensards
Bernex, Switzerland	demonym	Bern\u00E9sien
Arab Maghreb Union	demonym	Maghrebi
Champagne, Switzerland	demonym	L\u00E8 z'Aragne
Champagne, Switzerland	demonym	Les Champagnoux
Bhutan	demonym	Bhutanese
Orvin	demonym	Orvinois
Monthey	demonym	Les Montheysans
Cottens, Vaud	demonym	L\u00E8 Cot\u00E9ru
Maracon	demonym	Les Maraconais
Maracon	demonym	L\u00E8 Bourata-caion
Crans-près-Céligny	demonym	Les Corbeaux
Oron-la-Ville	demonym	Oronais, Oronaises
Juriens	demonym	L\u00E8 Lema\u00E7on
Châtillens	demonym	Les Ch\u00E2tillannais
Châtillens	demonym	L\u00E8 Tsatra-Tsin
United States	demonym	American
Bofflens	demonym	Les Bocanis
Bofflens	demonym	L\u00E8 Z'Ozi
Trinidad and Tobago	demonym	Trinidadian, Tobagonian
Founex	demonym	Les Founachus
Malaysia	demonym	Malaysian
Bettens	demonym	Les Grands-Pantets
Bettens	demonym	Les Rufians
Bournens	demonym	Les Argans
Cuarnens	demonym	Les Cuarnenais
Cuarnens	demonym	Les Cornichons
Cuarnens	demonym	L\u00E8 Racene
Montricher	demonym	Les Mont\u00E9lets
Vufflens-la-Ville	demonym	Les Vufflanais
Vufflens-la-Ville	demonym	L\u00E8 Pa\u00EE-rodzo
Bullet, Switzerland	demonym	Les Bullatons
Bullet, Switzerland	demonym	L\u00E8 Pi-Bot
Concise	demonym	Les Concisois
Concise	demonym	Les Rebibes
Corcelles-près-Concise	demonym	Les Corcellois
Corcelles-près-Concise	demonym	Les Casse-\u00E9cuelles
Corcelles-près-Concise	demonym	Les Couennati
Fontaines-sur-Grandson	demonym	L\u00E8 z'Affam\u00E2
Fontanezier	demonym	L\u00E8 Motsett\u00EE
Mauborget	demonym	L\u00E8 Tsayou
Mauborget	demonym	Les Grillons
Mutrux	demonym	Les Chats borgnes
Novalles	demonym	L\u00E8 Tsa
Onnens	demonym	Les B\u00E2veux
Blonay	demonym	Les Blonaysans
Blonay	demonym	Les Tire-Troncs
Blonay	demonym	L\u00E8 Moutso
Chardonne	demonym	Les Chardonnerets
Chardonne	demonym	L\u00E8 Tserdignolet
Corseaux	demonym	Les Corsalins
Corseaux	demonym	L\u00E8 Corsacu
La Tour-de-Peilz	demonym	Les Bo\u00E9lands
La Tour-de-Peilz	demonym	L\u00E8 Verra
Saint-Légier-La Chiésaz	demonym	Les Saint-L\u00E9gerins
Saint-Légier-La Chiésaz	demonym	L\u00E8 Tyalo
Bussigny-sur-Oron	demonym	Les Cabris
Chesalles-sur-Oron	demonym	Les Groseilles
Carrouge	demonym	Les Carrougeois
Carrouge	demonym	Les Choupions
Corcelles-le-Jorat	demonym	Les Cor\u00E7allins
Corcelles-le-Jorat	demonym	L\u00E8 Grante-Coraille
Ecoteaux	demonym	Les Escotaliens
Ecoteaux	demonym	Les Crapauds
Essertes	demonym	Les Coucous
Ferlens	demonym	Les Ferlanais
Ferlens	demonym	L\u00E8 z'Etserpen\u00E2
Les Tavernes	demonym	L\u00E8 Djanm\u00E2
Les Thioleyres	demonym	Les Thiol\u00E9rus
Les Cullayes	demonym	Les Cullatis
Les Cullayes	demonym	L\u00E8 Rondze-Bourri
Oron-le-Châtel	demonym	Les Tournesols
Montpreveyres	demonym	Les Rossignolets
Palézieux	demonym	Les Pal\u00E9ziens
Palézieux	demonym	Les Boudins
Servion	demonym	Les Servionnais
Servion	demonym	Les Anes
Peney-le-Jorat	demonym	Les Penatzets
Peney-le-Jorat	demonym	Les Tavans
Vuibroye	demonym	Les Ch\u00E2tre-truies
Ballaigues	demonym	Les Ballaiguis
Ballaigues	demonym	Les Anes
Bretonnières	demonym	L\u00E8 Caque-lentelye
Baulmes	demonym	Les Baulm\u00E9rans
Baulmes	demonym	L\u00E8 Rebata-tsaud\u00E8re
Bavois	demonym	Les Bavoisans
Bavois	demonym	Les Agasses
Corcelles-sur-Chavornay	demonym	Les Hirondelles
La Praz	demonym	Les Pratoux
La Praz	demonym	L\u00E8 Grezale
L'Abergement	demonym	Les Loups
Les Clées	demonym	Les Bourdons
Les Clées	demonym	Les Moustiques
Lignerolle	demonym	Les Lignerollois
Lignerolle	demonym	Les B\u0153ufs
Premier, Switzerland	demonym	Les Promiolians
Premier, Switzerland	demonym	L\u00E8 Ricllia-laitia
Rances	demonym	Les Ransignolets
Valeyres-sous-Rances	demonym	Les Valeyriens
Valeyres-sous-Rances	demonym	Les Renards
Valeyres-sous-Rances	demonym	Les Hirondelles
Vallorbe	demonym	Les Vallorbiers
Vallorbe	demonym	Les Tire-Lune
Vaulion	demonym	Les Vaulienis
Vaulion	demonym	L\u00E8 Foueta-L\u00EEvra
Vuiteboeuf	demonym	Les Vuitebolards
Mézières, Vaud	demonym	Les M\u00E9zi\u00E9rois
Mézières, Vaud	demonym	Les Grands Pantets
Bursinel	demonym	Les Tire-vouables
Allaman	demonym	Les Allamanais
Allaman	demonym	L\u00E8 Bregand
Bursins	demonym	Les Bursinois
Bursins	demonym	L\u00E8 Caca-dr\u00E2tse
Bursins	demonym	L\u00E8 Medze-faye
Burtigny	demonym	Les Burtigni\u00E9rans
Burtigny	demonym	Les Matagasses
Dully	demonym	Les Perchettes
Essertines-sur-Rolle	demonym	Les Essertinois
Essertines-sur-Rolle	demonym	Les Croque-lendines
Luins	demonym	Les Luinois
Luins	demonym	L\u00E8 Pllianta-saudzon
Perroy	demonym	Les Perrolans
Perroy	demonym	L\u00E8 Bourla-satset
Mont-sur-Rolle	demonym	Les Montois
Mont-sur-Rolle	demonym	L\u00E8 Rapelyon
Vinzel	demonym	Les Vinzellois
Vinzel	demonym	Les S\u00E8che-brebis
Arnex-sur-Nyon	demonym	Les Arn\u00E9siens
Arnex-sur-Nyon	demonym	L\u00E8 Redale
Mexico	demonym	Mexican
Vernayaz	demonym	Planain
Fully	demonym	fulli\u00E9rain, fulli\u00E9raine
Bassecourt	demonym	Les Patas
Bonfol	demonym	les B\u00E2ts (les Crapauds)
Courfaivre	demonym	Mergats
Lajoux (Switzerland)	demonym	Djoulais
Grandfontaine, Switzerland	demonym	Gueillemetins
Le Noirmont	demonym	Noirmonier
Les Breuleux	demonym	Breulotiers (\u00E8res)
Vicques, Switzerland	demonym	Vicquois
Australia	demonym	Australian, Aussie
Victoria (Australia)	demonym	Victorian
New Zealand	demonym	New Zealander,
New Zealand	demonym	Kiwi (colloquial)
Cuba	demonym	Cuban
Canada	demonym	Canadian
Sweden	demonym	Swedish or Swedes
Africa	demonym	African
France	demonym	French
Büsserach	demonym	B\u00FCsseracher
Vilters-Wangs	demonym	Viltelser, Wangser
Syria	demonym	Syrian
Kuwait	demonym	Kuwaiti
Iraq	demonym	Iraqi
Jordan	demonym	Jordanian
Falkland Islands	demonym	Falkland Islander
Gibraltar	demonym	Gibraltarian
Cascadia (independence movement)	demonym	Cascadian
Egypt	demonym	Egyptian
New York	demonym	New Yorker
Qatar	demonym	Qatari
Bellerive, Switzerland	demonym	L\u00E8 Renaille
Israel	demonym	Israeli
African Union	demonym	African
Armenia	demonym	Armenian
Sergey, Switzerland	demonym	Les Ours
Turkey	demonym	Turkish
Dominica	demonym	Dominican
Washington (state)	demonym	Washingtonian
Darfur Regional Authority	demonym	Darfuri
St. Peter-Pagig	demonym	Pagig, St. Peter
Cricket Samoa	demonym	Samoan
Mississippi	demonym	Mississippian
Djibouti	demonym	Djiboutian
Guatemala	demonym	Guatemalan
Eritrea	demonym	Eritrean
Faroe Islands	demonym	Faroese
Grenada	demonym	Grenadian
Guyana	demonym	Guyanese
South Africa	demonym	South African
Torres Strait Regional Authority	demonym	Torres Strait Islander
Mauritania	demonym	Mauritanian
Florida	demonym	Floridian
Bahrain	demonym	Bahraini
Abkhazia	demonym	Abkhaz, Abkhazian
Argentina	demonym	Argentine, Argentinian, Argentinean
Cape Verde	demonym	Cape Verdean
East Timor	demonym	East Timorese
Republic of the Congo	demonym	Congolese
Riaz	demonym	Riazois
Cabeça do Cachorro	demonym	Amazonense (individual from Amazonas state);
Cabeça do Cachorro	demonym	Brasileiro (Brazilian)
São Tomé and Príncipe	demonym	Santomean
American Samoa	demonym	American Samoan
Australia (continent)	demonym	Australian
Indian subcontinent	demonym	Subcontinental
Kievan Rus'	demonym	Rusyn or rusych
Burundi	demonym	Burundian
Arizona	demonym	Arizonan, Arizonian
Indiana	demonym	Hoosier
Nation.1	demonym	Child
Republic of Macedonia	demonym	Macedonian
Åland Islands	demonym	\u00C5l\u00E4nning/\u00C5l\u00E4ndare (swedish), \u00C5landish
Zamboanga City	demonym	Zamboangue\u00F1o
Iowa	demonym	Iowan
Oregon	demonym	Oregonian
Austria	demonym	Austrian
Riva (Belgariad and Malloreon)	demonym	Rivan
Drasnia (Belgariad and Malloreon)	demonym	Drasnian
Sendaria (Belgariad)	demonym	Sendar
Estonia	demonym	Estonian
Cherek (Belgariad)	demonym	Cherek
Kingdom of Tahiti	demonym	Tahitian
National Transitional Council	demonym	Libyan
Emirates eGovernment	demonym	Emirati
South Sudan	demonym	South Sudanese
