KING & SPALDING	FIRMNAME	KING & SPALDING LLP
SKADDEN, ARPS, SLATE, MEAGHER & FLOM	FIRMNAME	SKADDEN, ARPS, SLATE, MEAGHER & FLOM LLP AND AFFILIATES
O'MELVENY & MYERS	FIRMNAME	O’MELVENY & MYERS LLP
SHEARMAN & STERLING	FIRMNAME	SHEARMAN & STERLING LLP
BAKER & MCKENZIE	FIRMNAME	BAKER & MCKENZIE
VINSON & ELKINS	FIRMNAME	VINSON & ELKINS LLP
MORRISON & FOERSTER	FIRMNAME	MORRISON & FOERSTER
SULLIVAN & CROMWELL	FIRMNAME	SULLIVAN & CROMWELL LLP
SIMPSON THACHER & BARTLETT	FIRMNAME	SIMPSON THACHER & BARTLETT LLP
CLIFFORD CHANCE	FIRMNAME	CLIFFORD CHANCE LLP
DLA PIPER	FIRMNAME	DLA PIPER
ROSE LAW FIRM	FIRMNAME	ROSE LAW FIRM
FASKEN MARTINEAU	FIRMNAME	FASKEN MARTINEAU DUMOULIN
WHITE & CASE	FIRMNAME	WHITE & CASE
MANDELA AND TAMBO	FIRMNAME	MANDELA AND TAMBO
NORTON ROSE FULBRIGHT	FIRMNAME	NORTON ROSE FULBRIGHT
PAUL, WEISS, RIFKIND, WHARTON & GARRISON	FIRMNAME	PAUL, WEISS, RIFKIND, WHARTON & GARRISON LLP
SHERMAN & HOWARD	FIRMNAME	SHERMAN & HOWARD L.L.C.
ORRICK, HERRINGTON & SUTCLIFFE	FIRMNAME	ORRICK, HERRINGTON & SUTCLIFFE LLP
SQUIRE PATTON BOGGS	FIRMNAME	SQUIRE PATTON BOGGS
KIRKLAND & ELLIS	FIRMNAME	KIRKLAND & ELLIS LLP
GOODMANS	FIRMNAME	GOODMANS LLP
PROSKAUER ROSE	FIRMNAME	PROSKAUER ROSE LLP
K&L GATES	FIRMNAME	K&L GATES
LOCKE LORD	FIRMNAME	LOCKE LORD LLP
PEPPER HAMILTON	FIRMNAME	PEPPER HAMILTON LLP
STIKEMAN ELLIOTT	FIRMNAME	STIKEMAN ELLIOTT LLP
MINTERELLISON	FIRMNAME	MINTERELLISON
NIXON PEABODY	FIRMNAME	NIXON PEABODY LLP
SIDLEY AUSTIN	FIRMNAME	SIDLEY AUSTIN LLP
KAYE SCHOLER	FIRMNAME	KAYE SCHOLER
ROPES & GRAY	FIRMNAME	ROPES & GRAY
KRAMER LEVIN NAFTALIS & FRANKEL	FIRMNAME	KRAMER LEVIN NAFTALIS & FRANKEL
MILLER & MARTIN	FIRMNAME	MILLER & MARTIN PLLC
HARRIS BEACH	FIRMNAME	HARRIS BEACH PLLC
WILMER CUTLER PICKERING HALE AND DORR	FIRMNAME	WILMER CUTLER PICKERING HALE AND DORR LLP
KELLEY DRYE & WARREN	FIRMNAME	KELLEY DRYE & WARREN
MAURICE BLACKBURN	FIRMNAME	MAURICE BLACKBURN
BELL GULLY	FIRMNAME	BELL GULLY
SIVE, PAGET & RIESEL	FIRMNAME	SIVE, PAGET & RIESEL P.C.
HASSANS	FIRMNAME	HASSANS INTERNATIONAL LAW FIRM
WILEY REIN	FIRMNAME	WILEY REIN
MORGAN, LEWIS & BOCKIUS	FIRMNAME	MORGAN, LEWIS & BOCKIUS LLP
DAC BEACHCROFT	FIRMNAME	DAC BEACHCROFT LLP
LIEFF CABRASER HEIMANN & BERNSTEIN	FIRMNAME	LIEFF CABRASER HEIMANN & BERNSTEIN
WINSTON & STRAWN	FIRMNAME	WINSTON & STRAWN LLP
PILLSBURY WINTHROP SHAW PITTMAN	FIRMNAME	PILLSBURY WINTHROP SHAW PITTMAN LLP
WILLIAMS & CONNOLLY	FIRMNAME	WILLIAMS & CONNOLLY
THACHER PROFFITT & WOOD	FIRMNAME	THACHER PROFFITT & WOOD
WOMBLE CARLYLE SANDRIDGE & RICE	FIRMNAME	WOMBLE CARLYLE SANDRIDGE & RICE, LLP
LOWENSTEIN SANDLER	FIRMNAME	LOWENSTEIN SANDLER LLP
PAUL HASTINGS	FIRMNAME	PAUL HASTINGS LLP
MUNGER, TOLLES & OLSON	FIRMNAME	MUNGER, TOLLES & OLSON LLP
TAFT STETTINIUS & HOLLISTER	FIRMNAME	TAFT STETTINIUS & HOLLISTER LLP
WILLKIE FARR & GALLAGHER	FIRMNAME	WILLKIE FARR & GALLAGHER LLP
MINTZ, LEVIN, COHN, FERRIS, GLOVSKY, AND POPEO	FIRMNAME	MINTZ, LEVIN, COHN, FERRIS, GLOVSKY AND POPEO, PC
KENYON & KENYON	FIRMNAME	KENYON & KENYON LLP
NUTTER MCCLENNEN & FISH	FIRMNAME	NUTTER MCCLENNEN & FISH
WILLIAMS MULLEN	FIRMNAME	WILLIAMS MULLEN P.C.
BERWIN LEIGHTON PAISNER	FIRMNAME	BERWIN LEIGHTON PAISNER LLP
SAUL EWING	FIRMNAME	SAUL EWING LLP
MOTLEY RICE	FIRMNAME	MOTLEY RICE LLC
MILBANK, TWEED, HADLEY & MCCLOY	FIRMNAME	MILBANK, TWEED, HADLEY & MCCLOY LLP
TROWERS & HAMLINS	FIRMNAME	TROWERS & HAMLINS
DENTONS	FIRMNAME	DENTONS
CHAPMAN TRIPP	FIRMNAME	CHAPMAN TRIPP
MCDERMOTT WILL & EMERY	FIRMNAME	MCDERMOTT WILL & EMERY
MITCHELLS ROBERTON	FIRMNAME	MITCHELLS ROBERTON
PERKINS COIE	FIRMNAME	PERKINS COIE
THELEN LLP	FIRMNAME	THELEN LLP
LOYENS & LOEFF	FIRMNAME	LOYENS & LOEFF
SHEA & GOULD	FIRMNAME	SHEA & GOULD
SALANS	FIRMNAME	SALANS LLP
SCHWABE, WILLIAMSON & WYATT	FIRMNAME	SCHWABE, WILLIAMSON & WYATT
MCGUIREWOODS	FIRMNAME	MCGUIREWOODS LLP
MCCARTER & ENGLISH	FIRMNAME	MCCARTER & ENGLISH
MCANDREWS, HELD & MALLOY	FIRMNAME	MCANDREWS, HELD & MALLOY
LITTLER MENDELSON	FIRMNAME	LITTLER MENDELSON, P.C.
MAYER BROWN	FIRMNAME	MAYER BROWN
NAGASHIMA OHNO & TSUNEMATSU	FIRMNAME	NAGASHIMA OHNO & TSUNEMATSU
NISHIMURA & ASAHI	FIRMNAME	NISHIMURA & ASAHI
NISHIMURA & ASAHI	FIRMNAME	西村あさひ法律事務所
LANE POWELL	FIRMNAME	LANE POWELL PC
SONNENSCHEIN NATH & ROSENTHAL	FIRMNAME	SONNENSCHEIN NATH & ROSENTHAL LLP
REED SMITH	FIRMNAME	REED SMITH LLP
SUTHERLAND ASBILL & BRENNAN	FIRMNAME	SUTHERLAND ASBILL & BRENNAN LLP
PATTERSON BELKNAP WEBB & TYLER	FIRMNAME	PATTERSON BELKNAP WEBB & TYLER LLP
TLT LLP	FIRMNAME	TLT LLP
FIDAL	FIRMNAME	FIDAL
SCHULTE ROTH & ZABEL	FIRMNAME	SCHULTE ROTH & ZABEL, LLP
SJ BERWIN	FIRMNAME	SJ BERWIN LLP
SEYFARTH SHAW	FIRMNAME	SEYFARTH SHAW LLP
JUN HE LAW OFFICES	FIRMNAME	JUN HE LAW OFFICES
JUN HE LAW OFFICES	FIRMNAME	君合律师事务所
TROUTMAN SANDERS	FIRMNAME	TROUTMAN SANDERS LLP
SIMPSON GRIERSON	FIRMNAME	SIMPSON GRIERSON
LAWRENCE GRAHAM	FIRMNAME	LAWRENCE GRAHAM LLP
STEPTOE & JOHNSON	FIRMNAME	STEPTOE & JOHNSON LLP
HAARMANN HEMMELRATH	FIRMNAME	HAARMANN HEMMELRATH
WATSON FARLEY & WILLIAMS	FIRMNAME	WATSON FARLEY & WILLIAMS LLP
ROGERS & WELLS	FIRMNAME	ROGERS & WELLS
TESTA, HURWITZ & THIBEAULT	FIRMNAME	TESTA, HURWITZ & THIBEAULT
MANATT, PHELPS & PHILLIPS	FIRMNAME	MANATT, PHELPS & PHILLIPS, LLP
STIBBE	FIRMNAME	STIBBE
MCGLINCHEY STAFFORD	FIRMNAME	MCGLINCHEY STAFFORD
SCHIFF HARDIN	FIRMNAME	SCHIFF HARDIN LLP
ROBINS KAPLAN LLP	FIRMNAME	ROBINS KAPLAN LLP
RIKER, DANZIG, SCHERER, HYLAND & PERRETTI	FIRMNAME	RIKER DANZIG SCHERER HYLAND & PERRETTI LLP
MILLER, CANFIELD, PADDOCK & STONE	FIRMNAME	MILLER, CANFIELD, PADDOCK AND STONE
TILLINGHAST LICHT	FIRMNAME	TILLINGHAST LICHT
SCHNADER HARRISON SEGAL & LEWIS	FIRMNAME	SCHNADER HARRISON SEGAL & LEWIS LLP
SHAGIN LAW GROUP	FIRMNAME	SHAGIN LAW GROUP
MCKENNA LONG & ALDRIDGE	FIRMNAME	MCKENNA LONG AND ALDRIDGE LLP
SHOOK, HARDY & BACON	FIRMNAME	SHOOK, HARDY & BACON, L.L.P.
WOLFBLOCK	FIRMNAME	WOLFBLOCK LLP
KUTAK ROCK	FIRMNAME	KUTAK ROCK LLP
QUARLES & BRADY	FIRMNAME	QUARLES & BRADY LLP
NOSSAMAN	FIRMNAME	NOSSAMAN LLP
SNELL & WILMER	FIRMNAME	SNELL & WILMER
SILLS CUMMIS & GROSS	FIRMNAME	SILLS CUMMIS & GROSS P.C.
WALTER, CONSTON, ALEXANDER & GREEN	FIRMNAME	WALTER, CONSTON, ALEXANDER & GREEN
STOEL RIVES	FIRMNAME	STOEL RIVES LLP
BAKER, DONELSON, BEARMAN, CALDWELL & BERKOWITZ	FIRMNAME	BAKER, DONELSON, BEARMAN, CALDWELL & BERKOWITZ P.C.
TILLEKE & GIBBINS	FIRMNAME	TILLEKE & GIBBINS
NELSON MULLINS RILEY & SCARBOROUGH	FIRMNAME	NELSON MULLINS RILEY & SCARBOROUGH LLP
WILLIAMS KASTNER	FIRMNAME	WILLIAMS KASTNER
TAYLOR WESSING	FIRMNAME	TAYLOR WESSING
VORYS, SATER, SEYMOUR AND PEASE	FIRMNAME	VORYS, SATER, SEYMOUR AND PEASE LLP
GILBERT + TOBIN	FIRMNAME	GILBERT + TOBIN
LYON & LYON	FIRMNAME	LYON & LYON LLP
THOMPSON COBURN	FIRMNAME	THOMPSON COBURN LLP
KEATING MUETHING & KLEKAMP	FIRMNAME	KEATING MUETHING & KLEKAMP
LEWIS ROCA ROTHGERBER CHRISTIE	FIRMNAME	LEWIS ROCA ROTHGERBER CHRISTIE
LEWIS BRISBOIS BISGAARD & SMITH	FIRMNAME	LEWIS BRISBOIS BISGAARD & SMITH LLP
WEBBER WENTZEL	FIRMNAME	WEBBER WENTZEL
WERKSMANS	FIRMNAME	WERKSMANS ATTORNEYS
THE SAM BERNSTEIN LAW FIRM	FIRMNAME	THE SAM BERNSTEIN LAW FIRM
WILSON ELSER MOSKOWITZ EDELMAN & DICKER	FIRMNAME	WILSON ELSER
OPPENHOFF & PARTNER	FIRMNAME	OPPENHOFF & PARTNER
FRAGOMEN, DEL REY, BERNSEN & LOEWY	FIRMNAME	FRAGOMEN, DEL REY, BERNSEN & LOEWY, LLP
LUCE, FORWARD, HAMILTON & SCRIPPS	FIRMNAME	LUCE, FORWARD, HAMILTON & SCRIPPS
MAGISTERS	FIRMNAME	MAGISTERS
ANDREWS KURTH	FIRMNAME	ANDREWS KURTH KENYON LLP
WILENTZ, GOLDMAN & SPITZER	FIRMNAME	WILENTZ, GOLDMAN & SPITZER
REYNOLDS PORTER CHAMBERLAIN	FIRMNAME	RPC - ALSO KNOWN AS REYNOLDS PORTER CHAMBERLAIN
MARKS & CLERK	FIRMNAME	MARKS & CLERK
NABARRO LLP	FIRMNAME	NABARRO LLP
DICKINSON DEES	FIRMNAME	DICKINSON DEES
SELMAN MUNSON & LERNER	FIRMNAME	SELMAN MUNSON & LERNER, P.C.
WINSTEAD PC	FIRMNAME	WINSTEAD PC
WADIA GHANDY & COMPANY	FIRMNAME	WADIA GHANDY & COMPANY
STERNE, KESSLER, GOLDSTEIN & FOX	FIRMNAME	STERNE, KESSLER, GOLDSTEIN & FOX PLLC
SENNIGER POWERS	FIRMNAME	SENNIGER POWERS, LLP
BODMAN PLC	FIRMNAME	BODMAN PLC
ACS:LAW	FIRMNAME	ACS:LAW
WRAGGE & CO	FIRMNAME	WRAGGE & CO LLP
DEIGHTON PIERCE GLYNN	FIRMNAME	DEIGHTON PIERCE GLYNN
THOMPSON DORFMAN SWEATMAN	FIRMNAME	THOMPSON DORFMAN SWEATMAN LLP
STEPHENSON HARWOOD	FIRMNAME	STEPHENSON HARWOOD LLP
TBI SOLICITORS	FIRMNAME	TILLY, BAILEY & IRVINE SOLICITORS
STRADLING YOCCA CARLSON & RAUTH	FIRMNAME	STRADLING YOCCA CARLSON & RAUTH,
STRADLING YOCCA CARLSON & RAUTH	FIRMNAME	A PROFESSIONAL CORPORATION
AXLEY BRYNELSON, LLP	FIRMNAME	AXLEY BRYNELSON, LLP
YULCHON	FIRMNAME	YULCHON LLC
MOURANT OZANNES	FIRMNAME	MOURANT OZANNES
OH-EBASHI LPC & PARTNERS	FIRMNAME	弁護士法人大江橋法律事務所
OH-EBASHI LPC & PARTNERS	FIRMNAME	OH-EBASHI LPC & PARTNERS
HOUTHOFF BURUMA	FIRMNAME	HOUTHOFF BURUMA
SCHOENHERR	FIRMNAME	SCHOENHERR ATTORNEYS AT LAW
BORENIUS	FIRMNAME	BORENIUS
SNR DENTON	FIRMNAME	SNR DENTON
KIM & CHANG	FIRMNAME	KIM & CHANG
MACFARLANES	FIRMNAME	MACFARLANES LLP
BLM	FIRMNAME	BLM LLP
FOSTER SWIFT COLLINS & SMITH	FIRMNAME	FOSTER, SWIFT, COLLINS & SMITH, P.C.
KILPATRICK TOWNSEND & STOCKTON	FIRMNAME	KILPATRICK TOWNSEND & STOCKTON
SMART & BIGGAR	FIRMNAME	SMART & BIGGAR/FETHERSTONHAUGH
GOLDBERG WEISMAN CAIRO	FIRMNAME	GOLDBERG WEISMAN CAIRO
BANCROFT PLLC	FIRMNAME	BANCROFT PLLC
ROLLITS LLP	FIRMNAME	ROLLITS LLP
OLSENDAINES	FIRMNAME	OLSENDAINES
COOLEY LLP	FIRMNAME	COOLEY LLP
JACKSON LEWIS	FIRMNAME	JACKSON LEWIS P.C.
MASUDA FUNAI	FIRMNAME	MASUDA FUNAI
SILICON VALLEY LAW GROUP	FIRMNAME	SILICON VALLEY LAW GROUP
GINN & CO SOLICITORS	FIRMNAME	GINN & CO SOLICITORS
39 ESSEX STREET	FIRMNAME	39
BUDDLE FINDLAY	FIRMNAME	BUDDLE FINDLAY
DOW LOHNES	FIRMNAME	DOW LOHNES
GABY HARDWICKE SOLICITORS	FIRMNAME	GABY HARDWICKE SOLICITORS
KING & WOOD MALLESONS	FIRMNAME	KING & WOOD MALLESONS
FARRER & CO	FIRMNAME	FARRER & CO LLP
DICKIE, MCCAMEY & CHILCOTE	FIRMNAME	DICKIE, MCCAMEY & CHILCOTE
HINSHAW & CULBERTSON LLP	FIRMNAME	HINSHAW & CULBERTSON LLP
ANDREAS NEOCLEOUS & CO	FIRMNAME	ANDREAS NEOCLEOUS & CO
CHAMBERLAIN HRDLICKA	FIRMNAME	CHAMBERLAIN HRDLICKA WHITE WILLIAMS & AUGHTRY
KASOWITZ, BENSON, TORRES & FRIEDMAN	FIRMNAME	KASOWITZ, BENSON, TORRES & FRIEDMAN
CROWE & DUNLEVY	FIRMNAME	CROWE & DUNLEVY
PRITCHARD ENGLEFIELD	FIRMNAME	PRITCHARD ENGLEFIELD
DEWITT ROSS & STEVENS S.C.	FIRMNAME	DEWITT ROSS & STEVENS S.C.
HERBERT SMITH FREEHILLS	FIRMNAME	HERBERT SMITH FREEHILLS
KROGERUS	FIRMNAME	KROGERUS
BOND, SCHOENECK & KING	FIRMNAME	BOND, SCHOENECK & KING, PLLC
KATTEN MUCHIN ROSENMAN	FIRMNAME	KATTENMUCHINROSENMAN LLP
SEGAL MCCAMBRIDGE SINGER & MAHONEY	FIRMNAME	SEGAL MCCAMBRIDGE SINGER & MAHONEY
SUSMAN GODFREY	FIRMNAME	SUSMAN GODFREY L.L.P.
HAN KUN LAW OFFICES	FIRMNAME	HAN KUN LAW OFFICES
HAN KUN LAW OFFICES	FIRMNAME	汉坤律师事务所
JOHN FOY AND ASSOCIATES, PC	FIRMNAME	JOHN FOY AND ASSOCIATES, PC
ISFIN	FIRMNAME	ISFIN
COHEN & GRESSER	FIRMNAME	COHEN & GRESSER LLP
CORDELL & CORDELL	FIRMNAME	CORDELL & CORDELL
HANSON BRIDGETT	FIRMNAME	HANSON BRIDGETT
ADELSON, TESTAN, BRUNDO & JIMENEZ	FIRMNAME	ADELSON, TESTAN, BRUNDO, NOVELL & JIMENEZ
CITY-YUWA PARTNERS	FIRMNAME	CITY-YUWA PARTNERS
CITY-YUWA PARTNERS	FIRMNAME	シティユーワ法律事務所
ATSUMI & SAKAI	FIRMNAME	ATSUMI & SAKAI
ATSUMI & SAKAI	FIRMNAME	渥美坂井法律事務所
SUGIMURA INTERNATIONAL PATENT AND TRADEMARK ATTORNEYS	FIRMNAME	SUGIMURA INTERNATIONAL PATENT AND TRADEMARK ATTORNEYS
EGOROV PUGINSKY AFANASIEV & PARTNERS	FIRMNAME	EGOROV PUGINSKY AFANASIEV & PARTNERS
HORWITZ HORWITZ & ASSOCIATES	FIRMNAME	HORWITZ, HORWITZ & ASSOCIATES
ATER WYNNE	FIRMNAME	ATER WYNNE LLP
FRASER TREBILCOCK	FIRMNAME	FRASER TREBILCOCK
KSMO	FIRMNAME	KSMO ADVOCATES
KATENDE SSEMPEBWA	FIRMNAME	KATENDE SSEMPEBWA
KARUHANGA TABARO & ASSOCIATES	FIRMNAME	KARUHANGA TABARO & ASSOCIATES
MILLS OAKLEY	FIRMNAME	MILLS OAKLEY
MILLS & REEVE LLP	FIRMNAME	MILLS & REEVE LLP
SEBALU & LULE	FIRMNAME	SEBALU & LULE
VICENTE SEDERBERG, LLC	FIRMNAME	VICENTE SEDERBERG LLC
KARR TUTTLE CAMPBELL	FIRMNAME	KARR TUTTLE CAMPBELL
KATEERA & KAGUMIRE	FIRMNAME	KATEERA & KAGUMIRE
KASIRYE BYARUHANGA	FIRMNAME	KASIRYE BYARUHANGA
BUCKLEYSANDLER	FIRMNAME	BUCKLEYSANDLER LLP
WRAGGE LAWRENCE GRAHAM & CO	FIRMNAME	WRAGGE LAWRENCE
WRAGGE LAWRENCE GRAHAM & CO	FIRMNAME	GRAHAM & CO LLP
BARK&CO SOLICITORS	FIRMNAME	BARK&CO
ASONS	FIRMNAME	ASONS
VAN NESS FELDMAN	FIRMNAME	VAN NESS FELDMAN LLP
BRISKMAN BRISKMAN & GREENBERG	FIRMNAME	BRISKMAN BRISKMAN & GREENBERG
KENNEDYS LAW	FIRMNAME	KENNEDYS LAW LLP
GOLDBERG SEGALLA	FIRMNAME	GOLDBERG SEGALLA
THOMSON GEER	FIRMNAME	THOMSON GEER
GLEISS LUTZ	FIRMNAME	GLEISS LUTZ
GOWLING WLG	FIRMNAME	GOWLING WLG
MURGITROYD	FIRMNAME	MURGITROYD
JOHNSON & BELL LTD	FIRMNAME	JOHNSON & BELL LTD
