CARIBE HILTON HOTEL	HOTELNAME	CARIBE HILTON
HEDONISM RESORTS	HOTELNAME	HEDONISM II
HEDONISM RESORTS	HOTELNAME	HEDONISM III
SAVOY HOTEL	HOTELNAME	THE SAVOY, A FAIRMONT HOTEL
HOTEL VANCOUVER	HOTELNAME	HOTEL VANCOUVER
HOTEL SAN CARLOS	HOTELNAME	HOTEL SAN CARLOS
ARIZONA BILTMORE HOTEL	HOTELNAME	ARIZONA BILTMORE HOTEL
CHâTEAU LAURIER	HOTELNAME	FAIRMONT CHâTEAU LAURIER
WALDORF ASTORIA NEW YORK	HOTELNAME	WALDORF ASTORIA NEW YORK
ATLANTA MARRIOTT MARQUIS	HOTELNAME	ATLANTA MARRIOTT MARQUIS
LOWRY HOTEL	HOTELNAME	THE LOWRY HOTEL
THE FAIRMONT COPLEY PLAZA HOTEL	HOTELNAME	THE FAIRMONT COPLEY PLAZA
LONDON HILTON ON PARK LANE	HOTELNAME	LONDON HILTON ON PARK LANE
THE PENINSULA HONG KONG	HOTELNAME	THE PENINSULA HONG KONG
CHATEAU LAKE LOUISE	HOTELNAME	CHATEAU LAKE LOUISE
AMBASSADOR HOTEL	HOTELNAME	AMBASSADOR HOTEL
ROYAL HAWAIIAN HOTEL	HOTELNAME	THE ROYAL HAWAIIAN
SHERATON PRINCESS KAIULANI HOTEL	HOTELNAME	SHERATON PRINCESS KAIULANI HOTEL
MADONNA INN	HOTELNAME	MADONNA INN
BAGHDAD HOTEL	HOTELNAME	BAGHDAD HOTEL
HILTON HAWAIIAN VILLAGE	HOTELNAME	HILTON HAWAIIAN VILLAGE
SHERATON WAIKIKI HOTEL	HOTELNAME	SHERATON WAIKIKI
CONGRESS HALL	HOTELNAME	CONGRESS HALL
RAFFLES HOTEL	HOTELNAME	RAFFLES HOTEL
BOCA RATON RESORT	HOTELNAME	BOCA RATON RESORT & CLUB
FAIRMONT SAN JOSE	HOTELNAME	THE FAIRMONT SAN JOSE
JAMAICA INN	HOTELNAME	JAMAICA INN
HILTON ANAHEIM	HOTELNAME	HILTON ANAHEIM
WREST POINT HOTEL CASINO	HOTELNAME	WREST POINT HOTEL CASINO
MAYFLOWER HOTEL	HOTELNAME	THE MAYFLOWER HOTEL
RENAISSANCE CENTER	HOTELNAME	DETROIT MARRIOTT AT THE RENAISSANCE CENTER
HOTEL CANBERRA	HOTELNAME	HOTEL CANBERRA
WESTIN BONAVENTURE HOTEL	HOTELNAME	WESTIN BONAVENTURE HOTEL
FAIRMONT ROYAL YORK	HOTELNAME	THE FAIRMONT ROYAL YORK
QUEEN ELIZABETH HOTEL	HOTELNAME	FAIRMONT THE QUEEN ELIZABETH
GLENEAGLES HOTEL	HOTELNAME	GLENEAGLES HOTEL
HOTEL DEL CORONADO	HOTELNAME	HOTEL DEL CORONADO
LUTON HOO	HOTELNAME	LUTON HOO HOTEL, GOLF AND SPA
CLARIDGE'S	HOTELNAME	CLARIDGE'S LONDON
GROSVENOR HOUSE HOTEL	HOTELNAME	GROSVENOR HOUSE, A JW MARRIOTT HOTEL
GRAND HYATT DUBAI	HOTELNAME	GRAND HYATT DUBAI
LANGHAM HOTEL, LONDON	HOTELNAME	LANGHAM HOTEL
CELTIC MANOR RESORT	HOTELNAME	CELTIC MANOR RESORT
AMANPULO	HOTELNAME	AMANPULO
HôTEL DES MILLE COLLINES	HOTELNAME	HôTEL DES MILLE COLLINES
HOTEL MACDONALD	HOTELNAME	THE FAIRMONT HOTEL MACDONALD
HOTEL SEVILLA	HOTELNAME	HOTEL MERCURE SEVILLA HAVANE
MILLENNIUM BILTMORE HOTEL	HOTELNAME	BILTMORE HOTEL
PARROT CAY	HOTELNAME	COMO PARROT CAY
PEACE HOTEL	HOTELNAME	FAIRMONT PEACE HOTEL
PEACE HOTEL	HOTELNAME	上海和平饭店
NEW YORK MARRIOTT MARQUIS	HOTELNAME	NEW YORK MARRIOTT MARQUIS
SWISSôTEL THE STAMFORD	HOTELNAME	SWISSôTEL THE STAMFORD
DON CESAR	HOTELNAME	LOEWS DON CESAR HOTEL
THE WALDORF HILTON, LONDON	HOTELNAME	THE WALDORF HILTON, LONDON
FAIRMONT PALLISER HOTEL	HOTELNAME	FAIRMONT PALLISER
GAYLORD OPRYLAND RESORT & CONVENTION CENTER	HOTELNAME	GAYLORD OPRYLAND RESORT & CONVENTION CENTER
HYATT REGENCY ALBUQUERQUE	HOTELNAME	HYATT REGENCY ALBUQUERQUE
GAYLORD PALMS RESORT & CONVENTION CENTER	HOTELNAME	GAYLORD PALMS RESORT & CONVENTION CENTER
THE EMPRESS HOTEL	HOTELNAME	THE EMPRESS HOTEL
GALT HOUSE	HOTELNAME	GALT HOUSE
THE ALGONQUIN RESORT ST. ANDREWS BY-THE-SEA	HOTELNAME	THE ALGONQUIN RESORT
BARCLAY HOTEL	HOTELNAME	BARCLAY HOTEL - BARCLAY CONDOMINIUMS
PALAZZO VERSACE AUSTRALIA	HOTELNAME	PALAZZO VERSACE
THE EMPRESS	HOTELNAME	THE FAIRMONT EMPRESS HOTEL
DAMENLOU HOTEL	HOTELNAME	DAMENLOU HOTEL
HAMILTON PRINCESS & BEACH CLUB	HOTELNAME	HAMILTON PRINCESS & BEACH CLUB
BALMORAL HOTEL	HOTELNAME	THE BALMORAL
NICKELODEON SUITES RESORT ORLANDO	HOTELNAME	NICKELODEON SUITES RESORT
HOTEL IMPERIAL	HOTELNAME	HOTEL IMPERIAL
GRAND HOTEL, VIENNA	HOTELNAME	GRAND HOTEL WIEN
HOTEL SACHER	HOTELNAME	HOTEL SACHER
HôTEL LUTETIA	HOTELNAME	HôTEL LUTETIA
HOTEL METROPOLE, VIENNA	HOTELNAME	HOTEL METROPOLE
MANDARIN ORIENTAL, BANGKOK	HOTELNAME	MANDARIN ORIENTAL, BANGKOK
LLAO LLAO HOTEL	HOTELNAME	LLAO LLAO
ST JAMES'S HOTEL AND CLUB	HOTELNAME	ST JAMES'S HOTEL AND CLUB
CLAREMONT HOTEL & SPA	HOTELNAME	CLAREMONT CLUB & SPA, A FAIRMONT HOTEL
BOSTON PARK PLAZA HOTEL & TOWERS	HOTELNAME	BOSTON PARK PLAZA
PARK HOTEL SHANGHAI	HOTELNAME	PARK HOTEL
PARK HOTEL SHANGHAI	HOTELNAME	国际饭店
MARINA MANDARIN SINGAPORE	HOTELNAME	MARINA MANDARIN SINGAPORE
MARINA MANDARIN SINGAPORE	HOTELNAME	新加坡滨华大酒店
THE OMNI KING EDWARD HOTEL	HOTELNAME	THE OMNI KING EDWARD HOTEL
PALESTINE HOTEL	HOTELNAME	PALESTINE HOTEL
CRISTAL GRAND ISHTAR HOTEL	HOTELNAME	CRISTAL GRAND ISHTAR HOTEL
MANDARIN ORIENTAL, HONG KONG	HOTELNAME	MANDARIN ORIENTAL
HOTEL ADLON	HOTELNAME	HOTEL ADLON
FORT GARRY HOTEL	HOTELNAME	FORT GARRY HOTEL
DELTA BESSBOROUGH	HOTELNAME	THE DELTA BESSBOROUGH
JASPER PARK LODGE	HOTELNAME	JASPER PARK LODGE
HOTEL CHARLOTTETOWN	HOTELNAME	RODD CHARLOTTETOWN
MARRIOTT ON THE FALLS HOTEL	HOTELNAME	NIAGARA FALLS MARRIOTT ON THE FALLS
ASTOR HOUSE HOTEL	HOTELNAME	ASTOR HOUSE HOTEL
ASTOR HOUSE HOTEL	HOTELNAME	PUJIANG HOTEL
THE BEVERLY HILLS HOTEL	HOTELNAME	THE BEVERLY HILLS HOTEL
MANDARIN ORIENTAL, SINGAPORE	HOTELNAME	MANDARIN ORIENTAL, SINGAPORE
CONRAD CENTENNIAL SINGAPORE	HOTELNAME	CONRAD CENTENNIAL SINGAPORE
HOTEL BURNHAM	HOTELNAME	HOTEL BURNHAM
995 FIFTH AVENUE	HOTELNAME	995
TOWER HOTEL, LONDON	HOTELNAME	THE TOWER HOTEL, LONDON
FOUR SEASONS HOTEL HONG KONG	HOTELNAME	FOUR SEASONS HOTEL
HAY–ADAMS HOTEL	HOTELNAME	THE HAY-ADAMS
SANDY LANE	HOTELNAME	SANDY LANE HOTEL
GRAND HOTEL	HOTELNAME	GRAND HOTEL
GRAND HOTEL	HOTELNAME	圓山大飯店
PENALLY ABBEY	HOTELNAME	PENALLY ABBEY
HOTEL TRYP HABANA LIBRE	HOTELNAME	HOTEL TRYP HABANA LIBRE
OMNI PARKER HOUSE	HOTELNAME	OMNI PARKER HOUSE HOTEL
HOTEL PETERSBERG	HOTELNAME	STEIGENBERGER
HOTEL PETERSBERG	HOTELNAME	GRANDHOTEL PETERSBERG
JEFFERSON HOTEL	HOTELNAME	JEFFERSON HOTEL
CHâTEAU MONTEBELLO	HOTELNAME	FAIRMONT LE CHâTEAU MONTEBELLO
DELANO LAS VEGAS	HOTELNAME	DELANO LAS VEGAS
GRANDHOTEL PUPP	HOTELNAME	GRANDHOTEL PUPP
RADISSON BLU ROYAL HOTEL, COPENHAGEN	HOTELNAME	RADISSON BLU ROYAL HOTEL
HOTEL SASKATCHEWAN	HOTELNAME	HOTEL SASKATCHEWAN
HOTEL WINDSOR	HOTELNAME	HOTEL WINDSOR
FOUR SEASONS HOTEL MOSCOW	HOTELNAME	FOUR SEASONS HOTEL MOSCOW
SHERATON MEXICO CITY MARIA ISABEL HOTEL	HOTELNAME	SHERATON MEXICO CITY MARIA ISABEL HOTEL
THE SIGNATURE AT MGM GRAND	HOTELNAME	THE SIGNATURE AT MGM GRAND
HILTON ORLANDO RESORT	HOTELNAME	HILTON ORLANDO
GOODWOOD PARK HOTEL	HOTELNAME	GOODWOOD PARK HOTEL
GOODWOOD PARK HOTEL	HOTELNAME	良木园酒店
BELMOND COPACABANA PALACE	HOTELNAME	BELMOND COPACABANA PALACE
ATHENEE PALACE HILTON BUCHAREST	HOTELNAME	ATHENEE PALACE HILTON BUCHAREST
HOTEL ASTORIA	HOTELNAME	HOTEL ASTORIA
ANGLETERRE HOTEL	HOTELNAME	ANGLETERRE HOTEL
GAYLORD NATIONAL RESORT & CONVENTION CENTER	HOTELNAME	GAYLORD NATIONAL RESORT & CONVENTION CENTER
LIVING SHANGRI-LA	HOTELNAME	SHANGRI-LA HOTEL, VANCOUVER
ATLANTIS PARADISE ISLAND	HOTELNAME	ATLANTIS PARADISE ISLAND
HALE KOA HOTEL	HOTELNAME	HALE KOA HOTEL
PEABODY HOTEL	HOTELNAME	THE PEABODY MEMPHIS
FOUR SEASONS HOTEL GEORGE V	HOTELNAME	FOUR SEASONS HOTEL GEORGE V
MARRIOTT'S GRANDE VISTA	HOTELNAME	MARRIOTT'S GRANDE VISTA
PALACE HOTEL, SAN FRANCISCO	HOTELNAME	THE PALACE HOTEL
THE CONNAUGHT	HOTELNAME	CONNAUGHT
HOTEL UKRAINE	HOTELNAME	HOTEL UKRAINE
ONE DEVONSHIRE GARDENS	HOTELNAME	ONE DEVONSHIRE GARDENS
GRAND BRIGHTON HOTEL	HOTELNAME	THE GRAND BRIGHTON
HOTEL OLOFFSON	HOTELNAME	HOTEL OLOFFSON
HOTEL MOSKVA, BELGRADE	HOTELNAME	HOTEL MOSKVA
HOTEL EL CONVENTO	HOTELNAME	HOTEL EL CONVENTO
CORINTHIA HOTEL ST. PETERSBURG	HOTELNAME	CORINTHIA HOTEL ST. PETERSBURG
FLAMINGO HOTEL, MIAMI BEACH	HOTELNAME	FLAMINGO HOTEL
ALEKSANDAR PALAS HOTEL	HOTELNAME	ALEKSANDAR PALAS HOTEL
RENAISSANCE SCHAUMBURG CONVENTION CENTER HOTEL	HOTELNAME	RENAISSANCE SCHAUMBURG CONVENTION CENTER HOTEL
THE PIERRE	HOTELNAME	THE PIERRE
HYATT REGENCY BELGRADE	HOTELNAME	HYATT REGENCY BELGRADE
MORGANS HOTEL	HOTELNAME	MORGANS HOTEL
CLIFT	HOTELNAME	CLIFT SAN FRANCISCO
HUDSON HOTEL	HOTELNAME	HUDSON HOTEL
THE LANDMARK LONDON	HOTELNAME	THE LANDMARK LONDON
THE MET HOTEL	HOTELNAME	THE MET, LEEDS
HOTEL JUGOSLAVIJA	HOTELNAME	HOTEL JUGOSLAVIJA
HOTEL JUGOSLAVIJA	HOTELNAME	Хотел Југославија
ST. REGIS HOTEL	HOTELNAME	THE ST. REGIS NEW YORK
HOTEL NACIONAL DE CUBA	HOTELNAME	HOTEL NACIONAL DE CUBA
HOTEL NEW GRAND	HOTELNAME	HOTEL NEW GRAND
NIKKō KANAYA HOTEL	HOTELNAME	NIKKō KANAYA HOTEL
ANDAZ WEST HOLLYWOOD	HOTELNAME	ANDAZ WEST HOLLYWOOD
EMPIRE LANDMARK HOTEL	HOTELNAME	EMPIRE LANDMARK HOTEL
CROWNE PLAZA BELGRADE	HOTELNAME	CROWNE PLAZA BELGRADE
HOTEL CONGRESS	HOTELNAME	HOTEL CONGRESS
PARAMOUNT HOTEL	HOTELNAME	PARAMOUNT HOTEL
FAIRMONT OLYMPIC HOTEL	HOTELNAME	FAIRMONT OLYMPIC HOTEL
THE ROOSEVELT NEW ORLEANS	HOTELNAME	THE ROOSEVELT NEW ORLEANS
MARTHA WASHINGTON INN	HOTELNAME	MARTHA WASHINGTON INN
HOTEL BEL-AIR	HOTELNAME	HOTEL BEL-AIR
CADOGAN HOTEL	HOTELNAME	CADOGAN HOTEL
IMPERIAL HOTEL, TOKYO	HOTELNAME	IMPERIAL HOTEL
HOTEL SPLENDID	HOTELNAME	HOTEL SPLENDID
AMERICAN COLONY HOTEL	HOTELNAME	AMERICAN COLONY HOTEL
CARLTON HOTEL	HOTELNAME	THE CARLTON HOTEL
THE TIDES INN	HOTELNAME	THE TIDES INN
MARK HOPKINS HOTEL	HOTELNAME	INTERCONTINENTAL MARK HOPKINS SAN FRANCISCO
HARVEY CEDARS HOTEL	HOTELNAME	HARVEY CEDARS HOTEL
SHERATON GRAND LONDON PARK LANE HOTEL	HOTELNAME	SHERATON GRAND LONDON PARK LANE
JW MARRIOTT ESSEX HOUSE	HOTELNAME	JW MARRIOTT ESSEX HOUSE
SHUTTERS ON THE BEACH HOTEL	HOTELNAME	SHUTTERS ON THE BEACH
BODYSGALLEN HALL	HOTELNAME	BODYSGALLEN HALL
COLONY PALMS HOTEL	HOTELNAME	COLONY PALMS HOTEL
HOTEL CASA DEL MAR	HOTELNAME	HOTEL CASA DEL MAR
HALEKULANI	HOTELNAME	HALEKULANI
OMNI PROVIDENCE HOTEL	HOTELNAME	OMNI PROVIDENCE HOTEL
CASAPUEBLO	HOTELNAME	CASAPUEBLO
MARRIOTT'S ORLANDO WORLD CENTER	HOTELNAME	ORLANDO WORLD CENTER MARRIOTT
HOTEL PENNSYLVANIA	HOTELNAME	HOTEL PENNSYLVANIA
THE LAFAYETTE HOTEL, SWIM CLUB & BUNGALOWS	HOTELNAME	THE LAFAYETTE HOTEL, SWIM CLUB & BUNGALOWS
GRAMERCY PARK HOTEL	HOTELNAME	GRAMERCY PARK HOTEL
THE BERKELEY	HOTELNAME	THE BERKELEY HOTEL
GOLDENEYE	HOTELNAME	GOLDENEYE HOTEL
LYNFORD HALL	HOTELNAME	LYNFORD HALL HOTEL
HOTEL TORNI	HOTELNAME	SOKOS HOTEL TORNI
MYSTIC DUNES RESORT & GOLF CLUB	HOTELNAME	MYSTIC DUNES RESORT & GOLF CLUB
HOTEL GRANDE BRETAGNE	HOTELNAME	HOTEL GRANDE BRETAGNE, A LUXURY COLLECTION HOTEL, ATHENS
INTERCONTINENTAL SAN FRANCISCO	HOTELNAME	INTERCONTINENTAL SAN FRANCISCO
THE ROOSEVELT HOTEL	HOTELNAME	THE ROOSEVELT HOTEL
RITZ-CARLTON MONTREAL	HOTELNAME	RITZ-CARLTON MONTREAL
HOTEL ILVES	HOTELNAME	SOKOS HOTEL ILVES
PLAZA ATHéNéE	HOTELNAME	HOTEL PLAZA ATHéNéE
THE PENINSULA MANILA	HOTELNAME	THE PENINSULA MANILA
FRANCISCO GRANDE	HOTELNAME	FRANCISCO GRANDE
EDELWEISS LODGE AND RESORT	HOTELNAME	EDELWEISS LODGE AND RESORT
JUMEIRAH BEACH HOTEL	HOTELNAME	JUMEIRAH BEACH HOTEL
MONDRIAN HOTEL	HOTELNAME	MONDRIAN HOTEL
THE LANESBOROUGH	HOTELNAME	THE LANESBOROUGH HOTEL
SEVEN ARCHES HOTEL	HOTELNAME	SEVEN ARCHES HOTEL
HILTON SAN FRANCISCO UNION SQUARE	HOTELNAME	HILTON SAN FRANCISCO UNION SQUARE
W SAN FRANCISCO	HOTELNAME	W SAN FRANCISCO
ROYALTON HOTEL	HOTELNAME	ROYALTON HOTEL
CROWNE PLAZA LIVERPOOL JOHN LENNON AIRPORT HOTEL	HOTELNAME	CROWNE PLAZA LIVERPOOL-JOHN LENNON AIRPORT
THE CLARIDGE HOTEL	HOTELNAME	THE CLARIDGE HOTEL
OCEAN HOUSE, RHODE ISLAND	HOTELNAME	OCEAN HOUSE
BROWN'S HOTEL	HOTELNAME	BROWN'S HOTEL
ST DAVID'S HOTEL & SPA	HOTELNAME	ST DAVID'S HOTEL & SPA
DELANO SOUTH BEACH	HOTELNAME	DELANO SOUTH BEACH
HOTEL METROPOLE, BRUSSELS	HOTELNAME	HOTEL METROPOLE BRUSSELS
THE WESTIN PARIS – VENDôME	HOTELNAME	THE WESTIN PARIS - VENDôME
STANFORD COURT HOTEL	HOTELNAME	STANFORD COURT SAN FRANCISCO
METROPOL PALACE HOTEL BELGRADE	HOTELNAME	METROPOL PALACE HOTEL
HILTON TABA RESORT & NELSON VILLAGE	HOTELNAME	HILTON TABA RESORT & NELSON VILLAGE
SANDERSON HOTEL	HOTELNAME	SANDERSON HOTEL
BEDFORD HOTEL	HOTELNAME	BEDFORD HOTEL
FOUR SEASONS HOTEL CHICAGO	HOTELNAME	FOUR SEASONS CHICAGO
EASTGATE HOTEL	HOTELNAME	MERCURE EASTGATE HOTEL
MARBELLA CLUB HOTEL	HOTELNAME	MARBELLA CLUB HOTEL
FIRST WORLD HOTEL & PLAZA	HOTELNAME	FIRST WORLD HOTEL AND PLAZA
MELIá COHIBA HOTEL	HOTELNAME	THE MELIá COHIBA
ATLANTIS, THE PALM	HOTELNAME	ATLANTIS, THE PALM
FAIRMONT SAN FRANCISCO	HOTELNAME	FAIRMONT SAN FRANCISCO
DRAGON HILL LODGE	HOTELNAME	DRAGON HILL LODGE
RITZ-CARLTON KUALA LUMPUR	HOTELNAME	RITZ-CARLTON KUALA LUMPUR
HOTEL EUROPEJSKI	HOTELNAME	HOTEL EUROPEJSKI
HOTEL ICON	HOTELNAME	HOTEL ICON
HONG KONG HILTON	HOTELNAME	HONG KONG HILTON HOTEL
WESTIN ST. FRANCIS	HOTELNAME	WESTIN ST. FRANCIS
WASHINGTON HILTON	HOTELNAME	WASHINGTON HILTON
ARLINGTON HOTEL	HOTELNAME	THE ARLINGTON RESORT HOTEL & SPA
CAMELBACK INN	HOTELNAME	CAMELBACK INN
FOUR SEASONS RESORT HUALALAI	HOTELNAME	FOUR SEASONS RESORT HUALāLAI AT HISTORIC KA'ūPūLEHU
TINAPA RESORT	HOTELNAME	TINAPA RESORT
HYATT REGENCY CHICAGO	HOTELNAME	HYATT REGENCY CHICAGO
GRESHAM HOTEL	HOTELNAME	HOTEL RIU PLAZA THE GRESHAM DUBLIN
STONEWALL JACKSON HOTEL	HOTELNAME	STONEWALL JACKSON HOTEL
CROWNE PLAZA DETROIT DOWNTOWN RIVERFRONT	HOTELNAME	CROWNE PLAZA DETROIT DOWNTOWN RIVERFRONT
THE SCARLET SINGAPORE	HOTELNAME	THE SCARLET SINGAPORE
LOTTE NEW YORK PALACE HOTEL	HOTELNAME	LOTTE NEW YORK PALACE HOTEL
JW MARRIOTT HOTEL HONG KONG	HOTELNAME	JW MARRIOTT, HONG KONG
JW MARRIOTT HOTEL HONG KONG	HOTELNAME	香港JW萬豪酒店
MOUNT LAVINIA HOTEL	HOTELNAME	MOUNT LAVINIA HOTEL
GRAND HYATT HONG KONG	HOTELNAME	GRAND HYATT HONG KONG
GRAND HYATT HONG KONG	HOTELNAME	香港君悅酒店
FRENCHMAN'S COVE RESORT	HOTELNAME	FRENCHMAN'S COVE RESORT
THE ENCHANTED GARDENS, JAMAICA	HOTELNAME	THE ENCHANTED GARDENS
THE FULLERTON HOTEL SINGAPORE	HOTELNAME	THE FULLERTON HOTEL SINGAPORE
HERMOSA INN	HOTELNAME	HERMOSA INN
INTERCONTINENTAL DUBLIN	HOTELNAME	INTERCONTINENTAL DUBLIN
NEW SANNO HOTEL	HOTELNAME	NEW SANNO HOTEL
HONG KONG HOTEL	HOTELNAME	HONGKONG HOTEL
HONG KONG HOTEL	HOTELNAME	香港大酒店
CAIRO MARRIOTT HOTEL	HOTELNAME	CAIRO MARRIOTT HOTEL & OMAR KHAYYA CASINO
GALLERY HOTEL	HOTELNAME	GALLERY HOTEL
THE PENINSULA TOKYO	HOTELNAME	THE PENINSULA TOKYO
CORDIS HONG KONG	HOTELNAME	CORDIS, HONG KONG
MAUNA KEA BEACH HOTEL	HOTELNAME	MAUNA KEA BEACH HOTEL
SAN FRANCISCO MARRIOTT MARQUIS	HOTELNAME	SAN FRANCISCO MARRIOTT MARQUIS
HOTEL MONGOLIA	HOTELNAME	HOTEL MONGOLIA
SWISSôTEL AMSTERDAM	HOTELNAME	SWISSôTEL AMSTERDAM
HYATT REGENCY ATLANTA	HOTELNAME	HYATT REGENCY ATLANTA
MAGNOLIA HOTEL	HOTELNAME	MAGNOLIA HOTEL HOUSTON
CLUB QUARTERS HOTEL	HOTELNAME	CLUB QUARTERS
HOTEL DES ARTS	HOTELNAME	HOTEL DES ARTS
CORINTHIA HOTEL KHARTOUM	HOTELNAME	CORINTHIA HOTEL KHARTOUM
THE SKIRRID MOUNTAIN INN	HOTELNAME	THE SKIRRID MOUNTAIN INN
GRAND LISBOA	HOTELNAME	GRAND LISBOA
GRAND HOTEL	HOTELNAME	GRAND HOTEL NUWARA ELIYA
DWARIKA'S HOTEL	HOTELNAME	DWARIKA'S HOTEL
MARRIOTT AT KEY CENTER	HOTELNAME	MARRIOTT AT KEY CENTER
WESTIN SEATTLE	HOTELNAME	THE WESTIN SEATTLE
SHERATON KANSAS CITY HOTEL AT CROWN CENTER	HOTELNAME	SHERATON KANSAS CITY HOTEL AT CROWN CENTER
FEARRINGTON VILLAGE	HOTELNAME	FEARRINGTON VILLAGE
ELLIS HOTEL	HOTELNAME	THE ELLIS HOTEL
SHERATON ON THE FALLS	HOTELNAME	SHERATON ON THE FALLS
HOTEL CARTER	HOTELNAME	HOTEL CARTER
COPLEY SQUARE HOTEL	HOTELNAME	COPLEY SQUARE HOTEL
MANDARIN ORIENTAL, LAS VEGAS	HOTELNAME	MANDARIN ORIENTAL
ROUND HILL HOTEL AND VILLAS	HOTELNAME	ROUND HILL
GAYLORD TEXAN RESORT HOTEL & CONVENTION CENTER	HOTELNAME	GAYLORD TEXAN RESORT & CONVENTION CENTER
HOTEL BOSSERT	HOTELNAME	BOSSERT
GRAND HYATT SAN FRANCISCO	HOTELNAME	GRAND HYATT SAN FRANCISCO
AMANPURI	HOTELNAME	AMANPURI
GRAND HOTEL	HOTELNAME	GRAND HOTEL
HOTEL PRINCESS MUNDO IMPERIAL	HOTELNAME	HOTEL PRINCESS MUNDO IMPERIAL
RUFFLETS HOTEL	HOTELNAME	RUFFLETS COUNTRY HOUSE HOTEL
COLONNADE HOTEL	HOTELNAME	THE COLONNADE HOTEL
LOEWS VANDERBILT HOTEL	HOTELNAME	LOEWS VANDERBILT HOTEL
HOTEL BRISTOL, WARSAW	HOTELNAME	HOTEL BRISTOL, WARSAW
HOTEL RUSSELL	HOTELNAME	HOTEL RUSSELL
WESTIN CHARLOTTE	HOTELNAME	THE WESTIN CHARLOTTE
VICEROY L'ERMITAGE BEVERLY HILLS	HOTELNAME	VICEROY L'ERMITAGE BEVERLY HILLS
HOTEL OKURA TOKYO	HOTELNAME	HOTEL OKURA TOKYO
BRISTOL HOTEL, ODESSA	HOTELNAME	BRISTOL HOTEL
LONDONSKAYA HOTEL	HOTELNAME	LONDONSKAYA HOTEL
SAFI LANDMARK HOTEL	HOTELNAME	SAFI LANDMARK HOTEL
CONRAD DUBAI	HOTELNAME	CONRAD DUBAI
ALASKA BUILDING	HOTELNAME	COURTYARD BY MARRIOTT SEATTLE DOWNTOWN/PIONEER SQUARE
VENLAW	HOTELNAME	CASTLE VENLAW HOTEL
HOTEL MONACO	HOTELNAME	KIMPTON HOTEL MONACO WASHINGTON DC
HOTEL BELLEVUE PALACE	HOTELNAME	BELLEVUE PALACE
THE WINDSOR HOTEL TOYA RESORT & SPA	HOTELNAME	THE WINDSOR HOTEL TOYA RESORT & SPA
HILTON SAN DIEGO BAYFRONT	HOTELNAME	HILTON SAN DIEGO BAYFRONT
EXCELSIOR HOTEL ERNST	HOTELNAME	EXCELSIOR HOTEL ERNST
THE IMPERIAL, NEW DELHI	HOTELNAME	THE IMPERIAL, NEW DELHI
PHOENICIA HOTEL BEIRUT	HOTELNAME	PHOENICIA HOTEL BEIRUT
OMNI WILLIAM PENN HOTEL	HOTELNAME	OMNI WILLIAM PENN HOTEL
HOTEL GIRAFFE	HOTELNAME	HOTEL GIRAFFE
CRAIG-Y-NOS CASTLE	HOTELNAME	CRAIG-Y-NOS CASTLE
HOTEL MEHRAN	HOTELNAME	HOTEL MEHRAN
PIERPONT INN	HOTELNAME	PIERPONT INN
HENDERSON VILLAGE	HOTELNAME	HENDERSON VILLAGE
RADISSON HOTEL BALTIMORE DOWNTOWN-INNER HARBOR	HOTELNAME	RADISSON HOTEL BALTIMORE DOWNTOWN-INNER HARBOR
NORBRECK CASTLE HOTEL	HOTELNAME	NORBRECK CASTLE HOTEL
JW MARRIOTT SHANGHAI	HOTELNAME	JW MARRIOTT HOTEL SHANGHAI\N上海JW万豪酒店
METROPOLIS	HOTELNAME	METROPOLIS RESIDENCES
CAPITAL HILTON	HOTELNAME	CAPITAL HILTON
KEMPINSKI HOTEL MALL OF THE EMIRATES	HOTELNAME	KEMPINSKI HOTEL MALL OF THE EMIRATES
HILTON PORTLAND HOTEL	HOTELNAME	HILTON PORTLAND & EXECUTIVE TOWER
HôTEL LE BRISTOL PARIS	HOTELNAME	HôTEL LE BRISTOL PARIS
ALA MOANA HOTEL	HOTELNAME	ALA HOTEL
DAVID CITADEL HOTEL	HOTELNAME	DAVID CITADEL HOTEL
DAVID CITADEL HOTEL	HOTELNAME	מלון מצודת דוד
CROWNE PLAZA NIAGARA FALLS – FALLSVIEW	HOTELNAME	CROWNE PLAZA NIAGARA FALLS - FALLSVIEW HOTEL
MANCHESTER GRAND HYATT HOTEL	HOTELNAME	MANCHESTER GRAND HYATT SAN DIEGO
NICKELODEON RESORTS BY MARRIOTT	HOTELNAME	NICKELODEON SUITES RESORT
OLD SWAN HOTEL	HOTELNAME	THE OLD SWAN HOTEL
BEAU RIVAGE	HOTELNAME	BEAU RIVAGE
INN AT PERRY CABIN BY BELMOND	HOTELNAME	INN AT PERRY CABIN BY BELMOND
THE MAY FAIR	HOTELNAME	THE MAY FAIR
THE WATER CLUB	HOTELNAME	THE WATER CLUB
MIDLAND HOTEL, BRADFORD	HOTELNAME	MIDLAND HOTEL
WESTIN WESTMINSTER	HOTELNAME	THE WESTIN WESTMINSTER
DIGBY PINES GOLF RESORT AND SPA	HOTELNAME	DIGBY PINES GOLF RESORT AND SPA
JW MARRIOTT MUMBAI	HOTELNAME	JW MARRIOTT HOTEL MUMBAI JUHU
HOTEL HABANA RIVIERA	HOTELNAME	HOTEL HABANA RIVIERA
THE ABBEY RESORT	HOTELNAME	THE ABBEY RESORT
BREIDENBACHER HOF	HOTELNAME	BREIDENBACHER HOF
THE ATHENAEUM HOTEL	HOTELNAME	THE ATHENAEUM
THE FAIRMONT ORCHID	HOTELNAME	THE FAIRMONT ORCHID
HOTEL CONTINENTAL, OSLO	HOTELNAME	HOTEL CONTINENTAL
SELSDON PARK HOTEL	HOTELNAME	SELSDON PARK HOTEL & GOLF CLUB
PEARL CONTINENTAL BHURBAN	HOTELNAME	PEARL CONTINENTAL BHURBAN
RHODES-HAVERTY BUILDING	HOTELNAME	RESIDENCE INN ATLANTA DOWNTOWN
BALLATHIE HOUSE	HOTELNAME	BALLATHIE HOUSE HOTEL
ANANDA–IN THE HIMALAYAS	HOTELNAME	ANANDA - IN THE HIMALAYAS
ROYAL HORSEGUARDS HOTEL	HOTELNAME	THE ROYAL HORSEGUARDS HOTEL
INTERCONTINENTAL HONG KONG	HOTELNAME	INTERCONTINENTAL HONG KONG
NOW LARIMAR RESORT	HOTELNAME	NOW LARIMAR PUNTA CANA
HOTEL TAMMER	HOTELNAME	RADISSON BLU GRAND HOTEL TAMMER
OBEROI TRIDENT	HOTELNAME	THE OBEROI, MUMBAI.
HOTEL LE PLAZA, BRUSSELS	HOTELNAME	LE PLAZA
HILTON GLASGOW	HOTELNAME	HILTON GLASGOW
HAVEN HOTEL	HOTELNAME	HAVEN HOTEL
THE WESTIN DRAGONARA	HOTELNAME	WESTIN DRAGONARA HOTEL
THE MICHELANGELO	HOTELNAME	THE MICHELANGELO HOTEL
HILTON DUBAI CREEK	HOTELNAME	HILTON DUBAI CREEK
COSMOPOLITAN HOTEL	HOTELNAME	COSMOPOLITAN HOTEL HONG KONG
KATERINA CITY HOTEL	HOTELNAME	KATERINA CITY MOSCOW
JUMBOHOSTEL	HOTELNAME	JUMBO HOSTEL
DOUBLETREE BY HILTON HOTEL LOS ANGELES DOWNTOWN	HOTELNAME	DOUBLETREE BY HILTON HOTEL LOS ANGELES DOWNTOWN
L'ENFANT PLAZA HOTEL	HOTELNAME	L'ENFANT PLAZA HOTEL
FAIRMONT ROYAL PAVILION	HOTELNAME	THE FAIRMONT ROYAL PAVILION
TOWN HOUSE GALLERIA	HOTELNAME	TOWNHOUSE GALLERIA BY TOWNHOUSE
THE BEVERLY HILTON	HOTELNAME	THE BEVERLY HILTON
KEY LIME COVE	HOTELNAME	KEYLIME COVE RESORT
CROWNE PLAZA BEIRUT HOTEL	HOTELNAME	CROWNE PLAZA BEIRUT HOTEL
CHTAURA PARK HOTEL	HOTELNAME	CHTAURA PARK HOTEL
CHTAURA PARK HOTEL	HOTELNAME	فندق شتورة بارك
AVALON HOTEL	HOTELNAME	AVALON HOTEL
ILIKAI HOTEL & LUXURY SUITES	HOTELNAME	ILIKAI HOTEL & LUXURY SUITES
THE WESTIN NEW YORK GRAND CENTRAL HOTEL	HOTELNAME	THE WESTIN NEW YORK GRAND CENTRAL HOTEL
THE SCOTSMAN HOTEL	HOTELNAME	THE SCOTSMAN HOTEL\NTHUMB|SCOTSMAN HOTEL EXTERIOR AT NIGHT
HOTEL KENNEY	HOTELNAME	HOTEL KENNEY
FAIRMONT BEIJING	HOTELNAME	FAIRMONT BEIJING
ROYAL CLIFF HOTELS GROUP	HOTELNAME	ROYAL CLIFF HOTELS GROUP
42 THE CALLS	HOTELNAME	42
MASINDI HOTEL	HOTELNAME	MASINDI HOTEL
THE ACADEMY	HOTELNAME	THE ACADEMY
RENAISSANCE KOTA BHARU HOTEL	HOTELNAME	RENAISSANCE KOTA BHARU HOTEL
BELMOND HOTEL SPLENDIDO	HOTELNAME	BELMOND HOTEL SPLENDIDO
BELMOND HOTEL CARUSO	HOTELNAME	BELMOND HOTEL CARUSO
BRITANNIA ADELPHI HOTEL	HOTELNAME	ADELPHI HOTEL, LIVERPOOL
MIRI MARRIOTT RESORT & SPA	HOTELNAME	MIRI MARRIOTT RESORT & SPA
RENAISSANCE KUALA LUMPUR HOTEL	HOTELNAME	RENAISSANCE KUALA LUMPUR HOTEL
KEMPINSKI PALACE PORTOROž	HOTELNAME	KEMPINSKI PALACE PORTOROž
CLINTON HOTEL MIAMI BEACH	HOTELNAME	NEW CLINTON HOTEL
THREADNEEDLES HOTEL	HOTELNAME	THREADNEEDLES HOTEL
THE GLASSHOUSE	HOTELNAME	THE GLASSHOUSE, AUTOGRAPH COLLECTION HOTELS
KEIO PLAZA HOTEL	HOTELNAME	KEIO PLAZA HOTEL
COWORTH HOUSE	HOTELNAME	COWORTH PARK HOTEL
COPPERHILL MOUNTAIN LODGE	HOTELNAME	COPPERHILL MOUNTAIN LODGE
QUEBECS HOTEL, LEEDS	HOTELNAME	QUEBECS
FISHERMAN'S COVE	HOTELNAME	VIVANTA BY TAJ—FISHERMAN'S COVE, CHENNAI
PROXIMITY HOTEL	HOTELNAME	PROXIMITY HOTEL
DRYBURGH ABBEY HOTEL	HOTELNAME	DRYBURGH ABBEY HOTEL
HOTEL D'ANGLETERRE	HOTELNAME	D'ANGLETERRE
HILTON AMSTERDAM	HOTELNAME	HILTON AMSTERDAM
DEVIGARH	HOTELNAME	DEVI GARH PALACE
CHEWTON GLEN	HOTELNAME	CHEWTON GLEN HOTEL & SPA
KEMPINSKI HOTEL AJMAN	HOTELNAME	KEMPINSKI HOTEL AJMAN
INTERCONTINENTAL BOSTON	HOTELNAME	INTERCONTINENTAL BOSTON
CONCORDE DE LUXE RESORT	HOTELNAME	CONCORDE DE LUXE RESORT
TRYP BELLVER	HOTELNAME	TRYP BELLVER
THE RITZ-CARLTON, HONG KONG	HOTELNAME	THE RITZ-CARLTON, HONG KONG
MARDAN PALACE	HOTELNAME	MARDAN PALACE
ERBIL INTERNATIONAL HOTEL	HOTELNAME	ERBIL INTERNATIONAL HOTEL
KHANZAD HOTEL	HOTELNAME	KHANZAD HOTEL & RESORT
ICE HOTEL	HOTELNAME	ICE HOTEL
THE STATLER HOTEL & RESIDENCES	HOTELNAME	THE STATLER HOTEL & RESIDENCES
HOTEL INGLATERRA	HOTELNAME	HOTEL INGLATERRA
PLAZA HOTEL BUENOS AIRES	HOTELNAME	PLAZA HOTEL BUENOS AIRES
HILTON BUENOS AIRES	HOTELNAME	HILTON BUENOS AIRES
NH GRAN HOTEL PROVINCIAL	HOTELNAME	NH GRAN HOTEL PROVINCIAL
HOTEL CAPRI	HOTELNAME	HOTEL NH CAPRI LA HABANA
HYATT REGENCY HOTEL, LEXINGTON	HOTELNAME	HYATT REGENCY LEXINGTON
CORINTHIA HOTEL TRIPOLI	HOTELNAME	CORINTHIA HOTEL TRIPOLI
SHERATON TIRANA HOTEL AND TOWERS	HOTELNAME	SHERATON TIRANA HOTEL AND TOWERS
SHERATON ANKARA	HOTELNAME	SHERATON ANKARA
HONG KONG GOLD COAST HOTEL	HOTELNAME	HONG KONG GOLD COAST HOTEL
HILTON SAN FRANCISCO FINANCIAL DISTRICT	HOTELNAME	HILTON SAN FRANCISCO FINANCIAL DISTRICT
SHERATON NEW YORK TIMES SQUARE HOTEL	HOTELNAME	SHERATON NEW YORK TIMES SQUARE HOTEL
PORTA HOTEL ANTIGUA	HOTELNAME	PORTA HOTEL ANTIGUA
ARABIA FELIX HOTEL	HOTELNAME	ARABIA FELIX HOTEL
RUNNYMEDE HOTEL	HOTELNAME	THE RUNNYMEDE-ON-THAMES HOTEL AND SPA
GLENAPP CASTLE	HOTELNAME	GLENAPP CASTLE
ME CANCUN	HOTELNAME	ME CANCUN
NIMB HOTEL	HOTELNAME	NIMB HOTEL
PARK HYATT TORONTO	HOTELNAME	PARK HYATT TORONTO
GRAND FORT HOTEL	HOTELNAME	THE GRAND FORT HOTEL
PALAZZO VERSACE DUBAI	HOTELNAME	PALAZZO VERSACE
INTERCONTINENTAL BUDAPEST	HOTELNAME	INTERCONTINENTAL BUDAPEST
SAVOY HOTEL	HOTELNAME	THE SAVOYS ITC
BARON HOTEL	HOTELNAME	BARON HOTEL
PALACE HOTEL, TOKYO	HOTELNAME	PALACE HOTEL TOKYO
MOVENPICK HOTEL DUBAI	HOTELNAME	MOVENPICK HOTEL
JW MARRIOTT JAKARTA	HOTELNAME	JW MARRIOTT HOTEL JAKARTA
RITZ-CARLTON JAKARTA	HOTELNAME	RITZ CARLTON JAKARTA
MOBILE MARRIOTT	HOTELNAME	MOBILE MARRIOTT
THE TAJ EXOTICA HOTEL & RESORT	HOTELNAME	THE TAJ EXOTICA, GOA
HERODS JERUSALEM HOTEL	HOTELNAME	HERODS JERUSALEM HOTEL
CORINTHIA HOTEL LONDON	HOTELNAME	CORINTHIA HOTEL LONDON
HILTON WATERFRONT BEACH RESORT	HOTELNAME	HILTON WATERFRONT BEACH RESORT
WINDAMERE HOTEL	HOTELNAME	WINDAMERE HOTEL
OTTOMAN PALACE HOTEL AND RESORT	HOTELNAME	OTTOMAN PALACE HOTEL AND RESORT
FUJIYA HOTEL	HOTELNAME	FUJIYA HOTEL
THE BELFRY	HOTELNAME	THE BELFRY HOTEL AND RESORT
THE BRAZILIAN COURT	HOTELNAME	THE BRAZILIAN COURT
THE ROYAL VICTORIA HOTEL	HOTELNAME	THE ROYAL VICTORIA HOTEL
STOKE PARK, BUCKINGHAMSHIRE	HOTELNAME	STOKE PARK COUNTRY CLUB, SPA AND HOTEL
AMERICAN HOTEL, AMSTERDAM	HOTELNAME	AMERICAN HOTEL
MANDARIN ORIENTAL HYDE PARK, LONDON	HOTELNAME	MANDARIN ORIENTAL HYDE PARK, LONDON
BIG BEAR FRONTIER	HOTELNAME	BIG BEAR FRONTIER
GALLE FORT HOTEL	HOTELNAME	GALLE FORT HOTEL
HOCKLEY HIGHLANDS INN	HOTELNAME	HOCKLEY HIGHLANDS INN AND CONFERENCE CENTRE
BURGH ISLAND HOTEL	HOTELNAME	BURGH ISLAND HOTEL
VDARA	HOTELNAME	VDARA HOTEL & SPA
HILTON CHICAGO	HOTELNAME	HILTON CHICAGO
SKIRVIN HILTON HOTEL	HOTELNAME	SKIRVIN HILTON HOTEL
ICEHOTEL	HOTELNAME	ICE HOTEL
MANDARIN ORIENTAL, NEW YORK	HOTELNAME	MANDARIN ORIENTAL, NEW YORK
LE PAVILLON HOTEL	HOTELNAME	LE PAVILLON HOTEL
MONTE ROSA HOTEL	HOTELNAME	MONTE ROSA
THE GEORGE HOTEL	HOTELNAME	THE GEORGE HOTEL
PUNTACANA RESORT AND CLUB	HOTELNAME	PUNTACANA RESORT & CLUB
PRINCE ARTHUR HOTEL	HOTELNAME	THE PRINCE ARTHUR HOTEL
GOLD MOHUR HOTEL	HOTELNAME	GOLD MOHUR HOTEL
HôTEL DE CRILLON	HOTELNAME	HôTEL DE CRILLON
BANDARAWELA HOTEL	HOTELNAME	BANDARAWELA HOTEL
YAS VICEROY ABU DHABI HOTEL	HOTELNAME	YAS VICEROY ABU DHABI HOTEL
THE MANOR HOUSE, KANDY	HOTELNAME	THE MANOR HOUSE
ROYAL PLAZA ON SCOTTS	HOTELNAME	ROYAL PLAZA ON SCOTTS
HOTEL GRAND CHANCELLOR, LAUNCESTON	HOTELNAME	HOTEL GRAND CHANCELLOR
HOTEL DE L'EUROPE	HOTELNAME	HOTEL DE L'EUROPE
22 JERMYN STREET	HOTELNAME	22
41 HOTEL	HOTELNAME	41
BAGLIONI HOTEL	HOTELNAME	BAGLIONI HOTEL LONDON
THE BENTLEY LONDON	HOTELNAME	THE BENTLEY LONDON
CAPITAL HOTEL	HOTELNAME	CAPITAL HOTEL
THE WESTIN PORTLAND HARBORVIEW	HOTELNAME	THE WESTIN PORTLAND HARBORVIEW
JUMEIRAH CARLTON TOWER	HOTELNAME	JUMEIRAH CARLTON TOWER
CHARLOTTE STREET HOTEL	HOTELNAME	CHARLOTTE STREET HOTEL
HYATT REGENCY LONDON – THE CHURCHILL	HOTELNAME	HYATT REGENCY LONDON - THE CHURCHILL
MARLBOROUGH STREET MAGISTRATES COURT	HOTELNAME	MARLBOROUGH STREET MAGISTRATES COURT
COVENT GARDEN HOTEL	HOTELNAME	COVENT GARDEN HOTEL
DRAYCOTT HOTEL	HOTELNAME	DRAYCOTT HOTEL
FOUR SEASONS HOTEL LONDON AT PARK LANE	HOTELNAME	FOUR SEASONS HOTEL LONDON AT PARK LANE
CANARY RIVERSIDE PLAZA	HOTELNAME	CANARY RIVERSIDE PLAZA HOTEL
RADISSON BLU EDWARDIAN HEATHROW HOTEL	HOTELNAME	RADISSON BLU EDWARDIAN HEATHROW HOTEL
INTERCONTINENTAL LONDON PARK LANE	HOTELNAME	INTERCONTINENTAL LONDON PARK LANE
ROSEWOOD LONDON	HOTELNAME	ROSEWOOD LONDON
SOHO HOTEL	HOTELNAME	SOHO HOTEL
MARRIOTT WEST INDIA QUAY	HOTELNAME	MARRIOTT HOTEL WEST INDIA QUAY
MARRIOTT LONDON PARK LANE	HOTELNAME	LONDON MARRIOTT HOTEL PARK LANE
ROYAL GARDEN HOTEL	HOTELNAME	ROYAL GARDEN HOTEL
ONE ALDWYCH	HOTELNAME	ONE ALDWYCH
WYNDHAM GRAND CHELSEA HARBOUR	HOTELNAME	THE CHELSEA HARBOUR HOTEL
SAN DOMENICO HOUSE	HOTELNAME	SAN DOMENICO HOUSE
RADISSON BLU EDWARDIAN HAMPSHIRE HOTEL	HOTELNAME	RADISSON BLU EDWARDIAN HAMPSHIRE HOTEL
THE PARK TOWER KNIGHTSBRIDGE HOTEL	HOTELNAME	THE PARK TOWER KNIGHTSBRIDGE HOTEL
LE MéRIDIEN PICCADILLY HOTEL	HOTELNAME	LE MéRIDIEN PICCADILLY HOTEL
THE TRAFALGAR HOTEL	HOTELNAME	THE TRAFALGAR HOTEL
MILLENNIUM HOTEL MAYFAIR	HOTELNAME	MILLENNIUM HOTEL MAYFAIR
GRANGE HOLBORN HOTEL	HOTELNAME	GRANGE HOLBORN HOTEL
HEMPEL HOTEL	HOTELNAME	THE HEMPEL HOTEL
GORING HOTEL	HOTELNAME	THE GORING HOTEL
GRANGE CITY HOTEL	HOTELNAME	GRANGE CITY HOTEL
FRANKLIN HOTEL, LONDON	HOTELNAME	THE FRANKLIN HOTEL
THE HALKIN	HOTELNAME	THE HALKIN BY COMO
BLAKES HOTEL	HOTELNAME	BLAKES HOTEL
MISKIN MANOR	HOTELNAME	MISKIN MANOR
COPTHORNE HOTEL, CARDIFF	HOTELNAME	COPTHORNE HOTEL
BELL TOWER HOTEL	HOTELNAME	BELL TOWER HOTEL
THE OLD BANK HOTEL	HOTELNAME	THE OLD BANK HOTEL
HOTEL LANDMARK CANTON	HOTELNAME	HOTEL LANDMARK CANTON
HOTEL VALLEY HO	HOTELNAME	HOTEL VALLEY HO
GRAND HYATT NEW YORK	HOTELNAME	GRAND HYATT NEW YORK
THE RITZ-CARLTON, WASHINGTON, D.C.	HOTELNAME	THE RITZ-CARLTON, WASHINGTON, D.C.
GRAND HYATT WASHINGTON	HOTELNAME	GRAND HYATT WASHINGTON
DONOVAN HOUSE	HOTELNAME	THE DONOVAN HOTEL
GRAND CENTRAL HOTEL	HOTELNAME	GRAND CENTRAL HOTEL GLASGOW
DOG BARK PARK INN	HOTELNAME	DOG BARK PARK INN BED & BREAKFAST
HOTEL KANGERLUSSUAQ	HOTELNAME	HOTEL KANGERLUSSUAQ
HOTEL AMBOS MUNDOS	HOTELNAME	HOTEL AMBOS MUNDOS
VICTOR HOTEL	HOTELNAME	VICTOR HOTEL
INTERCONTINENTAL AMSTEL AMSTERDAM	HOTELNAME	INTERCONTINENTAL AMSTEL AMSTERDAM
PALM GRANDEUR	HOTELNAME	PALM GRANDEUR
KAMPALA SERENA HOTEL	HOTELNAME	KAMPALA SERENA HOTEL
KAMPALA SHERATON HOTEL	HOTELNAME	KAMPALA SHERATON HOTEL
IMPERIAL ROYALE HOTEL	HOTELNAME	IMPERIAL ROYALE HOTEL
GRAND IMPERIAL HOTEL	HOTELNAME	GRAND IMPERIAL HOTEL
HOTEL AFRICANA	HOTELNAME	HOTEL AFRICANA
KAMPALA HILTON HOTEL	HOTELNAME	KAMPALA HILTON HOTEL
PENNYHILL PARK HOTEL	HOTELNAME	PENNYHILL PARK HOTEL
HôTEL MONTANA	HOTELNAME	HôTEL MONTANA
GOLDEN CLOUDS	HOTELNAME	GOLDEN CLOUDS
TIDELINE OCEAN RESORT & SPA	HOTELNAME	TIDELINE OCEAN RESORT AND SPA - PALM BEACH, A KIMPTON HOTEL
CHRISTOPHER HOTEL	HOTELNAME	CHRISTOPHER HOTEL
ABBASI HOTEL	HOTELNAME	ABBASI HOTEL
AULANI	HOTELNAME	AULANI, A DISNEY RESORT & SPA
PARK CENTRAL HOTEL SAN FRANCISCO	HOTELNAME	PARK CENTRAL HOTEL SAN FRANCISCO
KAMPALA SPEKE HOTEL	HOTELNAME	KAMPALA SPEKE HOTEL
IMPERIAL BOTANICAL BEACH HOTEL	HOTELNAME	IMPERIAL BOTANICAL BEACH HOTEL
HOTEL EQUATORIA	HOTELNAME	HOTEL EQUATORIA
IMPERIAL RESORT BEACH HOTEL	HOTELNAME	IMPERIAL RESORT BEACH HOTEL
CLARION HOTEL, LIMERICK	HOTELNAME	THE CLARION HOTEL LIMERICK
MORESBY HALL	HOTELNAME	MORESBY HALL
HOLLENDEN HOTEL	HOTELNAME	THE HOLLENDEN HOTEL
ESPLANADE ZAGREB HOTEL	HOTELNAME	ESPLANADE ZAGREB HOTEL
ULAANBAATAR HOTEL	HOTELNAME	HOTEL ULAANBAATAR
RADISSON BLU IVERIA HOTEL, TBILISI	HOTELNAME	RADISSON BLU IVERIA HOTEL, TBILISI
HYATT REGENCY SAN FRANCISCO	HOTELNAME	HYATT REGENCY SAN FRANCISCO
ROYAL ALBION HOTEL	HOTELNAME	ROYAL ALBION HOTEL
MARSHALL'S HOTEL	HOTELNAME	MARSHALL'S HOTEL
SORRENTO HOTEL	HOTELNAME	SORRENTO HOTEL
HOTEL GRAND CHANCELLOR, HOBART	HOTELNAME	HOTEL GRAND CHANCELLOR
USS FLAGSHIP HOTEL	HOTELNAME	FLAGSHIP HOTEL
COLUMBUS HOTEL MONACO	HOTELNAME	COLUMBUS HOTEL MONACO
HôTEL DE PARIS MONTE-CARLO	HOTELNAME	HôTEL DE PARIS MONTE-CARLO
FANHAMS HALL	HOTELNAME	FANHAMS HALL
MERCURE LIVERPOOL ATLANTIC TOWER HOTEL	HOTELNAME	MERCURE LIVERPOOL ATLANTIC TOWER HOTEL
JAMAICA PEGASUS HOTEL	HOTELNAME	JAMAICA PEGASUS HOTEL
HOTEL SHANKER	HOTELNAME	HOTEL SHANKER, KATHMANDU
THE FAIRMONT PALM HOTEL & RESORT	HOTELNAME	FAIRMONT THE PALM
LARGS PIER HOTEL	HOTELNAME	LARGS PIER HOTEL
GEORGIAN TERRACE HOTEL	HOTELNAME	GEORGIAN TERRACE HOTEL
THE CHASE PARK PLAZA HOTEL	HOTELNAME	THE CHASE PARK PLAZA HOTEL
KEMPINSKI RESIDENCES PALM JUMEIRAH	HOTELNAME	KEMPINSKI HOTEL & RESIDENCES PALM JUMEIRAH
INBAL JERUSALEM HOTEL	HOTELNAME	INBAL JERUSALEM HOTEL
NANSLOE MANOR	HOTELNAME	NANSLOE MANOR
THE LENOX HOTEL	HOTELNAME	THE LENOX HOTEL
COPENHAGEN ADMIRAL HOTEL	HOTELNAME	COPENHAGEN ADMIRAL HOTEL
INTERCONTINENTAL TORONTO CENTRE	HOTELNAME	INTERCONTINENTAL HOTEL TORONTO CENTRE
HILTON ORLANDO LAKE BUENA VISTA	HOTELNAME	HILTON ORLANDO LAKE BUENA VISTA
GRAND HOTEL SOFIA	HOTELNAME	GRAND HOTEL SOFIA
LOTTE HOTEL MOSCOW	HOTELNAME	LOTTE HOTEL MOSCOW
PEEBLES HYDRO	HOTELNAME	PEEBLES HYDRO
THE DUNSTANE	HOTELNAME	THE DUNSTANE
QUEEN'S ASTORIA DESIGN HOTEL	HOTELNAME	QUEEN'S ASTORIA DESIGN HOTEL
ALPINE HOTEL	HOTELNAME	ALPINE HOTEL NUWARA ELIYA
MANOR HOUSE HOTEL	HOTELNAME	THE MANOR HOUSE
HOLT HOTEL	HOTELNAME	HOLT HOTEL
THE PULI HOTEL AND SPA	HOTELNAME	THE PULI HOTEL AND SPA
SWISSôTEL KRASNYE HOLMY MOSCOW	HOTELNAME	SWISSôTEL KRASNYE HOLMY
FEDERAL PALACE HOTEL	HOTELNAME	FEDERAL PALACE HOTEL
LA CONCHA RESORT	HOTELNAME	LA CONCHA, A RENAISSANCE RESORT
THE ARTISAN HOTEL	HOTELNAME	THE ARTISAN
HYATT CENTRIC FRENCH QUARTER NEW ORLEANS HOTEL	HOTELNAME	HYATT CENTRIC FRENCH QUARTER NEW ORLEANS
NOVOTEL CENTURY HONG KONG	HOTELNAME	(NOVOTEL CENTURY HONG KONG)
WHITE SWAN HOTEL, ALNWICK	HOTELNAME	THE WHITE SWAN HOTEL
SWISSôTEL TALLINN	HOTELNAME	SWISSôTEL TALLINN
SHAMROCK HOTEL, BENDIGO	HOTELNAME	HOTEL SHAMROCK
NOVOTEL NATHAN ROAD KOWLOON HONG KONG	HOTELNAME	(NOVOTEL NATHAN ROAD KOWLOON HONG KONG)
DOUBLE JJ RESORT	HOTELNAME	DOUBLE JJ RESORT
CALLY PALACE	HOTELNAME	CALLY PALACE
NORTH WEST CASTLE	HOTELNAME	NORTH WEST CASTLE
AMBASADOR HOTEL	HOTELNAME	AMBASADOR HOTEL
AMBASADOR HOTEL	HOTELNAME	Хотел Амбасадор
CARTER HOUSE INN	HOTELNAME	CARTER HOUSE INN
SHERATON CLUB DES PINS RESORT	HOTELNAME	SHERATON CLUB DES PINS RESORT
SHERATON CLUB DES PINS RESORT	HOTELNAME	شيراطون الجزائر
GEORGE WASHINGTON INN	HOTELNAME	GEORGE WASHINGTON INN
LAKE VICTORIA SERENA RESORT	HOTELNAME	LAKE VICTORIA SERENA RESORT
TAJ MAHAL HOTEL, DELHI	HOTELNAME	TAJ MAHAL HOTEL
GRAND HYATT SEOUL	HOTELNAME	GRAND HYATT SEOUL
ITC GRAND CHOLA HOTEL	HOTELNAME	ITC GRAND CHOLA
HILTON NIAGARA FALLS TOWER 2	HOTELNAME	HILTON HOTEL AND SUITES NIAGARA FALLS/FALLSVIEW
HOTEL NIKKO DüSSELDORF	HOTELNAME	HOTEL NIKKO DüSSELDORF
HOTEL PULITZER	HOTELNAME	HOTEL PULITZER
NH GRAND HOTEL KRASNAPOLSKY	HOTELNAME	NH COLLECTION GRAND HOTEL KRASNAPOLSKY
LLOYD HOTEL	HOTELNAME	LLOYD HOTEL
WESTIN PALACE MILAN	HOTELNAME	WESTIN PALACE MILAN
KABUL SERENA HOTEL	HOTELNAME	KABUL SERENA HOTEL
HOTEL FLORIDA MILAN	HOTELNAME	HOTEL FLORIDA MILAN
HOTEL PARACAS	HOTELNAME	HOTEL PARACAS
TASCHENBERGPALAIS	HOTELNAME	TASCHENBERGPALAIS
TASCHENBERGPALAIS	HOTELNAME	(KEMPINSKI DRESDEN)
HOTEL VIER JAHRESZEITEN KEMPINSKI	HOTELNAME	HOTEL VIER JAHRESZEITEN KEMPINSKI
HOTEL BRISTOL	HOTELNAME	HOTEL BRISTOL
HOTEL ROYAL CHRISTIANIA	HOTELNAME	HOTEL ROYAL CHRISTIANIA
JW MARRIOTT ABSHERON BAKU HOTEL	HOTELNAME	JW MARRIOTT ABSHERON BAKU HOTEL
DRONNINGLUND HOTEL	HOTELNAME	DRONNINGLUND HOTEL
HOTEL ALEXANDRA	HOTELNAME	HOTEL ALEXANDRA
HOTEL ATLANTIC KEMPINSKI	HOTELNAME	HOTEL ATLANTIC
MANDARIN ORIENTAL, MIAMI	HOTELNAME	MANDARIN ORIENTAL, MIAMI
HOTEL RIO PARK	HOTELNAME	HOTEL RIO PARK
IBIZA GRAN HOTEL	HOTELNAME	IBIZA GRAN HOTEL
GRAN HOTEL MONTESOL IBIZA	HOTELNAME	GRAN HOTEL MONTESOL IBIZA, CURIO COLLECTION BY HILTON
GRAN HOTEL	HOTELNAME	GRAN HOTEL
BELMOND MIRAFLORES PARK	HOTELNAME	BELMOND MIRAFLORES PARK
BANYAN TREE BINTAN	HOTELNAME	BANYAN TREE BINTAN
BINTAN LAGOON RESORT	HOTELNAME	BINTAN LAGOON RESORT
BINTAN AGRO BEACH RESORT	HOTELNAME	BINTAN AGRO BEACH RESORT
MAYANG SARI BEACH RESORT	HOTELNAME	MAYANG SARI BEACH RESORT
HOTEL AMBACANG	HOTELNAME	HOTEL AMBACANG
INTERCONTINENTAL HOTEL BALI	HOTELNAME	INTERCONTINENTAL BALI RESORT
HERMES PALACE HOTEL	HOTELNAME	HERMES PALACE HOTEL
CLUB MED RIA BINTAN	HOTELNAME	CLUB MED RIA BINTAN
PELANGI HOTEL	HOTELNAME	PELANGI HOTEL
LOOLA ADVENTURE RESORT	HOTELNAME	LOOLA ADVENTURE RESORT
LA CONCHA MOTEL	HOTELNAME	LA CONCHA MOTEL
THE KANDY HOUSE	HOTELNAME	KANDY HOUSE
HOTEL GLóRIA	HOTELNAME	HOTEL GLóRIA
THE RANCH RESORT	HOTELNAME	THE RANCH RESORT
SHERATON ALEPPO HOTEL	HOTELNAME	SHERATON HOTEL ALEPPO
JUPITER HOTEL	HOTELNAME	JUPITER HOTEL
HOTEL HANS EGEDE	HOTELNAME	HOTEL HANS EGEDE
SEAMEN'S HOME	HOTELNAME	SEAMEN'S HOME
PIONEER HOTEL	HOTELNAME	PIONEER
GRAND NILE TOWER HOTEL	HOTELNAME	GRAND NILE TOWER HOTEL
RADISSON ROYAL HOTEL, MOSCOW	HOTELNAME	RADISSON ROYAL HOTEL, MOSCOW
THE MURRAY HOTEL	HOTELNAME	THE MURRAY HOTEL
HOTEL MAJESTIC	HOTELNAME	HOTEL MAJESTIC
ROGNER HOTEL	HOTELNAME	ROGNER HOTEL
TIRANA INTERNATIONAL HOTEL	HOTELNAME	TIRANA INTERNATIONAL HOTEL
HOTEL UREKA	HOTELNAME	HOTEL UREKA MALABO
HOTEL IMPALA	HOTELNAME	HOTEL IMPALA
HOTEL BAHIA	HOTELNAME	HOTEL BAHIA
SOFITEL MALABO PRESIDENT PALACE	HOTELNAME	SOFITEL MALABO PRESIDENT PALACE
HOTEL PANAFRICA	HOTELNAME	HOTEL PANAFRICA
LA SALLE HOTEL	HOTELNAME	LA SALLE HOTEL
O'REILLY'S RAINFOREST RETREAT	HOTELNAME	O'REILLY'S RAINFOREST RETREAT
THE LOVAT HOTEL	HOTELNAME	THE LOVAT HOTEL
HOTEL MOTITHANG	HOTELNAME	HOTEL MOTITHANG
HOTEL DRUK	HOTELNAME	HOTEL DRUK
HOTEL JUMOLHARI	HOTELNAME	HOTEL JUMOLHARI
HOTEL WANGCHUCK	HOTELNAME	HOTEL WANGCHUCK
CAPTAIN COOK HOTEL	HOTELNAME	CAPTAIN COOK HOTEL
INTERNATIONAL DATELINE HOTEL	HOTELNAME	INTERNATIONAL DATELINE HOTEL
HOTEL NIKKO GUAM	HOTELNAME	HOTEL NIKKO GUAM
HOTEL NIKKO PALAU	HOTELNAME	HOTEL NIKKO PALAU
SEABANK HOTEL	HOTELNAME	SEABANK HOTEL
MALMAISON HOTEL, BELFAST	HOTELNAME	MALMAISON BELFAST HOTEL
ROYAL DOKMAIDENG HOTEL	HOTELNAME	ROYAL DOKMAIDENG HOTEL
HOTEL BEAU RIVAGE MEKONG	HOTELNAME	HOTEL BEAU RIVAGE MEKONG
LAO PLAZA HOTEL	HOTELNAME	LAO PLAZA HOTEL
DON CHAN PALACE	HOTELNAME	DON CHAN PALACE
GREEN PARK BOUTIQUE HOTEL	HOTELNAME	GREEN PARK BOUTIQUE HOTEL
AL DEIRA HOTEL	HOTELNAME	AL DEIRA HOTEL
SETTHA PALACE HOTEL	HOTELNAME	SETTHA PALACE HOTEL
HILTON PRINCESS SAN SALVADOR HOTEL	HOTELNAME	HILTON PRINCESS SAN SALVADOR HOTEL
ORIENTAL HOTEL	HOTELNAME	ORIENTAL HOTEL
THE GARDEN HOTEL, GUANGZHOU	HOTELNAME	THE GARDEN HOTEL, GUANGZHOU
FLITWICK MANOR	HOTELNAME	FLITWICK MANOR
OWAIN GLYNDWR HOTEL	HOTELNAME	OWAIN GLYNDWR HOTEL
THE THREE CROWNS HOTEL	HOTELNAME	THE THREE CROWNS HOTEL
THE TALBOT HOTEL	HOTELNAME	THE TALBOT HOTEL
THE LORD CREWE ARMS HOTEL	HOTELNAME	THE LORD CREWE ARMS HOTEL
THE BROCKET ARMS	HOTELNAME	THE BROCKET ARMS
NARA HOTEL	HOTELNAME	NARA HOTEL
BOSTON HARBOR HOTEL	HOTELNAME	BOSTON HARBOR HOTEL
MUNA HOTEL	HOTELNAME	MUNA HOTEL
SENTINEL HOTEL	HOTELNAME	SENTINEL HOTEL
WYNDHAM GRAND PITTSBURGH DOWNTOWN	HOTELNAME	WYNDHAM GRAND PITTSBURGH DOWNTOWN
MOKRICE CASTLE	HOTELNAME	MOKRICE CASTLE
HOTEL ARCTIC	HOTELNAME	HOTEL ARCTIC
AMANTAKA	HOTELNAME	AMANTAKA
AMANJIWO	HOTELNAME	AMANJIWO
AMANKILA	HOTELNAME	AMANKILA
THE CHEDI MUSCAT	HOTELNAME	THE CHEDI MUSCAT
LAMANA HOTEL	HOTELNAME	LAMANA HOTEL
ISLANDER HOTEL	HOTELNAME	GATEWAY HOTEL
GRAND HYATT MUSCAT HOTEL	HOTELNAME	GRAND HYATT MUSCAT HOTEL
MAIDS HEAD HOTEL	HOTELNAME	MAIDS HEAD HOTEL
CHURSTON COURT INN	HOTELNAME	CHURSTON COURT INN
HOTEL SISIMIUT	HOTELNAME	HOTEL SISIMIUT
LOEWS REGENCY SAN FRANCISCO	HOTELNAME	LOEWS REGENCY SAN FRANCISCO
JW MARRIOTT SAN FRANCISCO UNION SQUARE	HOTELNAME	JW MARRIOTT SAN FRANCISCO UNION SQUARE
HOTEL TAJIKISTAN	HOTELNAME	HOTEL TAJIKISTAN
HYATT REGENCY DUSHANBE HOTEL	HOTELNAME	HYATT REGENCY DUSHANBE HOTEL
LE MéRIDIEN SAN FRANCISCO	HOTELNAME	LE MéRIDIEN SAN FRANCISCO
THE MANSION ON O STREET	HOTELNAME	THE MANSION ON O STREET
WINDSOR ATLANTICA HOTEL	HOTELNAME	WINDSOR ATLâNTICA HOTEL
DUKE OF CORNWALL HOTEL	HOTELNAME	DUKE OF CORNWALL HOTEL
RIO OTHON PALACE	HOTELNAME	RIO OTHON PALACE
SEELBACH HOTEL	HOTELNAME	SEELBACH HOTEL
GRAND HOTEL KEMPINSKI HIGH TATRAS	HOTELNAME	GRAND HOTEL KEMPINSKI HIGH TATRAS
HOTEL MONTGOMERY	HOTELNAME	FOUR POINTS BY SHERATON SAN JOSE DOWNTOWN
MALMAISON HOTEL, LIVERPOOL	HOTELNAME	MALMAISON LIVERPOOL HOTEL
LANCASTER ARTS HOTEL	HOTELNAME	LANCASTER ARTS HOTEL
GLYNDON HOTEL	HOTELNAME	GLYNDON HOTEL
MILLENNIUM BAILEY'S HOTEL	HOTELNAME	THE BAILEY'S HOTEL LONDON
FAIRMONT ST ANDREWS	HOTELNAME	FAIRMONT ST ANDREWS
SPLENDID VENICE	HOTELNAME	SPLENDID VENICE
SAVOIA EXCELSIOR PALACE	HOTELNAME	SAVOIA EXCELSIOR PALACE
ROSA GRAND	HOTELNAME	ROSA GRAND
CASTILLE PARIS	HOTELNAME	CASTILLE PARIS
HOTEL ST. MORITZ	HOTELNAME	HOTEL ST. MORITZ
JW MARRIOTT KUALA LUMPUR	HOTELNAME	JW MARRIOTT HOTEL KUALA LUMPUR
JW MARRIOTT KUALA LUMPUR	HOTELNAME	吉隆坡JW万豪酒店
SHERATON IMPERIAL KUALA LUMPUR	HOTELNAME	SHERATON IMPERIAL KUALA LUMPUR
SHERATON IMPERIAL KUALA LUMPUR	HOTELNAME	吉隆坡喜来登大酒店
HOTEL ASTORIA, BRUSSELS	HOTELNAME	HOTEL ASTORIA
BOOTS COURT MOTEL	HOTELNAME	BOOTS COURT
THE LANGHAM HUNTINGTON, PASADENA	HOTELNAME	THE LANGHAM HUNTINGTON, PASADENA
MöVENPICK HOTEL RAMALLAH	HOTELNAME	MöVENPICK HOTEL RAMALLAH
CHATEAU LACOMBE HOTEL	HOTELNAME	CHATEAU LACOMBE HOTEL
GRAND PALACE HOTEL, RIGA	HOTELNAME	GRAND PALACE HOTEL
MAYAGüEZ RESORT & CASINO	HOTELNAME	MAYAGüEZ RESORT & CASINO
RADISSON BLU DAUGAVA HOTEL	HOTELNAME	RADISSON BLU DAUGAVA HOTEL
RENAISSANCE MALMö HOTEL	HOTELNAME	RENAISSANCE MALMö HOTEL
BAN PAKO	HOTELNAME	BAN PAKO
EGERTON HOUSE HOTEL	HOTELNAME	THE EGERTON HOUSE HOTEL
INTERCONTINENTAL NEW YORK BARCLAY HOTEL	HOTELNAME	INTERCONTINENTAL NEW YORK BARCLAY HOTEL
MNAWI BASHA HOTEL	HOTELNAME	MNAWI BASHA HOTEL
NANNING MARRIOTT	HOTELNAME	NANNING MARRIOTT\N南宁鑫伟万豪酒店
BELMONT HOUSE	HOTELNAME	BELMONT HOUSE
SHERATON MONTEVIDEO	HOTELNAME	SHERATON MONTEVIDEO
RADISSON MONTEVIDEO VICTORIA PLAZA HOTEL	HOTELNAME	RADISSON MONTEVIDEO VICTORIA PLAZA HOTEL
ROW NYC HOTEL	HOTELNAME	ROW NYC HOTEL
YOSEMITE VALLEY LODGE	HOTELNAME	YOSEMITE VALLEY LODGE
POUSADA MARINA INFANTE	HOTELNAME	POUSADA MARINA INFANTE
POUSADA MARINA INFANTE	HOTELNAME	皇庭海景酒店
URBN HOTELS SHANGHAI	HOTELNAME	URBN HOTEL SHANGHAI
CANYON HOTEL	HOTELNAME	CANYON HOTEL
STARHOTELS ANDERSON	HOTELNAME	STARHOTELS ANDERSON
THE FISHERMAN'S COT	HOTELNAME	THE FISHERMAN'S COT
LARKFIELD PRIORY HOTEL	HOTELNAME	LARKFIELD PRIORY HOTEL
THE OLD BELL, MALMESBURY	HOTELNAME	THE OLD BELL
BEAR HOTEL	HOTELNAME	THE BEAR HOTEL
HYATT REGENCY ORLANDO	HOTELNAME	HYATT REGENCY ORLANDO
TOWNHOUSE DESIGNHOTEL MAASTRICHT	HOTELNAME	TOWNHOUSE DESIGNHOTEL MAASTRICHT
HIP HOTEL ST. MARTENSLANE	HOTELNAME	HIP HOTEL ST. MARTENSLANE
QBIC HOTELS	HOTELNAME	QBIC HOTELS
DOM-HOTEL	HOTELNAME	DOM-HOTEL
STEIGENBERGER PARKHOTEL DüSSELDORF	HOTELNAME	STEIGENBERGER PARKHOTEL
STEIGENBERGER PARKHOTEL DüSSELDORF	HOTELNAME	DüSSELDORF
TEMPLE GARDENS HOTEL & SPA	HOTELNAME	TEMPLE GARDENS HOTEL & SPA
THE DUKE OF EDINBURGH HOTEL	HOTELNAME	THE DUKE OF EDINBURGH HOTEL
SHERATON DüSSELDORF AIRPORT HOTEL	HOTELNAME	SHERATON DüSSELDORF AIRPORT
GRAND HOTEL KATHMANDU	HOTELNAME	GRAND HOTEL KATHMANDU
EGERTON GREY COUNTRY HOUSE HOTEL	HOTELNAME	EGERTON GREY COUNTRY HOUSE HOTEL
HAZLITT'S	HOTELNAME	HAZLITT'S
PARSIAN ESTEGHLAL INTERNATIONAL HOTEL	HOTELNAME	PARSIAN ESTEGHLAL INTERNATIONAL HOTEL
PARSIAN AZADI HOTEL	HOTELNAME	PARSIAN AZADI HOTEL
ANTLERS HOTEL	HOTELNAME	ANTLERS HOTEL
HOTEL SENATOR	HOTELNAME	HOTEL SENATOR
RAJMAHAL HOTEL	HOTELNAME	RAJMAHAL HOTEL
FOUR POINTS BY SHERATON NIAGARA FALLS	HOTELNAME	FOUR POINTS BY SHERATON
ROYAL TULIP AL RASHEED HOTEL	HOTELNAME	ROYAL TULIP AL RASHEED HOTEL
HOTEL NEWFOUNDLAND	HOTELNAME	SHERATON HOTEL NEWFOUNDLAND
THE HOLLYWOOD ROOSEVELT HOTEL	HOTELNAME	THE HOLLYWOOD ROOSEVELT HOTEL
ST. PANCRAS RENAISSANCE LONDON HOTEL	HOTELNAME	ST. PANCRAS RENAISSANCE LONDON HOTEL
ASTORIA PALACE HOTEL	HOTELNAME	ASTORIA PALACE HOTEL
MARINA ALL SUITES HOTEL	HOTELNAME	MARINA ALL SUITES HOTEL
COPACABANA HOTEL RESIDêNCIA	HOTELNAME	COPACABANA HOTEL RESIDêNCIA
OURO VERDE HOTEL	HOTELNAME	OURO VERDE HOTEL
THE PENINSULA BANGKOK	HOTELNAME	THE PENINSULA BANGKOK
THE PENINSULA CHICAGO	HOTELNAME	THE PENINSULA CHICAGO
THE PENINSULA NEW YORK	HOTELNAME	THE PENINSULA NEW YORK
KAMPALA INTERCONTINENTAL HOTEL	HOTELNAME	KAMPALA INTERCONTINENTAL HOTEL
GRAND HOTEL TRIPOLI	HOTELNAME	GRAND HOTEL TRIPOLI
AL WADDAN HOTEL	HOTELNAME	AL WADDAN HOTEL
RADISSON BLU AL MAHARY HOTEL TRIPOLI	HOTELNAME	RADISSON BLU AL MAHARY HOTEL TRIPOLI
HOTEL TOBRUK	HOTELNAME	HOTEL TOBRUK
BAB EL BAHR HOTEL	HOTELNAME	BAB EL BAHR HOTEL
GRAND HOTEL BENGHAZI	HOTELNAME	GRAND HOTEL BENGHAZI
TIBESTI HOTEL	HOTELNAME	TIBESTI HOTEL
UZU HOTEL	HOTELNAME	UZU HOTEL
HôTEL TFEILA	HOTELNAME	HOTEL TFEILA
HôTEL TFEILA	HOTELNAME	فندق اطفيله
HOTEL HALIMA	HOTELNAME	HOTEL HALIMA
HOTEL HALIMA	HOTELNAME	فندق حليمة
HILTON BRIGHTON METROPOLE	HOTELNAME	HILTON BRIGHTON METROPOLE
HOTEL MARIADOR PALACE	HOTELNAME	HOTEL MARIADOR PALACE
GRAND HOTEL DE L'INDEPENDANCE	HOTELNAME	GRAND HOTEL DE L'INDEPENDANCE
HOTEL PALM CAMAYENNE	HOTELNAME	HOTEL PALM CAMAYENNE
CORK INTERNATIONAL HOTEL	HOTELNAME	CORK INTERNATIONAL HOTEL
AUCHEN CASTLE HOTEL	HOTELNAME	AUCHEN CASTLE WEDDING VENUE
BUCKINGHAM HOTEL	HOTELNAME	BUCKINGHAM HOTEL
CARBIS BAY HOTEL	HOTELNAME	CARBIS BAY HOTEL
HOTEL ABKHAZIA SOKHUMI	HOTELNAME	HOTEL ABKHAZIA SOKHUMI
FARHAT HOTEL	HOTELNAME	FARHAT HOTEL
MAZAR HOTEL	HOTELNAME	MAZAR HOTEL
HOTEL RITSA	HOTELNAME	HOTEL RITSA
HEETAL PLAZA HOTEL	HOTELNAME	HEETAL PLAZA HOTEL
ADRIATIK HOTEL	HOTELNAME	ADRIATIK HOTEL
HOTEL DAJTI	HOTELNAME	HOTEL DAJTI
EL-DJAZAIR	HOTELNAME	EL-DJAZAIR
HILTON ALGER	HOTELNAME	HILTON ALGER
HOTEL IBIS ALGER AEROPORT	HOTELNAME	HOTEL IBIS ALGER AEROPORT
HOTEL EL-AURASSI	HOTELNAME	HOTEL EL-AURASSI
SOFITEL ALGER HAMMA GARDEN	HOTELNAME	SOFITEL ALGER HAMMA GARDEN
ROYAL HOTEL	HOTELNAME	ROYAL HOTEL
GRAND HOTEL CIRTA	HOTELNAME	GRAND HOTEL CIRTA
SHERATON ORAN HOTEL AND TOWERS	HOTELNAME	SHERATON ORAN HOTEL AND TOWERS
HOTEL LE MAJESTIC	HOTELNAME	HOTEL LE MAJESTIC
HOTEL ZIANIDES	HOTELNAME	HOTEL ZIANIDES
RAINMAKER HOTEL	HOTELNAME	RAINMAKER HOTEL
TRADEWINDS HOTEL	HOTELNAME	TRADEWINDS HOTEL
HOTEL BRINGUé	HOTELNAME	HOTEL BRINGUé
HOTEL PYRéNéES	HOTELNAME	HOTEL PYRéNéES
SPORT HOTEL	HOTELNAME	SPORT HOTEL
CAP JULUCA HOTEL	HOTELNAME	CAP JULUCA HOTEL
CARIMAR BEACH CLUB	HOTELNAME	CARIMAR BEACH CLUB
HOTEL PLAZA GRANDE	HOTELNAME	HOTEL PLAZA GRANDE
CUISINART RESORT AND SPA	HOTELNAME	CUISINART RESORT AND SPA
ALLEGRO PAPAGAYO	HOTELNAME	ALLEGRO PAPAGAYO
TEN SQUARE	HOTELNAME	TEN SQUARE
CRIEFF HYDRO	HOTELNAME	CRIEFF HYDRO
QAQORTOQ HOSTEL	HOTELNAME	QAQORTOQ HOSTEL
HOTEL ICON	HOTELNAME	HOTEL ICON
BEAU-RIVAGE GENEVA	HOTELNAME	BEAU-RIVAGE GENèVE
EL CASTILLO HOTEL	HOTELNAME	EL CASTILLO HOTEL FABREGA ORGANIZATIONAL CENTER
BRITISH COLONIAL HILTON NASSAU	HOTELNAME	BRITISH COLONIAL HILTON NASSAU
THE APPLE FARM	HOTELNAME	APPLE FARM INN
SOFITEL CHICAGO WATER TOWER	HOTELNAME	SOFITEL CHICAGO WATER TOWER
PLAZA RESORT BONAIRE	HOTELNAME	PLAZA RESORT BONAIRE
HOTEL ASTORIA	HOTELNAME	HOTEL ASTORIA
71 NYHAVN	HOTELNAME	71
THE GEORGE HOTEL, READING	HOTELNAME	THE GEORGE HOTEL
MALMAISON HOTEL, READING	HOTELNAME	MALMAISON READING HOTEL
THE FORBURY HOTEL	HOTELNAME	THE FORBURY HOTEL
BASRA INTERNATIONAL HOTEL	HOTELNAME	BASRA INTERNATIONAL HOTEL
BASRA INTERNATIONAL HOTEL	HOTELNAME	فندق البصرة الدولي
AC HOTEL BELLA SKY COPENHAGEN	HOTELNAME	AC HOTEL BELLA SKY COPENHAGEN
HILTON MEMPHIS	HOTELNAME	HILTON MEMPHIS
HERODS HOTELS	HOTELNAME	HERODS HOTELS
HERODS HOTELS	HOTELNAME	רשת מלונות הרודס
CHAMBERLAIN WEST HOLLYWOOD HOTEL	HOTELNAME	CHAMBERLAIN WEST HOLLYWOOD HOTEL
PALáCIO QUITANDINHA	HOTELNAME	PALáCIO QUITANDINHA
AUSTRIA CLASSIC HOTEL WIEN	HOTELNAME	AUSTRIA CLASSIC HOTEL WIEN
MANDARIN ORIENTAL, TOKYO	HOTELNAME	MANDARIN ORIENTAL, TOKYO
MANDARIN ORIENTAL, BARCELONA	HOTELNAME	MANDARIN ORIENTAL, BARCELONA
CHAMRAN GRAND HOTEL	HOTELNAME	CHAMRAN GRAND HOTEL
THE CAVENDISH HOTEL	HOTELNAME	THE CAVENDISH LONDON
CECIL HOTEL	HOTELNAME	STEIGENBERGER CECIL HOTEL
MANDARIN ORIENTAL, MUNICH	HOTELNAME	MANDARIN ORIENTAL, MUNICH
MANDARIN ORIENTAL, SANYA	HOTELNAME	MANDARIN ORIENTAL, SANYA
CRYSTAL HOTEL	HOTELNAME	CRYSTAL HOTEL
MANDARIN ORIENTAL, PARIS	HOTELNAME	MANDARIN ORIENTAL, PARIS
HOTEL PONCE INTERCONTINENTAL	HOTELNAME	HOTEL PONCE INTERCONTINENTAL
NORTH EUSTON HOTEL	HOTELNAME	NORTH EUSTON HOTEL
SOFITEL MACAU AT PONTE 16	HOTELNAME	SOFITEL MACAU AT PONTE 16
SOFITEL MACAU AT PONTE 16	HOTELNAME	澳門十六浦索菲特大酒店
LE RICHEMOND	HOTELNAME	LE RICHEMOND
HOTEL ALFONSO XIII	HOTELNAME	HOTEL ALFONSO XIII
GRAND HOTEL TOPLICE	HOTELNAME	GRAND HOTEL TOPLICE
GRAND RAPIDS HOTEL	HOTELNAME	THE GRAND RAPIDS HOTEL
SURFCOMBER HOTEL	HOTELNAME	THE SURFCOMBER HOTEL MIAMI, SOUTH BEACH, A KIMPTON HOTEL
HOTEL JEROME	HOTELNAME	HOTEL JEROME
EL REY INN	HOTELNAME	EL REY INN
BRAYE BEACH HOTEL	HOTELNAME	BRAYE BEACH HOTEL
WHITE HOUSE	HOTELNAME	WHITE HOUSE
LA SABLONNERIE	HOTELNAME	LA SABLONNERIE
LA GRANDE MARE	HOTELNAME	LA GRANDE MARE
LA FREGATE HOTEL	HOTELNAME	LA FREGATE
THE ST. PIERRE PARK HOTEL	HOTELNAME	THE ST. PIERRE PARK HOTEL
ABBEY COURT HOTEL	HOTELNAME	ABBEY COURT HOTEL
QUEENS HOTEL	HOTELNAME	QUEENS HOTEL
BROOKSTREET HOTEL	HOTELNAME	BROOKSTREET HOTEL
HOTEL BERLIN, BERLIN	HOTELNAME	HOTEL BERLIN
HOTEL BEROLINA	HOTELNAME	HOTEL BEROLINA
HOTEL KAISERHOF	HOTELNAME	HOTEL KAISERHOF
HOTEL FüRSTENHOF	HOTELNAME	HOTEL FüRSTENHOF
HOTEL BRISTOL	HOTELNAME	HOTEL BRISTOL
GRAND HOTEL BELLEVUE	HOTELNAME	GRAND HOTEL BELLEVUE
TURTAGRø	HOTELNAME	TURTAGRø
DALEN HOTEL	HOTELNAME	DALEN HOTEL
HOTEL NAPOLEON	HOTELNAME	HôTEL NAPOLéON
HARBOURMASTER HOTEL	HOTELNAME	HARBOURMASTER HOTEL
SAINT GEORGES HOTEL, LONDON	HOTELNAME	SAINT GEORGES HOTEL
BERGMANN HOTEL	HOTELNAME	BERGMANN HOTEL
CARDIFF MARRIOTT HOTEL	HOTELNAME	CARDIFF MARRIOTT
HILTON CARDIFF	HOTELNAME	HILTON CARDIFF
LE CHABICHOU	HOTELNAME	LE CHABICHOU
MAISON PIC	HOTELNAME	MAISON PIC
HOTEL D'ANGELI'S	HOTELNAME	HOTEL D'ANGELI'S
MALLBERRY SUITES	HOTELNAME	MALLBERRY SUITES
MAIDENS HOTEL, DELHI	HOTELNAME	MAIDENS HOTEL
MONTECITO INN	HOTELNAME	MONTECITO INN
PRESTONFIELD HOUSE	HOTELNAME	PRESTONFIELD HOUSE
GRAN HOTEL GUADALPIN BANúS	HOTELNAME	GRAN HOTEL GUADALPIN BANúS
GRAN MELIá DON PEPE	HOTELNAME	HOTEL GRAN MELIá DON PEPE
HYATT REGENCY CHENNAI	HOTELNAME	HYATT REGENCY CHENNAI
TAJ COROMANDEL	HOTELNAME	TAJ COROMANDEL
TAJ CONNEMARA	HOTELNAME	VIVANTA BY TAJ—CONNEMARA
LE ROYAL MERIDIEN, CHENNAI	HOTELNAME	LE ROYAL MERIDIEN CHENNAI
THE PARK, CHENNAI	HOTELNAME	THE PARK CHENNAI
HILTON CHENNAI	HOTELNAME	HILTON CHENNAI
MY FORTUNE, CHENNAI	HOTELNAME	MY FORTUNE, CHENNAI
MY FORTUNE, CHENNAI	HOTELNAME	FORMERLY CHOLA SHERATON
TRIDENT, CHENNAI	HOTELNAME	TRIDENT, CHENNAI
THE CHARLES HOTEL	HOTELNAME	THE CHARLES HOTEL
RADISSON BLU HOTEL CHENNAI	HOTELNAME	RADISSON BLU HOTEL GRT CHENNAI
HYATT REGENCY ARUBA RESORT & CASINO	HOTELNAME	HYATT REGENCY ARUBA RESORT & CASINO
CROWN HOTEL, POOLE	HOTELNAME	CROWN HOTEL
ROYAL LION HOTEL	HOTELNAME	ROYAL LION HOTEL
THREE CUPS HOTEL	HOTELNAME	THREE CUPS HOTEL
CROWNE PLAZA CHENNAI ADYAR PARK	HOTELNAME	CROWNE PLAZA CHENNAI ADYAR PARK
TAJ CLUB HOUSE CHENNAI	HOTELNAME	TAJ CLUB HOUSE
TOWNSEND HOTEL	HOTELNAME	TOWNSEND HOTEL
ROYAL PARK HOTEL	HOTELNAME	ROYAL PARK HOTEL
INN AT ST. JOHN'S PLYMOUTH DETROIT	HOTELNAME	INN AT ST. JOHN'S
ATHENEUM SUITE HOTEL DETROIT	HOTELNAME	ATHENEUM SUITE HOTEL
HOTEL ST. REGIS, DETROIT	HOTELNAME	HOTEL ST. REGIS
HOTEL DU VIN	HOTELNAME	HOTEL DU VIN
THE LIFEBOAT INN, THORNHAM	HOTELNAME	THE LIFEBOAT INN
HOWTOWN HOTEL	HOTELNAME	HOWTOWN HOTEL
BISHOPSTROW HOUSE	HOTELNAME	BISHOPSTROW HOUSE
ROWTON HALL HOTEL	HOTELNAME	ROWTON HALL HOTEL
ONE THOUSAND OCEAN	HOTELNAME	ONE THOUSAND OCEAN
HOTEL NASSAUER HOF	HOTELNAME	HOTEL NASSAUER HOF
RAICHAK ON GANGES	HOTELNAME	RAICHAK ON GANGES
THE LEELA PALACE CHENNAI	HOTELNAME	THE LEELA PALACE CHENNAI
HóTEL BúðIR	HOTELNAME	HóTEL BúðIR
GRAND FORKS HOTEL	HOTELNAME	GRAND FORKS HOTEL
ACCORD METROPOLITAN	HOTELNAME	THE ACCORD METROPOLITAN
THE OBEROI, GURGAON	HOTELNAME	THE OBEROI, GURGAON
SOHO GRAND HOTEL	HOTELNAME	SOHO GRAND HOTEL
SERALAGO HOTEL & SUITES MAIN GATE EAST	HOTELNAME	SERALAGO HOTEL & SUITES MAIN GATE EAST
GLACIER POINT HOTEL	HOTELNAME	THE GLACIER POINT HOTEL
THE BOWERY HOUSE	HOTELNAME	THE BOWERY HOUSE
STREAMLINE HOTEL	HOTELNAME	STREAMLINE HOTEL
FEDERAL COFFEE PALACE	HOTELNAME	FEDERAL HOTEL AND COFFEE PALACE
HILTON LONDON HYDE PARK	HOTELNAME	HILTON LONDON HYDE PARK
WALDO HOTEL	HOTELNAME	WALDO HOTEL
KOREANA HOTEL	HOTELNAME	KOREANA HOTEL
BLUE SWALLOW MOTEL	HOTELNAME	BLUE SWALLOW MOTEL
RADISSON BLU CITY CENTRE	HOTELNAME	RADISSON BLU CITY CENTRE CHENNAI
CROWNE PLAZA COPENHAGEN TOWERS	HOTELNAME	CROWNE PLAZA COPENHAGEN TOWERS
MERITON GRAND HOTEL TALLINN	HOTELNAME	MERITON GRAND HOTEL TALLINN
WAGON WHEEL MOTEL, CAFé AND STATION	HOTELNAME	WAGON WHEEL MOTEL, CAFé AND STATION
HOTEL AFRICA	HOTELNAME	HOTEL AFRICA
CORAL COURT MOTEL	HOTELNAME	CORAL COURT MOTEL
PLAZA SãO RAFAEL HOTEL	HOTELNAME	PLAZA SãO RAFAEL HOTEL
FALMOUTH BEACH HOTEL	HOTELNAME	FALMOUTH BEACH HOTEL
THE FALMOUTH HOTEL	HOTELNAME	THE FALMOUTH HOTEL
JOHN'S MODERN CABINS	HOTELNAME	JOHN'S MODERN CABINS
RAINTREE HOTEL, ST MARY'S ROAD	HOTELNAME	THE RAINTREE HOTEL
RAINTREE HOTEL, ST MARY'S ROAD	HOTELNAME	(ST MARY'S ROAD)
THE RAINTREE HOTEL ANNA SALAI	HOTELNAME	THE RAINTREE HOTEL
THE RAINTREE HOTEL ANNA SALAI	HOTELNAME	(ANNA SALAI)
MUNGER-MOSS MOTEL	HOTELNAME	MUNGER MOSS MOTEL
GALLERY PARK HOTEL, RIGA	HOTELNAME	GALLERY PARK HOTEL & SPA
HYATT REGENCY CASABLANCA	HOTELNAME	HYATT REGENCY CASABLANCA
ROYAL MANSOUR CASABLANCA	HOTELNAME	ROYAL MANSOUR CASABLANCA
SHERATON CASABLANCA HOTEL & TOWERS	HOTELNAME	SHERATON CASABLANCA HOTEL & TOWERS
POSEIDONION GRAND HOTEL	HOTELNAME	POSEIDONION GRAND HOTEL
HOTEL ZIPSER	HOTELNAME	HOTEL ZIPSER
FOUR SEASONS HOTEL, WASHINGTON, D.C.	HOTELNAME	FOUR SEASONS HOTEL WASHINGTON, D.C.
MANDARIN ORIENTAL, WASHINGTON, D.C.	HOTELNAME	MANDARIN ORIENTAL WASHINGTON, D.C.
THE RITZ-CARLTON, GEORGETOWN	HOTELNAME	THE RITZ-CARLTON GEORGETOWN
TAJ BOSTON	HOTELNAME	TAJ BOSTON
INNA GARUDA	HOTELNAME	INNA GARUDA
ST. GREGORY HOTEL	HOTELNAME	ST. GREGORY HOTEL
THE IMPERIAL HOTEL BLACKPOOL	HOTELNAME	THE IMPERIAL HOTEL BLACKPOOL
66 MOTEL	HOTELNAME	66
HOTEL GRAF STADION	HOTELNAME	HOTEL GRAF STADION
AKBORIA	HOTELNAME	AKBORIA
THE CROWN	HOTELNAME	THE CROWN
MAXANDREA HOTEL	HOTELNAME	MAXANDREA HOTEL
GRAND HOTEL QUISISANA	HOTELNAME	GRAND HOTEL QUISISANA
JK PLACE CAPRI	HOTELNAME	JK PLACE CAPRI
SAVERA HOTEL	HOTELNAME	THE SAVERA
HOTEL DILI	HOTELNAME	HOTEL DILI
BRISTOL HOTEL, GIBRALTAR	HOTELNAME	BRISTOL HOTEL
CROWNE PLAZA SHANGHAI ANTING GOLF	HOTELNAME	CROWNE PLAZA SHANGHAI ANTING GOLF
LOEWS MADISON HOTEL	HOTELNAME	LOEWS MADISON HOTEL
FOUR POINTS BY SHERATON TRIPOLI	HOTELNAME	FOUR POINTS BY SHERATON, TRIPOLI
SHERATON HOTEL TRIPOLI	HOTELNAME	SHERATON HOTEL TRIPOLI
AL GHAZALA INTERCONTINENTAL TRIPOLI HOTEL	HOTELNAME	AL GHAZALA INTERCONTINENTAL TRIPOLI HOTEL
JW MARRIOTT TRIPOLI	HOTELNAME	JW MARRIOTT HOTEL TRIPOLI
RESIDENCY TOWERS CHENNAI	HOTELNAME	RESIDENCY TOWERS CHENNAI
FOSSLI HOTEL	HOTELNAME	FOSSLI HOTEL
HOTEL CARRASCO	HOTELNAME	CARRASCO HOTEL
NOVOTEL SAINT PETERSBURG CENTRE	HOTELNAME	(NOVOTEL SAINT PETERSBURG CENTRE)
NORTHOP HALL COUNTRY HOUSE HOTEL	HOTELNAME	NORTHOP HALL COUNTRY HOUSE HOTEL
BROWN'S HOTEL	HOTELNAME	BROWNS HOTEL
THE HERMITAGE HOTEL, MOUNT COOK VILLAGE	HOTELNAME	THE HERMITAGE HOTEL, MOUNT COOK VILLAGE
HOTEL CLARIDGE	HOTELNAME	HOTEL CLARIDGE
THE ROCK HOTEL	HOTELNAME	THE ROCK HOTEL
INTERCONTINENTAL KYIV	HOTELNAME	INTERCONTINENTAL KIEV
FRANCIS HOTEL, BATH	HOTELNAME	FRANCIS HOTEL
PARK HYATT CHENNAI	HOTELNAME	PARK HYATT CHENNAI
JW MARRIOTT CHENNAI	HOTELNAME	JW MARRIOTT HOTEL CHENNAI
GEORGE HOTEL, CHEPSTOW	HOTELNAME	GEORGE HOTEL
ROYAL GEORGE HOTEL, TINTERN	HOTELNAME	ROYAL GEORGE HOTEL
THE BEAUFORT HOTEL, CHEPSTOW	HOTELNAME	THE BEAUFORT HOTEL
CNAPAN HOTEL	HOTELNAME	CNAPAN HOTEL
THE HOTEL BRUSSELS	HOTELNAME	THE HOTEL BRUSSELS
DAN HOTEL, TEL AVIV	HOTELNAME	DAN TEL AVIV HOTEL
DAN HOTEL, TEL AVIV	HOTELNAME	מלון דן תל אביב
ROYAL CASTLE HOTEL	HOTELNAME	THE ROYAL CASTLE HOTEL
HOTEL EUROPE	HOTELNAME	HOTEL EUROPE
ATLANTA CABANA MOTEL	HOTELNAME	ATLANTA CABANA MOTEL
SCOTS HOTEL	HOTELNAME	SCOTS HOTEL
FOUR POINTS BY SHERATON BRISBANE	HOTELNAME	FOUR POINTS BY SHERATON BRISBANE
DHAKA WESTIN	HOTELNAME	THE WESTIN DHAKA
CALETA HOTEL	HOTELNAME	CALETA HOTEL
THE PENINSULA BEVERLY HILLS	HOTELNAME	THE PENINSULA BEVERLY HILLS
THE ALBANNACH	HOTELNAME	THE ALBANNACH
HYATT REGENCY PARIS – CHARLES DE GAULLE	HOTELNAME	HYATT REGENCY PARIS - CHARLES DE GAULLE
PIKES HOTEL	HOTELNAME	IBIZA ROCKS HOUSE AT PIKES HOTEL
IBIZA ROCKS	HOTELNAME	IBIZA ROCKS HOTEL
WESTIN CHENNAI	HOTELNAME	WESTIN CHENNAI
TOKATLıYAN HOTELS	HOTELNAME	TOKATLıYAN HOTELS
CLIFTONVILLE HOTEL, CROMER	HOTELNAME	CLIFTONVILLE HOTEL
RED LION HOTEL, CROMER	HOTELNAME	RED LION HOTEL
MANOR HOTEL, MUNDESLEY	HOTELNAME	MANOR HOTEL
SEASIDE INN	HOTELNAME	SEASIDE INN
GEORGE HOTEL, SWAFFHAM	HOTELNAME	GEORGE HOTEL
WASHINGTON MARRIOTT MARQUIS	HOTELNAME	MARRIOTT MARQUIS WASHINGTON, DC
GRAND HYATT ATLANTA IN BUCKHEAD	HOTELNAME	GRAND HYATT ATLANTA IN BUCKHEAD
SANDCLIFF HOTEL, CROMER	HOTELNAME	SANDCLIFF HOTEL
BELL HOTEL, THETFORD	HOTELNAME	BELL HOTEL
JUMEIRAH ZABEEL SARAY	HOTELNAME	JUMEIRAH ZABEEL SARAY
EVERSLEY HOTEL, CROMER	HOTELNAME	EVERSLEY HOTEL
BELMOND REID'S PALACE	HOTELNAME	BELMOND REID'S PALACE
GOLDEN LION HOTEL, HUNSTANTON	HOTELNAME	GOLDEN LION HOTEL
GRIFFIN HOTEL, ATTLEBOROUGH	HOTELNAME	GRIFFIN HOTEL
DALES COUNTRY HOUSE HOTEL, UPPER SHERINGHAM	HOTELNAME	DALES COUNTRY HOUSE HOTEL
ROYAL HOTEL, GREAT YARMOUTH	HOTELNAME	ROYAL HOTEL
DURDANS, MUNDESLEY	HOTELNAME	THE DURDANS
PRESIDENT-HOTEL	HOTELNAME	PRESIDENT HOTEL
THE ELGIN, DARJEELING	HOTELNAME	THE ELGIN HOTEL, DARJEELING
HOTEL CHINZANSO TOKYO	HOTELNAME	HOTEL CHINZANSO TOKYO
HILTON ISTANBUL BOSPHORUS	HOTELNAME	HILTON ISTANBUL BOSPHORUS
PALACE HOTEL	HOTELNAME	PALACE HOTEL
CECIL HOTEL	HOTELNAME	CECIL HOTEL
TAYYARE APARTMENTS	HOTELNAME	CROWNE PLAZA ISTANBUL OLD CITY
ISTANBUL 4TH VAKıF HAN	HOTELNAME	LEGACY OTTOMAN HOTEL
HOTEL BOND	HOTELNAME	HOTEL BOND
OLD CATARACT HOTEL	HOTELNAME	OLD CATARACT HOTEL
INTERCONTINENTAL HANOI LANDMARK 72	HOTELNAME	INTERCONTINENTAL HANOI LANDMARK 72
TAJ SURYA COIMBATORE	HOTELNAME	VIVANTA BY TAJ—SURYA
CAPITOL SKYLINE HOTEL	HOTELNAME	CAPITOL SKYLINE HOTEL
GREAT EASTERN HOTEL, LONDON	HOTELNAME	ANDAZ LONDON LIVERPOOL STREET
GREAT EASTERN HOTEL	HOTELNAME	THE LALIT GREAT EASTERN HOTEL
KOHINOOR ASIANA HOTEL	HOTELNAME	KOHINOOR ASIANA HOTEL
THE WESTIN GRAND, VANCOUVER	HOTELNAME	THE WESTIN GRAND, VANCOUVER
FAIRMONT PACIFIC RIM	HOTELNAME	FAIRMONT PACIFIC RIM
GRT GRAND, CHENNAI	HOTELNAME	GRAND BY GRT HOTELS, CHENNAI
QUEEN'S HOTEL, GIBRALTAR	HOTELNAME	QUEEN'S HOTEL
RADHA REGENT HOTEL, CHENNAI	HOTELNAME	HOTEL RADHA REGENT
RADHA REGENT HOTEL, CHENNAI	HOTELNAME	(JAWAHARLAL NEHRU SALAI)
HOTEL INDIGO HONG KONG ISLAND	HOTELNAME	HOTEL INDIGO, HONG KONG ISLAND, HONG KONG
HOYT HOTEL	HOTELNAME	HOYT HOTEL
ECCLESTON SQUARE HOTEL	HOTELNAME	ECCLESTON SQUARE HOTEL
THE ARTESIAN HOTEL	HOTELNAME	THE ARTESIAN HOTEL, CASINO AND SPA
HôTEL DU PALAIS	HOTELNAME	HôTEL DU PALAIS
DIVAN ISTANBUL	HOTELNAME	DIVAN ISTANBUL
AMMENDE VILLA	HOTELNAME	AMMENDE VILLA
ELLENBOROUGH PARK HOTEL	HOTELNAME	ELLENBOROUGH PARK HOTEL
HOTEL MONTCLAIR	HOTELNAME	HOTEL MONTCLAIR
THE THIEF	HOTELNAME	THE THIEF
CLARENCE HOTEL	HOTELNAME	THE CLARENCE HOTEL
IMPERIAL QUEEN'S PARK HOTEL	HOTELNAME	THE IMPERIAL QUEEN'S PARK HOTEL, BANGKOK
GRAND OCEAN, SALTDEAN	HOTELNAME	GRAND OCEAN
RENAISSANCE MONTGOMERY HOTEL & SPA AT THE CONVENTION CENTER	HOTELNAME	RENAISSANCE MONTGOMERY HOTEL & SPA AT THE CONVENTION CENTER
GRAND HOTEL MODERNE	HOTELNAME	THE GRAND HOTEL MODERNE
SPA HOTEL EDEN	HOTELNAME	BREAK SOKOS HOTEL EDEN
CHEVRE D'OR	HOTELNAME	LA CHèVRE D'OR
RADISSON BLU ALCRON HOTEL	HOTELNAME	RADISSON BLU ALCRON HOTEL
CORINTHIA HOTEL BUDAPEST	HOTELNAME	CORINTHIA HOTEL BUDAPEST
SHERATON ADDIS	HOTELNAME	SHERATON ADDIS
INTERCONTINENTAL PARIS LE GRAND HOTEL	HOTELNAME	INTERCONTINENTAL PARIS
INTERCONTINENTAL PARIS LE GRAND HOTEL	HOTELNAME	LE GRAND HOTEL
SWISS DIAMOND PRISHTINA	HOTELNAME	SWISS DIAMOND HOTEL PRISHTINA
HOTEL NATIONAL, MOSCOW	HOTELNAME	HOTEL NATIONAL, MOSCOW
USHA KIRAN PALACE	HOTELNAME	USHA KIRAN PALACE
ROYAL HOTEL, NORWICH	HOTELNAME	ROYAL HOTEL
GRAND HOTEL ET DE MILAN	HOTELNAME	GRAND HOTEL ET DE MILAN
MALOJA PALACE	HOTELNAME	MALOJA PALACE HOTEL
INTERCONTINENTAL GENEVA	HOTELNAME	INTERCONTINENTAL GENEVA
HOTEL ALEX JOHNSON	HOTELNAME	HOTEL ALEX JOHNSON
SAVOY-PLAZA HOTEL	HOTELNAME	SAVOY-PLAZA HOTEL
SERDAR HOTEL	HOTELNAME	SERDAR HOTEL
THE FAIRFAX AT EMBASSY ROW	HOTELNAME	THE FAIRFAX AT EMBASSY ROW
EMBASSY ROW HOTEL	HOTELNAME	THE EMBASSY ROW HOTEL
THE EMPIRE HOTEL	HOTELNAME	THE EMPIRE HOTEL
PARK HYATT HYDERABAD	HOTELNAME	PARK HYATT HYDERABAD
HYATT REGENCY DELHI	HOTELNAME	HYATT REGENCY DELHI
TAJ TASHI	HOTELNAME	TAJ TASHI
GRAND HYATT GOA	HOTELNAME	GRAND HYATT GOA
HYATT REGENCY KOLKATA	HOTELNAME	HYATT REGENCY KOLKATA
GRAND HOTEL KRONENHOF	HOTELNAME	GRAND HOTEL KRONENHOF
MERCURE HOTEL CANBERRA	HOTELNAME	MERCURE HOTEL CANBERRA
JING GUANG CENTRE	HOTELNAME	ROSEWOOD BEIJING HOTEL
INTERCONTINENTAL NHA TRANG	HOTELNAME	INTERCONTINENTAL NHA TRANG
WESTIN CONVENTION CENTER PITTSBURGH	HOTELNAME	WESTIN CONVENTION CENTER PITTSBURGH
THE VALE RESORT	HOTELNAME	THE VALE RESORT
KNUTSFORD HOTEL	HOTELNAME	KNUTSFORD HOTEL
RENAISSANCE CLEVELAND HOTEL	HOTELNAME	RENAISSANCE CLEVELAND HOTEL
GRAND WAILEA RESORT	HOTELNAME	GRAND WAILEA RESORT & SPA
GRAND HYATT MUMBAI	HOTELNAME	GRAND HYATT MUMBAI
HOTEL POLONIA PALACE	HOTELNAME	POLONIA PALACE HOTEL
THE PENINSULA PARIS	HOTELNAME	THE PENINSULA PARIS
STRAWBERRY HILL	HOTELNAME	STRAWBERRY HILL
THE WESTIN EXCELSIOR ROME	HOTELNAME	THE WESTIN EXCELSIOR ROME
HOTEL NEW OTANI TOKYO	HOTELNAME	HOTEL NEW OTANI TOKYO
MAKENA BEACH & GOLF RESORT	HOTELNAME	MAKENA BEACH & GOLF RESORT MAUI
HYATT REGENCY KATHMANDU	HOTELNAME	HYATT REGENCY KATHMANDU
ARLINGTON HOTEL	HOTELNAME	THE ARLINGTON HOTEL
HYATT REGENCY LUDHIANA	HOTELNAME	HYATT REGENCY LUDHIANA
PARK HYATT GOA RESORT AND SPA	HOTELNAME	PARK HYATT GOA RESORT AND SPA
ACHOLI INN	HOTELNAME	ACHOLI INN
BOMAH HOTEL GULU	HOTELNAME	BOMAH HOTEL GULU
MUNYONYO COMMONWEALTH RESORT	HOTELNAME	MUNYONYO COMMONWEALTH RESORT
SPEKE RESORT AND CONFERENCE CENTER	HOTELNAME	SPEKE RESORT AND CONFERENCE CENTER
RADISSON SAS HC ANDERSEN HOTEL	HOTELNAME	RADISSON BLU H.C. ANDERSEN HOTEL
MARRIOTT MARQUIS HOUSTON	HOTELNAME	MARRIOTT MARQUIS HOUSTON
AKA WHITE HOUSE	HOTELNAME	AKA WHITE HOUSE
O. HENRY HOTEL	HOTELNAME	O. HENRY HOTEL
CROWNE PLAZA ABU DHABI YAS ISLAND	HOTELNAME	CROWNE PLAZA ABU DHABI YAS ISLAND
STAYBRIDGE SUITES ABU DHABI YAS ISLAND	HOTELNAME	STAYBRIDGE SUITES ABU DHABI YAS ISLAND
THE LEXINGTON HOTEL NYC	HOTELNAME	THE LEXINGTON NEW YORK CITY
BELMOND VILLA SANT’ANDREA	HOTELNAME	BELMOND VILLA SANT'ANDREA
 LA CHARTRE SUR LE LOIR)	HOTELNAME	HOTEL DE FRANCE
BELMOND EL ENCANTO	HOTELNAME	BELMOND EL ENCANTO
BELMOND MAROMA RESORT & SPA	HOTELNAME	BELMOND MAROMA RESORT & SPA
BELMOND CHARLESTON PLACE	HOTELNAME	BELMOND CHARLESTON PLACE
BELMOND CASA DE SIERRA NEVADA	HOTELNAME	BELMOND CASA DE SIERRA NEVADA
ALBION RIVER INN	HOTELNAME	ALBION RIVER INN
FENSALDEN INN	HOTELNAME	FENSALDEN INN
EKO HOTELS AND SUITES	HOTELNAME	EKO HOTELS AND SUITES
RITTENHOUSE HOTEL	HOTELNAME	THE RITTENHOUSE
BELMOND HOTEL DAS CATARATAS	HOTELNAME	BELMOND HOTEL DAS CATARATAS
BELMOND LA RESIDENCIA	HOTELNAME	BELMOND LA RESIDENCIA
BELMOND GRAND HOTEL TIMEO	HOTELNAME	BELMOND GRAND HOTEL TIMEO
BELMOND MOUNT NELSON HOTEL	HOTELNAME	BELMOND MOUNT NELSON HOTEL
IMPERIAL HOTEL	HOTELNAME	IMPERIAL HOTEL
SEASCAPE BEACH RESORT	HOTELNAME	SEASCAPE BEACH RESORT
HOTEL KURRAJONG	HOTELNAME	HOTEL KURRAJONG
CASA CASUARINA	HOTELNAME	THE VILLA, CASA CASUARINA
BELMOND ORCAELLA	HOTELNAME	BELMOND ORCAELLA
BELMOND LA RéSIDENCE PHOU VAO	HOTELNAME	BELMOND LA RéSIDENCE PHOU VAO
BELMOND LA RéSIDENCE D'ANGKOR	HOTELNAME	BELMOND LA RéSIDENCE D’ANGKOR
BELMOND ROAD TO MANDALAY	HOTELNAME	BELMOND ROAD TO MANDALAY
BELMOND PALACIO NAZARENAS	HOTELNAME	BELMOND PALACIO NAZARENAS
BELMOND HOTEL RIO SAGRADO	HOTELNAME	BELMOND HOTEL RIO SAGRADO
HOTEL RITZ, MADRID	HOTELNAME	HOTEL RITZ
HOTEL DURANT	HOTELNAME	HOTEL DURANT
HATTA FORT HOTEL	HOTELNAME	JA HATTA FORT HOTEL
BRIGHTON SAVOY HOTEL	HOTELNAME	BRIGHTON SAVOY
ROGER SMITH HOTEL	HOTELNAME	THE ROGER SMITH HOTEL
RAFFLES ISTANBUL	HOTELNAME	RAFFLES ISTANBUL
SWISSôTEL BERLIN	HOTELNAME	SWISSôTEL BERLIN
SWISSôTEL THE BOSPHORUS	HOTELNAME	SWISSôTEL THE BOSPHORUS, ISTANBUL
NORTH STAFFORD HOTEL	HOTELNAME	NORTH STAFFORD HOTEL
SWISSôTEL ZüRICH	HOTELNAME	SWISSôTEL ZüRICH
PARK HYATT WASHINGTON	HOTELNAME	PARK HYATT WASHINGTON
FAIRMONT MONTE CARLO	HOTELNAME	FAIRMONT MONTE CARLO
THE FAIRMONT WASHINGTON, D.C.	HOTELNAME	THE FAIRMONT WASHINGTON, D.C.
THE WESTIN GEORGETOWN, WASHINGTON, D.C.	HOTELNAME	THE WESTIN GEORGETOWN, WASHINGTON, D.C.
EMBASSY SUITES WASHINGTON, D.C.	HOTELNAME	EMBASSY SUITES WASHINGTON, D.C.
BELMOND SANCTUARY LODGE	HOTELNAME	BELMOND SANCTUARY LODGE
SWISSôTEL DRESDEN AM SCHLOSS	HOTELNAME	SWISSôTEL DRESDEN AM SCHLOSS
RAFFLES MAKKAH PALACE	HOTELNAME	RAFFLES MAKKAH PALACE
RAFFLES PRASLIN, SEYCHELLES	HOTELNAME	RAFFLES PRASLIN, SEYCHELLES
FAIRMONT BAB AL BAHR	HOTELNAME	FAIRMONT BAB AL BAHR
THE WASHINGTON MAYFAIR HOTEL	HOTELNAME	THE WASHINGTON MAYFAIR HOTEL
LUXE RODEO DRIVE HOTEL	HOTELNAME	LUXE RODEO DRIVE HOTEL
JW MARRIOTT DOWNTOWN HOUSTON	HOTELNAME	JW MARRIOTT DOWNTOWN HOUSTON
APOLLO HOTEL AMSTERDAM	HOTELNAME	APOLLO HOTEL AMSTERDAM
ITC GRAND BHARAT	HOTELNAME	ITC GRAND BHARAT
BELMOND JIMBARAN PURI	HOTELNAME	BELMOND JIMBARAN PURI
FAIRMONT NILE CITY	HOTELNAME	THE FAIRMONT NILE CITY
FAIRMONT ZIMBALI RESORT	HOTELNAME	FAIRMONT ZIMBALI RESORT
FAIRMONT THE NORFOLK HOTEL	HOTELNAME	FAIRMONT THE NORFOLK HOTEL
BELMOND LA SAMANNA	HOTELNAME	BELMOND LA SAMANNA
BELMOND KHWAI RIVER LODGE	HOTELNAME	BELMOND KHWAI RIVER LODGE
RADISSON HOTEL MARTINIQUE	HOTELNAME	RADISSON MARTINIQUE ON BROADWAY
BELMOND SAVUTE ELEPHANT LODGE	HOTELNAME	BELMOND SAVUTE ELEPHANT LODGE
BELMOND NAPASAI	HOTELNAME	BELMOND NAPASAI
HOTEL NEW NETHERLAND	HOTELNAME	HOTEL NEW NETHERLAND
THE GRAND NEW DELHI	HOTELNAME	THE GRAND NEW DELHI
HYATT TERRACES HOTEL	HOTELNAME	HYATT TERRACES BAGUIO
THE QUIN	HOTELNAME	THE QUIN HOTEL
BULGARI HOTEL AND RESIDENCES	HOTELNAME	BULGARI HOTEL AND RESIDENCES
HOTEL DNIPRO	HOTELNAME	HOTEL DNIPRO
AMANJENA	HOTELNAME	AMANJENA
DOLPHIN BEACH RESORT	HOTELNAME	DOLPHIN BEACH RESORT
TURNBERRY ISLE MIAMI	HOTELNAME	TURNBERRY ISLE RESORT AND CLUB
ABRAJ KUDAI	HOTELNAME	ABRAJ KUDAI
BEACON LODGE	HOTELNAME	BEACON LODGE
BISSAU PALACE HOTEL, JAIPUR	HOTELNAME	BISSAU PALACE HOTEL, JAIPUR
HOTEL FOOTBALL	HOTELNAME	HOTEL FOOTBALL
KAMPALA PROTEA HOTEL	HOTELNAME	KAMPALA PROTEA HOTEL
PARS EL-GöLü HOTEL	HOTELNAME	PARS EL-GöLü HOTEL 15PX15PX15PX15PX15PX
THE WESTIN GRAND BERLIN	HOTELNAME	THE WESTIN GRAND BERLIN
THE WESTIN SAVANNAH HARBOR GOLF RESORT & SPA	HOTELNAME	THE WESTIN SAVANNAH GOLF RESORT & SPA
TOWER CLUB AT LEBUA	HOTELNAME	TOWER CLUB AT LEBUA
ZETTER HOTEL	HOTELNAME	THE ZETTER HOTEL
QUALITY HOTEL 33, OSLO	HOTELNAME	QUALITY HOTEL 33
WALL CENTRE	HOTELNAME	SHERATON VANCOUVER WALL CENTRE
LITTLE RIVER INN	HOTELNAME	LITTLE RIVER INN
MANDARIN ORIENTAL MANILA	HOTELNAME	MANDARIN ORIENTAL MANILA
FAIRMONT HERITAGE PLACE, GHIRARDELLI SQUARE	HOTELNAME	FAIRMONT HERITAGE PLACE, GHIRARDELLI SQUARE
FAIRMONT MIRAMAR HOTEL & BUNGALOWS	HOTELNAME	FAIRMONT MIRAMAR HOTEL & BUNGALOWS
FAIRMONT SONOMA MISSION INN & SPA	HOTELNAME	FAIRMONT SONOMA MISSION INN & SPA
HOTEL MéTROPOLE GENEVA	HOTELNAME	HOTEL MéTROPOLE GENEVA, FORMERLY SWISSôTEL MéTROPOLE GENEVA
SWISSôTEL CHICAGO	HOTELNAME	SWISSôTEL CHICAGO
SIR AND STAR	HOTELNAME	THE OLEMA
LEBUA AT STATE TOWER	HOTELNAME	LEBUA AT STATE TOWER
LA FONDA ON THE PLAZA	HOTELNAME	LA FONDA ON THE PLAZA
THE MONTCALM HOTEL	HOTELNAME	THE MONTCALM HOTELS
SWISSôTEL NANKAI OSAKA	HOTELNAME	SWISSôTEL NANKAI OSAKA
GRAND HOTEL D'ANGKOR	HOTELNAME	GRAND HOTEL D'ANGKOR
DANHOSTEL COPENHAGEN CITY	HOTELNAME	DANHOSTEL COPENHAGEN CITY
KOKKEDAL SLOT COPENHAGEN	HOTELNAME	KOKKEDAL SLOT COPENHAGEN
THE RAVIZ HOTEL, KOLLAM	HOTELNAME	THE RAVIZ KOLLAM
M BY MONTCALM SHOREDITCH TECH CITY HOTEL	HOTELNAME	M BY MONTCALM HOTEL
BALARAM PALACE	HOTELNAME	BALARAM PALACE RESORT
FAUNCH HOTEL	HOTELNAME	FAUNCH HOTEL
PHOENICIAN RESORT	HOTELNAME	PHOENICIAN RESORT
SOFITEL FRANKFURT OPERA	HOTELNAME	SOFITEL FRANKFURT OPERA
LE BRISTOL HOTEL BEIRUT	HOTELNAME	LE BRISTOL BEIRUT
HONOR MANSION	HOTELNAME	HONOR MANSION
LA RéSERVE DE BEAULIEU & SPA	HOTELNAME	LA RéSERVE DE BEAULIEU & SPA
LA RéSIDENCE DE LA PINèDE	HOTELNAME	LA RéSIDENCE DE LA PINèDE
CARLTON HOTEL	HOTELNAME	CARLTON HOTEL
MARRIOTT'S KO OLINA BEACH CLUB	HOTELNAME	MARRIOTT'S KO OLINA BEACH CLUB
DUSIT THANI BROOKWATER GOLF AND SPA RESORT	HOTELNAME	DUSIT THANI BROOKWATER GOLF AND SPA RESORT
SHERATON TEL AVIV HOTEL	HOTELNAME	SHERATON TEL AVIV HOTEL
THE JEFFERSON HOTEL	HOTELNAME	THE JEFFERSON HOTEL
ROSEWOOD WASHINGTON, D.C.	HOTELNAME	ROSEWOOD WASHINGTON, D.C.
MARRIOTT NIAGARA FALLS HOTEL FALLSVIEW & SPA	HOTELNAME	MARRIOTT NIAGARA FALLS HOTEL FALLSVIEW & SPA
ANGEBILT HOTEL	HOTELNAME	THE ANGEBILT HOTEL
BURLINGTON HOTEL	HOTELNAME	DOUBLETREE BY HILTON DUBLIN – BURLINGTON ROAD
ST. ANDREW'S HOTEL	HOTELNAME	JETWING ST. ANDREW'S NUWARA ELIYA
W BANGKOK	HOTELNAME	W BANGKOK
HOTEL NIKKO SAN FRANCISCO	HOTELNAME	HOTEL NIKKO SAN FRANCISCO
THE WESTIN KA'ANAPALI OCEAN RESORT VILLAS	HOTELNAME	THE WESTIN KA'ANAPALI OCEAN RESORT VILLAS
DOMAINE DU MONT D'ARBOIS	HOTELNAME	DOMAINE DU MONT D'ARBOIS
LA CORDéE DES ALPES	HOTELNAME	LA CORDéE DES ALPES
CROWNE PLAZA HONG KONG CAUSEWAY BAY	HOTELNAME	CROWNE PLAZA HONG KONG CAUSEWAY BAY
CONRAD MANILA	HOTELNAME	CONRAD MANILA
NOVOTEL MANILA ARANETA CENTER	HOTELNAME	NOVOTEL MANILA ARANETA CENTER
MARCO POLO ORTIGAS MANILA	HOTELNAME	MARCO POLO ORTIGAS MANILA
SOFITEL PHILIPPINE PLAZA MANILA	HOTELNAME	SOFITEL PHILIPPINE PLAZA MANILA
LEGIAN BALI	HOTELNAME	LEGIAN BALI
HOTEL CHRISTIANIA TEATER	HOTELNAME	HOTEL CHRISTIANIA TEATER
VANVASA	HOTELNAME	VANVASA
RODEWAY INN AND SUITES	HOTELNAME	RODEWAY INN AND SUITES, FORT LAUDERDALE AIRPORT AND PORT EVERGLADES CRUISE PORT
PARIS HOTEL	HOTELNAME	PARIS HOTEL
