Blue	hsvCoordinateHue	240
Cyan  additive secondary   1	hsvCoordinateHue	180
Cyan  subtractive primary   1	hsvCoordinateHue	193
Cyan  Light Cyan  1	hsvCoordinateHue	180
Cyan  Light Sea Green   1	hsvCoordinateHue	175
Cyan  Dark Cyan  1	hsvCoordinateHue	180
Cyan  white  1	hsvCoordinateHue	180
Indigo	hsvCoordinateHue	275
Indigo  Electric Indigo  1	hsvCoordinateHue	266
Indigo  Blue-Violet  1	hsvCoordinateHue	271
Indigo  Pigment Indigo  1	hsvCoordinateHue	275
Indigo  Dye  1	hsvCoordinateHue	203
Sienna	hsvCoordinateHue	12
Sienna  Raw Sienna   1	hsvCoordinateHue	24
Sienna  Burnt Sienna  1	hsvCoordinateHue	14
Sienna  Dark Sienna   1	hsvCoordinateHue	0
Yellow  Yellow  1	hsvCoordinateHue	60
Yellow  black  1	hsvCoordinateHue	56
Violet (color)  Violet color wheel   1	hsvCoordinateHue	270
Violet (color)  Electric Violet  1	hsvCoordinateHue	274
Violet (color)  Vivid Violet  1	hsvCoordinateHue	277
Violet (color)  Violet web color   1	hsvCoordinateHue	300
Violet (color)  Dark Violet  1	hsvCoordinateHue	282
Purple	hsvCoordinateHue	300
Purple  Violet  1	hsvCoordinateHue	274
Purple  white  1	hsvCoordinateHue	329
Purple  Han Purple  1	hsvCoordinateHue	260
Purple  white  2	hsvCoordinateHue	267
Purple  white  3	hsvCoordinateHue	322
Purple  white  4	hsvCoordinateHue	285
Purple  white  5	hsvCoordinateHue	300
Purple  white  6	hsvCoordinateHue	277
Purple  Medium Purple  1	hsvCoordinateHue	270
Purple  Munsell   1	hsvCoordinateHue	288
Purple  Orchid  1	hsvCoordinateHue	302
Purple  Heliotrope  1	hsvCoordinateHue	286
Purple  white  7	hsvCoordinateHue	292
Purple  white  8	hsvCoordinateHue	285
Purple  white  9	hsvCoordinateHue	287
Brown	hsvCoordinateHue	30
Brown  Red-Brown  1	hsvCoordinateHue	0
Brown  Dark Brown  1	hsvCoordinateHue	30
Brown  Pale Brown  1	hsvCoordinateHue	30
Ultramarine	hsvCoordinateHue	244
Ultramarine  Blue  1	hsvCoordinateHue	228
Ultramarine  lectric Ultramarine  1	hsvCoordinateHue	255
Magenta	hsvCoordinateHue	300
Magenta  white  1	hsvCoordinateHue	326
Magenta  black  1	hsvCoordinateHue	326
Magenta  black  2	hsvCoordinateHue	300
Orange (colour)	hsvCoordinateHue	30
Orange (colour)  Orange web colour   1	hsvCoordinateHue	39
Orange (colour)  Dark orange web colour   1	hsvCoordinateHue	34
Orange (colour)  Orange peel   1	hsvCoordinateHue	38
Orange (colour)  Deep saffron   1	hsvCoordinateHue	34
Orange (colour)  Burnt orange   1	hsvCoordinateHue	25
Orange (colour)  white   1	hsvCoordinateHue	30
Bondi blue	hsvCoordinateHue	191
Jonquil	hsvCoordinateHue	48
Tyrian purple	hsvCoordinateHue	324
Terracotta	hsvCoordinateHue	10
Terracotta  Dark Terra cotta  1	hsvCoordinateHue	354
Prussian blue  white  1	hsvCoordinateHue	205
Pink	hsvCoordinateHue	350
Crimson	hsvCoordinateHue	348
Crimson  Alizarin Crimson  1	hsvCoordinateHue	348
Crimson  Electric Crimson  1	hsvCoordinateHue	345
Crimson  Folly  1	hsvCoordinateHue	341
Crimson  white  1	hsvCoordinateHue	338
Crimson  Utah Crimson  1	hsvCoordinateHue	342
Crimson  Harvard Crimson  1	hsvCoordinateHue	353
Gold (color)	hsvCoordinateHue	51
Gold (color)  Metallic Gold   1	hsvCoordinateHue	46
Gold (color)  #FFFFFF  1	hsvCoordinateHue	44
Gold (color)  University of California Gold  1	hsvCoordinateHue	40
Gold (color)  Satin Sheen Gold   1	hsvCoordinateHue	49
Gold (color)  Vegas Gold  1	hsvCoordinateHue	50
Gold (color)  Old Gold   1	hsvCoordinateHue	49
Gold (color)  Pale Gold   1	hsvCoordinateHue	50
Gold (color)  Golden Poppy   1	hsvCoordinateHue	47
Gold (color)  Sunglow   1	hsvCoordinateHue	50
Gold (color)  Golden yellow   1	hsvCoordinateHue	53
Gold (color)  Golden brown  1	hsvCoordinateHue	51
Isatis tinctoria  Indigo Dye  1	hsvCoordinateHue	203
Ochre	hsvCoordinateHue	30
Vermilion	hsvCoordinateHue	5
Vermilion  Orange-Red  1	hsvCoordinateHue	15
Coral (color)	hsvCoordinateHue	16
Coral (color)  Light Coral  1	hsvCoordinateHue	0
Coral (color)  Coral Pink  1	hsvCoordinateHue	16
Coral (color)  Coral Red  1	hsvCoordinateHue	3
Coral (color)  Dark Coral   1	hsvCoordinateHue	10
Cadmium pigments	hsvCoordinateHue	34
Cadmium pigments  Cadmium Orange  1	hsvCoordinateHue	28
Cadmium pigments  Cadmium Red  1	hsvCoordinateHue	351
Cadmium pigments  Cadmium Green  1	hsvCoordinateHue	154
Umber	hsvCoordinateHue	33
Umber  white  1	hsvCoordinateHue	21
Navy blue	hsvCoordinateHue	240
Powder blue	hsvCoordinateHue	220
Powder blue  Dark powder blue   1	hsvCoordinateHue	220
Phthalocyanine Blue BN	hsvCoordinateHue	233
Tan (color)	hsvCoordinateHue	34
Tan (color)  Dark Tan  1	hsvCoordinateHue	45
Mauve	hsvCoordinateHue	276
Mauve  Light Mauve  1	hsvCoordinateHue	255
Mauve  white  1	hsvCoordinateHue	276
Mauve  white  2	hsvCoordinateHue	285
Mauve  white  3	hsvCoordinateHue	336
Mountbatten pink	hsvCoordinateHue	323
Beige	hsvCoordinateHue	60
Beige  Cosmic Latte  1	hsvCoordinateHue	40
Beige  Desert Sand  1	hsvCoordinateHue	19
Beige  cru  1	hsvCoordinateHue	45
Beige  French Beige  1	hsvCoordinateHue	26
Beige  Mode Beige  1	hsvCoordinateHue	43
Bistre	hsvCoordinateHue	24
Azure (color)	hsvCoordinateHue	210
Azure (color)  Azure web color   1	hsvCoordinateHue	180
Azure (color)  Alice Blue   1	hsvCoordinateHue	208
Azure (color)  Columbia Blue  1	hsvCoordinateHue	200
Azure (color)  Light Sky Blue  1	hsvCoordinateHue	203
Azure (color)  Sky Blue  1	hsvCoordinateHue	197
Azure (color)  Maya Blue  1	hsvCoordinateHue	205
Azure (color)  United Nations Blue  1	hsvCoordinateHue	210
Azure (color)  Cornflower Blue  1	hsvCoordinateHue	219
Azure (color)  Bleu de France   1	hsvCoordinateHue	210
Azure (color)  white  1	hsvCoordinateHue	210
Azure (color)  Brandeis Blue  1	hsvCoordinateHue	214
Azure (color)  white  2	hsvCoordinateHue	207
Azure (color)  Royal Blue web color   1	hsvCoordinateHue	225
Azure (color)  Celestial Blue  1	hsvCoordinateHue	205
Azure (color)  Tufts Blue  1	hsvCoordinateHue	208
Azure (color)  Wild Blue Yonder  1	hsvCoordinateHue	226
Azure (color)  Air Force Blue  1	hsvCoordinateHue	204
Azure (color)  Steel Blue  1	hsvCoordinateHue	207
Azure (color)  French Blue  1	hsvCoordinateHue	203
Azure (color)  Lapis Lazuli  1	hsvCoordinateHue	210
Azure (color)  white   1	hsvCoordinateHue	220
Azure (color)  Royal Blue traditional   1	hsvCoordinateHue	219
Teal	hsvCoordinateHue	180
Salmon (color)	hsvCoordinateHue	14
Salmon (color)  Salmon   1	hsvCoordinateHue	14
Salmon (color)  Dark salmon  1	hsvCoordinateHue	15
Fuchsia (color)	hsvCoordinateHue	300
Fuchsia (color)  black  1	hsvCoordinateHue	300
Fuchsia (color)  black  2	hsvCoordinateHue	300
Fuchsia (color)  Neon Fuchsia  1	hsvCoordinateHue	322
Fuchsia (color)  Fashion Fuchsia  1	hsvCoordinateHue	320
Fuchsia (color)  Deep Fuchsia  1	hsvCoordinateHue	300
Fuchsia (color)  white  1	hsvCoordinateHue	320
Fuchsia (color)  Antique Fuchsia  1	hsvCoordinateHue	316
Peach (color)	hsvCoordinateHue	40
Peach (color)  Peach-Yellow  1	hsvCoordinateHue	40
Peach (color)  Peach Puff  1	hsvCoordinateHue	40
Peach (color)  Deep Peach  1	hsvCoordinateHue	40
Peach (color)  Peach-Orange  1	hsvCoordinateHue	40
Silver (color)  Pale silver   1	hsvCoordinateHue	0
Cardinal (color)	hsvCoordinateHue	350
Lavender (color)	hsvCoordinateHue	240
Lavender (color)  Lavender blush   1	hsvCoordinateHue	340
Lavender (color)  Lavender mist   1	hsvCoordinateHue	240
Lavender (color)  Languid lavender   1	hsvCoordinateHue	270
Lavender (color)  Lavender gray   1	hsvCoordinateHue	245
Lavender (color)  Light mauve   1	hsvCoordinateHue	264
Lavender (color)  Periwinkle   1	hsvCoordinateHue	240
Lavender (color)  black   1	hsvCoordinateHue	276
Lavender (color)  black   2	hsvCoordinateHue	281
Lavender (color)  Lavender pink   1	hsvCoordinateHue	332
Lavender (color)  Brilliant lavender   1	hsvCoordinateHue	290
Lavender (color)  Rich brilliant lavender   1	hsvCoordinateHue	291
Lavender (color)  black   3	hsvCoordinateHue	300
Lavender (color)  Plum web color   1	hsvCoordinateHue	300
Lavender (color)  black   4	hsvCoordinateHue	286
Lavender (color)  Bright úbe   1	hsvCoordinateHue	270
Lavender (color)  Bright lavender   1	hsvCoordinateHue	270
Lavender (color)  Lavender   1	hsvCoordinateHue	275
Lavender (color)  white   1	hsvCoordinateHue	270
Lavender (color)  Amethyst  1	hsvCoordinateHue	270
Lavender (color)  Úbe  1	hsvCoordinateHue	253
Lavender (color)  Lavender indigo  1	hsvCoordinateHue	265
Lavender (color)  white   2	hsvCoordinateHue	270
Lavender (color)  Purple mountain majesty  1	hsvCoordinateHue	260
Lavender (color)  Twilight lavender  1	hsvCoordinateHue	297
Lavender (color)  white   3	hsvCoordinateHue	270
Lavender (color)  Halayà úbe  1	hsvCoordinateHue	278
Lavender (color)  Old lavender  1	hsvCoordinateHue	270
Falu red	hsvCoordinateHue	0
Venetian red	hsvCoordinateHue	0
Liver (color)	hsvCoordinateHue	330
Copper (color)	hsvCoordinateHue	29
Copper (color)  Pale Copper  1	hsvCoordinateHue	18
Persian red	hsvCoordinateHue	5
Dodger blue	hsvCoordinateHue	210
Lemon (color)	hsvCoordinateHue	58
Persian blue	hsvCoordinateHue	249
Persian blue  Persian indigo  1	hsvCoordinateHue	258
Persian blue  Medium Persian blue  1	hsvCoordinateHue	248
Puce	hsvCoordinateHue	345
Periwinkle (color)	hsvCoordinateHue	240
Amber (color)	hsvCoordinateHue	45
Amber (color)  SAE/ECE Amber   1	hsvCoordinateHue	30
Scarlet (color)	hsvCoordinateHue	8
Scarlet (color)  Torch red  1	hsvCoordinateHue	8
Scarlet (color)  Flame  1	hsvCoordinateHue	17
Scarlet (color)  Fire Brick  1	hsvCoordinateHue	0
Scarlet (color)  Dark Scarlet  1	hsvCoordinateHue	8
Cerulean	hsvCoordinateHue	196
Cerulean  blue pigment approximate color   1	hsvCoordinateHue	224
Cerulean  Bright Cerulean  1	hsvCoordinateHue	209
Cerulean  Cerulean  1	hsvCoordinateHue	205
Orchid (color)	hsvCoordinateHue	302
Viridian	hsvCoordinateHue	161
Sepia (color)	hsvCoordinateHue	30
Amethyst (color)	hsvCoordinateHue	270
Cobalt blue	hsvCoordinateHue	215
Turquoise (color)  Pale Turquoise  1	hsvCoordinateHue	175
Turquoise (color)  Turquoise Blue  1	hsvCoordinateHue	176
Turquoise (color)  Turquoise Green  1	hsvCoordinateHue	142
Turquoise (color)  Bright Turquoise  1	hsvCoordinateHue	177
Turquoise (color)  Medium Turquoise  1	hsvCoordinateHue	175
Turquoise (color)  Dark Turquoise  1	hsvCoordinateHue	175
Khaki (color)	hsvCoordinateHue	56
Khaki (color)  Khaki  1	hsvCoordinateHue	37
Khaki (color)  Light Khaki  1	hsvCoordinateHue	54
Cerise (color)	hsvCoordinateHue	343
Cerise (color)  Cerise Pink  1	hsvCoordinateHue	343
Cerise (color)  Vivid Cerise  1	hsvCoordinateHue	328
Cerise (color)  Amaranth Cerise  1	hsvCoordinateHue	354
Cerise (color)  Deep Cerise  1	hsvCoordinateHue	317
Cerise (color)  Hollywood Cerise  1	hsvCoordinateHue	320
Lilac (color)	hsvCoordinateHue	300
Lilac (color)  white  1	hsvCoordinateHue	284
Lilac (color)  white  2	hsvCoordinateHue	270
Lilac (color)  white  3	hsvCoordinateHue	290
Cream (colour)	hsvCoordinateHue	57
Maroon (color)	hsvCoordinateHue	0
Maroon (color)  white  1	hsvCoordinateHue	345
Maroon (color)  white  2	hsvCoordinateHue	333
Maroon (color)  Dark Red  1	hsvCoordinateHue	0
Verdigris	hsvCoordinateHue	177
Chartreuse (color)	hsvCoordinateHue	90
Chartreuse (color)  Chartreuse yellow   1	hsvCoordinateHue	68
Chartreuse (color)  Pear   1	hsvCoordinateHue	66
Chartreuse (color)  Green-Yellow   1	hsvCoordinateHue	84
Chartreuse (color)  Lawn Green   1	hsvCoordinateHue	90
Chartreuse (color)  Pistachio   1	hsvCoordinateHue	96
Chartreuse (color)  Yellow-Green   1	hsvCoordinateHue	90
Chartreuse (color)  Apple Green   1	hsvCoordinateHue	74
Chartreuse (color)  Olive  1	hsvCoordinateHue	60
Chartreuse (color)  Olive Drab  1	hsvCoordinateHue	80
Chartreuse (color)  Camouflage green  1	hsvCoordinateHue	91
Chartreuse (color)  Dark Olive Green  1	hsvCoordinateHue	82
Lime (color)	hsvCoordinateHue	75
Red-violet	hsvCoordinateHue	322
Red-violet  white  1	hsvCoordinateHue	322
Red-violet  white  2	hsvCoordinateHue	285
Red-violet  white  3	hsvCoordinateHue	290
Red-violet  white  4	hsvCoordinateHue	322
Red-violet  white  5	hsvCoordinateHue	322
Red-violet  white  6	hsvCoordinateHue	322
Red-violet  Eggplant  1	hsvCoordinateHue	320
School bus yellow	hsvCoordinateHue	36
Safety orange	hsvCoordinateHue	24
Cosmic latte	hsvCoordinateHue	40
Naples yellow	hsvCoordinateHue	48
Gamboge	hsvCoordinateHue	38
Indian yellow  Indian Yellow  1	hsvCoordinateHue	35
International Klein Blue	hsvCoordinateHue	223
Aquamarine (color)	hsvCoordinateHue	160
Aquamarine (color)  Medium Aquamarine  1	hsvCoordinateHue	154
Seal brown	hsvCoordinateHue	0
Carmine (color)	hsvCoordinateHue	350
Carmine (color)  Medium Carmine  1	hsvCoordinateHue	350
Carmine (color)  Deep Carmine  1	hsvCoordinateHue	357
Carmine (color)  Rich Carmine  1	hsvCoordinateHue	356
Carmine (color)  Carmine Red  1	hsvCoordinateHue	347
Carmine (color)  Deep Carmine Pink  1	hsvCoordinateHue	10
Carmine (color)  Carmine Pink  1	hsvCoordinateHue	0
Carmine (color)  Light Carmine Pink  1	hsvCoordinateHue	350
Baby blue	hsvCoordinateHue	199
Baby blue  Beau blue   1	hsvCoordinateHue	206
Baby blue  eyes   1	hsvCoordinateHue	209
Chrome yellow	hsvCoordinateHue	40
Champagne (color)	hsvCoordinateHue	37
Champagne (color)  black  1	hsvCoordinateHue	48
Champagne (color)  black  2	hsvCoordinateHue	35
Champagne (color)  black  3	hsvCoordinateHue	45
Old gold	hsvCoordinateHue	49
Burgundy (color)	hsvCoordinateHue	345
Burgundy (color)  Vivid Burgundy  1	hsvCoordinateHue	345
Denim (color)	hsvCoordinateHue	213
Wisteria (color)	hsvCoordinateHue	281
Tangerine (color)	hsvCoordinateHue	33
Eggplant (color)	hsvCoordinateHue	329
Wheat (color)	hsvCoordinateHue	39
Goldenrod (color)	hsvCoordinateHue	43
Goldenrod (color)  Light Goldenrod Yellow  1	hsvCoordinateHue	60
Goldenrod (color)  Pale Goldenrod  1	hsvCoordinateHue	55
Goldenrod (color)  Dark goldenrod  1	hsvCoordinateHue	43
Lemon chiffon	hsvCoordinateHue	54
Seashell (color)	hsvCoordinateHue	25
Pink-orange	hsvCoordinateHue	20
Robin egg blue	hsvCoordinateHue	180
Robin egg blue  Pale robin egg blue  1	hsvCoordinateHue	169
Midnight blue	hsvCoordinateHue	240
Midnight blue  Dark Midnight Blue  1	hsvCoordinateHue	210
Spring green	hsvCoordinateHue	150
Spring green  Mint Cream  1	hsvCoordinateHue	150
Spring green  Honeydew  1	hsvCoordinateHue	150
Spring green  Aquamarine  1	hsvCoordinateHue	160
Spring green  Celadon  1	hsvCoordinateHue	135
Spring green  Moss green  1	hsvCoordinateHue	135
Spring green  Magic Mint  1	hsvCoordinateHue	150
Spring green  Mint Green  1	hsvCoordinateHue	140
Spring green  Medium Spring Green  1	hsvCoordinateHue	150
Spring green  Caribbean Green  1	hsvCoordinateHue	150
Spring green  Mint  1	hsvCoordinateHue	158
Spring green  Persian Green  1	hsvCoordinateHue	135
Spring green  Medium Sea Green  1	hsvCoordinateHue	150
Spring green  Sea Green  1	hsvCoordinateHue	150
Spring green  Pine Green  1	hsvCoordinateHue	140
Spring green  Skobeloff  1	hsvCoordinateHue	140
Spring green  Viridian  1	hsvCoordinateHue	161
Spring green  Dark Spring Green  1	hsvCoordinateHue	150
Chocolate (color)	hsvCoordinateHue	31
Chocolate (color)  black  1	hsvCoordinateHue	25
Sandy brown	hsvCoordinateHue	28
Lavender blush	hsvCoordinateHue	340
Cornflower blue	hsvCoordinateHue	219
Cornflower blue  Light Cornflower Blue  1	hsvCoordinateHue	201
Steel blue	hsvCoordinateHue	207
Chestnut (color)	hsvCoordinateHue	10
Chestnut (color)  Deep Chestnut   1	hsvCoordinateHue	10
Chestnut (color)  Dark Chestnut   1	hsvCoordinateHue	10
Slate gray  Dark slate gray  1	hsvCoordinateHue	180
Salmon pink	hsvCoordinateHue	0
Salmon pink  Salmon pink  1	hsvCoordinateHue	14
Thistle (color)	hsvCoordinateHue	300
Mordant red 19  Mordant red 19  1	hsvCoordinateHue	4
Royal blue	hsvCoordinateHue	219
Royal blue  web color   1	hsvCoordinateHue	225
Buff (colour)	hsvCoordinateHue	49
Flax (color)	hsvCoordinateHue	50
Mustard (color)	hsvCoordinateHue	47
Carnation pink	hsvCoordinateHue	330
Carnation pink  Nadeshiko Pink  1	hsvCoordinateHue	339
Pumpkin (color)	hsvCoordinateHue	24
Payne's grey	hsvCoordinateHue	240
Burnt umber	hsvCoordinateHue	9
Navajo white	hsvCoordinateHue	36
Columbia blue	hsvCoordinateHue	205
Auburn hair	hsvCoordinateHue	2
Taupe	hsvCoordinateHue	30
Taupe  white  1	hsvCoordinateHue	285
Taupe  white  2	hsvCoordinateHue	9
Taupe  white  3	hsvCoordinateHue	285
Taupe  white  4	hsvCoordinateHue	330
Taupe  white  5	hsvCoordinateHue	43
Taupe  Light Taupe  1	hsvCoordinateHue	26
Taupe  Pale Taupe  1	hsvCoordinateHue	25
Taupe  white  6	hsvCoordinateHue	30
Non-photo blue	hsvCoordinateHue	193
Ao (color)	hsvCoordinateHue	240
Ao (color)  Ao English   1	hsvCoordinateHue	120
Fire engine red	hsvCoordinateHue	0
Tomato (color)	hsvCoordinateHue	15
Raspberry (color)	hsvCoordinateHue	337
Raspberry (color)  black  1	hsvCoordinateHue	330
Raspberry (color)  white  1	hsvCoordinateHue	338
Raspberry (color)  white  2	hsvCoordinateHue	333
Rose (color)	hsvCoordinateHue	330
Rose (color)  white   1	hsvCoordinateHue	330
Rose (color)  black   1	hsvCoordinateHue	337
Rose (color)  black   2	hsvCoordinateHue	337
Rose (color)  black   3	hsvCoordinateHue	342
Rose (color)  black   4	hsvCoordinateHue	330
Rose (color)  black   5	hsvCoordinateHue	330
Rose (color)  black   6	hsvCoordinateHue	330
Rose (color)  black   7	hsvCoordinateHue	330
Rose (color)  black   8	hsvCoordinateHue	330
Rose (color)  black   9	hsvCoordinateHue	333
Rose (color)  black   10	hsvCoordinateHue	330
Rose (color)  white   2	hsvCoordinateHue	338
Rose (color)  black   11	hsvCoordinateHue	318
Rose (color)  black   12	hsvCoordinateHue	312
Rose (color)  white   3	hsvCoordinateHue	330
Rose (color)  white  1	hsvCoordinateHue	338
Rose (color)  black   13	hsvCoordinateHue	330
Rose (color)  black   14	hsvCoordinateHue	359
Rose (color)  white   4	hsvCoordinateHue	340
Rose (color)  white   5	hsvCoordinateHue	344
Rose (color)  white  2	hsvCoordinateHue	358
Rose (color)  Cordovan  1	hsvCoordinateHue	337
Rose (color)  white   6	hsvCoordinateHue	330
Rose (color)  white   7	hsvCoordinateHue	340
Rose (color)  white   8	hsvCoordinateHue	353
Aqua (color)  Pale Aqua   1	hsvCoordinateHue	206
Flavescent	hsvCoordinateHue	52
Paris Green  Paris Green  1	hsvCoordinateHue	140
Sapphire (color)	hsvCoordinateHue	222
Magnolia (color)	hsvCoordinateHue	247
Iris (color)	hsvCoordinateHue	245
Selective yellow	hsvCoordinateHue	44
New Hampshire Wildcats	hsvCoordinateHue	216
Saffron (color)	hsvCoordinateHue	45
Saffron (color)  Deep saffron  1	hsvCoordinateHue	34
Sinopia	hsvCoordinateHue	17
Phthalocyanine Green G	hsvCoordinateHue	151
Hansa yellow	hsvCoordinateHue	51
Urobilin    1	hsvCoordinateHue	44
Sangria (color)	hsvCoordinateHue	356
Rust (color)	hsvCoordinateHue	18
Russet (color)	hsvCoordinateHue	25
Heliotrope (color)	hsvCoordinateHue	286
Anti-flash white	hsvCoordinateHue	210
Ceil	hsvCoordinateHue	225
Rosso corsa	hsvCoordinateHue	0
Tiffany Blue	hsvCoordinateHue	178
Coquelicot	hsvCoordinateHue	13
Palatinate (colour)	hsvCoordinateHue	244
Palatinate (colour)  Palatinate Purple  1	hsvCoordinateHue	277
Egyptian blue	hsvCoordinateHue	244
Han purple and Han blue	hsvCoordinateHue	260
Han purple and Han blue  Han blue  1	hsvCoordinateHue	223
Ecru	hsvCoordinateHue	39
International orange	hsvCoordinateHue	19
Maize (color)	hsvCoordinateHue	54
Eggshell (color)	hsvCoordinateHue	46
Ivory (color)	hsvCoordinateHue	60
Zaffre	hsvCoordinateHue	233
Aureolin	hsvCoordinateHue	56
Rose madder	hsvCoordinateHue	355
Apricot (color)	hsvCoordinateHue	30
Apricot (color)  Light apricot  1	hsvCoordinateHue	30
Arylide yellow	hsvCoordinateHue	51
Fallow (color)	hsvCoordinateHue	33
Charcoal (color)	hsvCoordinateHue	204
Arsenic (color)	hsvCoordinateHue	206
Variations of orange	hsvCoordinateHue	30
Variations of orange  Papaya Whip  1	hsvCoordinateHue	40
Variations of orange  Peach  1	hsvCoordinateHue	40
Variations of orange  Apricot  1	hsvCoordinateHue	30
Variations of orange  Atomic tangerine  1	hsvCoordinateHue	20
Variations of orange  Bittersweet  1	hsvCoordinateHue	6
Variations of orange  black  1	hsvCoordinateHue	16
Variations of orange  peel  1	hsvCoordinateHue	38
Variations of orange  web color   1	hsvCoordinateHue	32
Variations of orange  color wheel   1	hsvCoordinateHue	30
Variations of orange  Dark orange  1	hsvCoordinateHue	34
Variations of orange  Princeton Orange  1	hsvCoordinateHue	34
Variations of orange  Tangerine  1	hsvCoordinateHue	28
Variations of orange  Pumpkin  1	hsvCoordinateHue	24
Variations of orange  Tangelo  1	hsvCoordinateHue	23
Variations of orange  Carrot orange  1	hsvCoordinateHue	33
Variations of orange  Deep carrot orange  1	hsvCoordinateHue	34
Variations of orange  Burnt orange  1	hsvCoordinateHue	25
Variations of orange  white  1	hsvCoordinateHue	30
Bole (color)	hsvCoordinateHue	30
Fawn (colour)	hsvCoordinateHue	30
Persimmon (color)	hsvCoordinateHue	10
Titanium yellow	hsvCoordinateHue	58
Maya Blue	hsvCoordinateHue	210
Chamoisee	hsvCoordinateHue	26
Spring bud	hsvCoordinateHue	88
Spring bud  June bud  1	hsvCoordinateHue	80
Spring bud  Medium spring bud  1	hsvCoordinateHue	80
Spring bud  Pale spring bud  1	hsvCoordinateHue	80
Jungle green	hsvCoordinateHue	163
Jungle green  Tropical rain forest  1	hsvCoordinateHue	120
Jungle green  Deep Jungle Green  1	hsvCoordinateHue	120
Jungle green  Medium Jungle Green  1	hsvCoordinateHue	120
Jungle green  Dark Jungle Green  1	hsvCoordinateHue	120
Air Force blue	hsvCoordinateHue	210
Electric blue (color)	hsvCoordinateHue	180
Carolina blue	hsvCoordinateHue	211
Glaucous	hsvCoordinateHue	216
Federal blue	hsvCoordinateHue	240
Eton blue	hsvCoordinateHue	134
Cambridge Blue (colour)	hsvCoordinateHue	140
Flame (color)	hsvCoordinateHue	17
Electric green	hsvCoordinateHue	120
Green in Islam	hsvCoordinateHue	120
Wenge (colour)	hsvCoordinateHue	7
Trade and use of saffron	hsvCoordinateHue	45
Variations of green	hsvCoordinateHue	85
Variations of green  Asparagus  1	hsvCoordinateHue	93
Variations of green  Fern green  1	hsvCoordinateHue	106
Variations of green  Forest green web   1	hsvCoordinateHue	120
Variations of green  Forest green traditional   1	hsvCoordinateHue	105
Variations of green  Gray-asparagus  1	hsvCoordinateHue	117
Variations of green  Hooker's Green  1	hsvCoordinateHue	120
Variations of green  Jungle green  1	hsvCoordinateHue	120
Variations of green  Moss green   1	hsvCoordinateHue	135
Variations of green  Myrtle  1	hsvCoordinateHue	87
Variations of green  Pine green  1	hsvCoordinateHue	175
Variations of green  white   1	hsvCoordinateHue	93
Variations of green  Shamrock green  1	hsvCoordinateHue	156
Variations of green  Tea green  1	hsvCoordinateHue	100
Variations of green  white   2	hsvCoordinateHue	180
Variations of green  Pale Green   1	hsvCoordinateHue	120
Variations of green  Light Green   1	hsvCoordinateHue	120
Variations of green  Dark Green  1	hsvCoordinateHue	120
Variations of green  X11 Lime HTML/CSS   1	hsvCoordinateHue	120
Variations of green  HTML/CSS color   1	hsvCoordinateHue	120
Variations of green  CMYK Pigment Green   1	hsvCoordinateHue	149
Variations of green  NCS   1	hsvCoordinateHue	160
Variations of green  Munsell   1	hsvCoordinateHue	163
Variations of green  Army green  1	hsvCoordinateHue	69
Variations of green  Bright green   1	hsvCoordinateHue	96
Variations of green  #ffffff   1	hsvCoordinateHue	137
Variations of green  Celadon   1	hsvCoordinateHue	123
Variations of green  white   3	hsvCoordinateHue	121
Variations of green  Emerald   1	hsvCoordinateHue	140
Variations of green  white   4	hsvCoordinateHue	142
Variations of green  -yellow   1	hsvCoordinateHue	84
Variations of green  Harlequin  1	hsvCoordinateHue	105
Variations of green  Hunter green   1	hsvCoordinateHue	120
Variations of green  India green   1	hsvCoordinateHue	115
Variations of green  Islamic green   1	hsvCoordinateHue	120
Variations of green  Jade  1	hsvCoordinateHue	120
Variations of green  white   5	hsvCoordinateHue	120
Variations of green  Midnight green  1	hsvCoordinateHue	187
Variations of green  MSU Green  1	hsvCoordinateHue	111
Variations of green  eon green  1	hsvCoordinateHue	111
Variations of green  HTML/CSS color   2	hsvCoordinateHue	120
Variations of green  Pakistan green   1	hsvCoordinateHue	120
Variations of green  Persian green  1	hsvCoordinateHue	135
Variations of green  white   6	hsvCoordinateHue	80
Variations of green  white   7	hsvCoordinateHue	164
Variations of green  Sea green  1	hsvCoordinateHue	146
Variations of green  white   8	hsvCoordinateHue	149
Lava (color)	hsvCoordinateHue	355
Lava (color)  Dark Lava  1	hsvCoordinateHue	27
Ruby (color)	hsvCoordinateHue	338
Variations of red	hsvCoordinateHue	0
Variations of red  Pink  1	hsvCoordinateHue	350
Variations of red  Salmon Pink  1	hsvCoordinateHue	14
Variations of red  Coral Pink  1	hsvCoordinateHue	16
Variations of red  Salmon   1	hsvCoordinateHue	14
Variations of red  Coral Red  1	hsvCoordinateHue	3
Variations of red  Carmine Red  1	hsvCoordinateHue	347
Variations of red  Scarlet  1	hsvCoordinateHue	8
Variations of red  Candy Apple Red  1	hsvCoordinateHue	2
Variations of red  white  1	hsvCoordinateHue	0
Variations of red  Pigment Red   1	hsvCoordinateHue	358
Variations of red  NCS   1	hsvCoordinateHue	345
Variations of red  Munsell   1	hsvCoordinateHue	345
Variations of red  Lust  1	hsvCoordinateHue	0
Variations of red  Ruby  1	hsvCoordinateHue	338
Variations of red  Crimson  1	hsvCoordinateHue	348
Variations of red  Fire Engine Red   1	hsvCoordinateHue	0
Variations of red  white  2	hsvCoordinateHue	350
Variations of red  Cornell Red  1	hsvCoordinateHue	0
Variations of red  Fire Brick  1	hsvCoordinateHue	0
Variations of red  ark Red  1	hsvCoordinateHue	0
Variations of red  Maroon  1	hsvCoordinateHue	0
Candy apple red (color)	hsvCoordinateHue	2
Candy apple red (color)  Candy Pink  1	hsvCoordinateHue	355
Candy apple red (color)  Medium Candy Apple Red  1	hsvCoordinateHue	350
Candy apple red (color)  Dark Candy Apple Red  1	hsvCoordinateHue	0
Cordovan (color)	hsvCoordinateHue	337
Fulvous	hsvCoordinateHue	35
Cinereous	hsvCoordinateHue	12
Wine (color)	hsvCoordinateHue	353
Brandeis blue	hsvCoordinateHue	214
Cool grey	hsvCoordinateHue	229
Duke blue	hsvCoordinateHue	160
Mikado yellow	hsvCoordinateHue	187
Lincoln green	hsvCoordinateHue	106
Old lace (color)	hsvCoordinateHue	40
Carnelian (color)	hsvCoordinateHue	0
Majorelle Blue	hsvCoordinateHue	247
Variations of pink  Pink  1	hsvCoordinateHue	350
Variations of pink  Light pink  1	hsvCoordinateHue	351
Variations of pink  Hot pink  1	hsvCoordinateHue	330
Variations of pink  Deep pink  1	hsvCoordinateHue	328
Variations of pink  Pale pink  1	hsvCoordinateHue	3
Variations of pink  Baby pink  1	hsvCoordinateHue	30
Variations of pink  Cherry blossom pink   1	hsvCoordinateHue	350
Variations of pink  Carnation pink   1	hsvCoordinateHue	330
Variations of pink  Pastel pink  1	hsvCoordinateHue	1
Variations of pink  black   1	hsvCoordinateHue	333
Variations of pink  Dark pink  1	hsvCoordinateHue	342
Variations of pink  Bright pink  1	hsvCoordinateHue	330
Variations of pink  black   2	hsvCoordinateHue	300
Variations of pink  Shocking pink  1	hsvCoordinateHue	315
Persian orange	hsvCoordinateHue	26
Portland Orange	hsvCoordinateHue	11
Bronze (color)	hsvCoordinateHue	30
Variations of magenta	hsvCoordinateHue	326
Variations of magenta  black  1	hsvCoordinateHue	326
Variations of magenta  black  2	hsvCoordinateHue	300
Variations of magenta  black  3	hsvCoordinateHue	300
Variations of magenta  black  4	hsvCoordinateHue	300
Variations of magenta  black  5	hsvCoordinateHue	300
Variations of magenta  Shocking Pink  1	hsvCoordinateHue	315
Variations of magenta  black  6	hsvCoordinateHue	313
Variations of magenta  black  7	hsvCoordinateHue	312
Variations of magenta  black  8	hsvCoordinateHue	304
Variations of magenta  white  1	hsvCoordinateHue	300
Variations of magenta  white  2	hsvCoordinateHue	300
Rufous	hsvCoordinateHue	8
Plum (color)	hsvCoordinateHue	307
Plum (color)  Pale Plum   1	hsvCoordinateHue	300
Tuscan red	hsvCoordinateHue	342
Desert sand (color)	hsvCoordinateHue	25
Desert sand (color)  Sandy Brown  1	hsvCoordinateHue	28
Desert sand (color)  Earth Yellow  1	hsvCoordinateHue	34
Desert sand (color)  Sand  1	hsvCoordinateHue	45
Desert sand (color)  Desert  1	hsvCoordinateHue	33
Desert sand (color)  Sand Dune  1	hsvCoordinateHue	43
Desert sand (color)  Field Drab  1	hsvCoordinateHue	42
Camel (color)	hsvCoordinateHue	33
Byzantium (color)	hsvCoordinateHue	311
Byzantium (color)  white  1	hsvCoordinateHue	311
Byzantium (color)  white  2	hsvCoordinateHue	315
Midnight green	hsvCoordinateHue	187
Upsdell red	hsvCoordinateHue	356
Icterine	hsvCoordinateHue	58
Straw (colour)	hsvCoordinateHue	54
Citrine (colour)	hsvCoordinateHue	54
Deep sky blue	hsvCoordinateHue	195
Ghost white	hsvCoordinateHue	24
Platinum (color)	hsvCoordinateHue	40
Iceberg (color)	hsvCoordinateHue	207
Sunset (color)	hsvCoordinateHue	35
Pearl (color)	hsvCoordinateHue	46
Isabelline (colour)	hsvCoordinateHue	30
Variations of yellow  Light Yellow  1	hsvCoordinateHue	60
Variations of yellow  Lemon Chiffon  1	hsvCoordinateHue	54
Variations of yellow  Yellow  1	hsvCoordinateHue	60
Variations of yellow  black  1	hsvCoordinateHue	56
Variations of yellow  NCS   1	hsvCoordinateHue	50
Variations of yellow  Munsell   1	hsvCoordinateHue	51
Variations of yellow  Lemon Yellow  1	hsvCoordinateHue	58
Variations of yellow  Gold Golden   1	hsvCoordinateHue	51
Variations of yellow  Khaki  1	hsvCoordinateHue	37
Variations of yellow  Goldenrod  1	hsvCoordinateHue	43
Variations of yellow  Olive  1	hsvCoordinateHue	60
Tawny (color)	hsvCoordinateHue	25
Redwood (color)	hsvCoordinateHue	358
Alizarin crimson (color)	hsvCoordinateHue	355
Bleu de France (colour)	hsvCoordinateHue	210
Stil de grain yellow	hsvCoordinateHue	48
Cadet grey	hsvCoordinateHue	205
Cadet grey  Cadet Blue  1	hsvCoordinateHue	182
Cadet grey  Cadet  1	hsvCoordinateHue	206
Tufts Blue	hsvCoordinateHue	208
UCLA Blue	hsvCoordinateHue	221
Vanilla (color)	hsvCoordinateHue	48
Variations of blue	hsvCoordinateHue	240
Variations of blue  Powder Blue   1	hsvCoordinateHue	220
Variations of blue  Light Blue  1	hsvCoordinateHue	240
Variations of blue  Baby blue   1	hsvCoordinateHue	199
Variations of blue    1	hsvCoordinateHue	240
Variations of blue  CMYK Pigment Blue   1	hsvCoordinateHue	240
Variations of blue  NCS   1	hsvCoordinateHue	197
Variations of blue  Munsell   1	hsvCoordinateHue	190
Variations of blue  Medium blue  1	hsvCoordinateHue	240
Variations of blue  Dark Blue  1	hsvCoordinateHue	240
Variations of blue  Navy Blue   1	hsvCoordinateHue	240
True Blue (color)	hsvCoordinateHue	207
Regalia (color)	hsvCoordinateHue	267
Jasmine (color)	hsvCoordinateHue	47
Alice blue	hsvCoordinateHue	208
CG Red	hsvCoordinateHue	4
CG Blue	hsvCoordinateHue	196
Variations of gray  Ash gray  1	hsvCoordinateHue	135
Variations of gray  Battleship Gray  1	hsvCoordinateHue	60
Variations of gray  Timberwolf  1	hsvCoordinateHue	33
Variations of gray  Dark Timberwolf  1	hsvCoordinateHue	40
Variations of gray  Light Timberwolf  1	hsvCoordinateHue	34
