BRABHAM	LONGNAME	MOTOR RACING DEVELOPMENTS, LTD.
MCLAREN	LONGNAME	MCLAREN HONDA
WILLIAMS GRAND PRIX ENGINEERING	LONGNAME	WILLIAMS MARTINI RACING
MINARDI	LONGNAME	MINARDI F1 TEAM
SCUDERIA FERRARI	LONGNAME	SCUDERIA FERRARI
BMW IN FORMULA ONE	LONGNAME	BMW SAUBER F1 TEAM
BRITISH AMERICAN RACING	LONGNAME	BRITISH AMERICAN RACING
BRITISH AMERICAN RACING	LONGNAME	LUCKY STRIKE BAR HONDA
RENAULT IN FORMULA ONE	LONGNAME	RENAULT SPORT
RENAULT IN FORMULA ONE	LONGNAME	FORMULA ONE TEAM
TYRRELL RACING	LONGNAME	TYRRELL RACING ORGANISATION
BENETTON FORMULA	LONGNAME	BENETTON FORMULA LTD.
VANWALL	LONGNAME	VANWALL
JORDAN GRAND PRIX	LONGNAME	JORDAN GRAND PRIX
COOPER CAR COMPANY	LONGNAME	COOPER CAR COMPANY
SURTEES	LONGNAME	SURTEES RACING ORGANISATION
ARROWS GRAND PRIX INTERNATIONAL	LONGNAME	ARROWS GRAND PRIX INTERNATIONAL
AUTOMOBILI TURISMO E SPORT	LONGNAME	AUTOMOBILI TURISMO E SPORT S.P.A.
BRITISH RACING MOTORS	LONGNAME	BRITISH RACING MOTORS
SIMTEK	LONGNAME	MTV SIMTEK FORD
MIDLAND F1 RACING	LONGNAME	MIDLAND F1 RACING
TOYOTA RACING	LONGNAME	PANASONIC TOYOTA RACING
JAGUAR RACING	LONGNAME	JAGUAR RACING F1 TEAM
RED BULL RACING	LONGNAME	RED BULL RACING
LARROUSSE	LONGNAME	LARROUSSE & CALMELS
OSELLA	LONGNAME	OSELLA SQUADRA CORSE
ZAKSPEED	LONGNAME	ZAKSPEED RACING
STEWART GRAND PRIX	LONGNAME	STEWART GRAND PRIX
AUTOMOBILES GONFARONNAISES SPORTIVES	LONGNAME	AUTOMOBILES GONFARONNAISES SPORTIVES
HESKETH RACING	LONGNAME	HESKETH RACING
FONDMETAL	LONGNAME	FONDMETAL
BMS SCUDERIA ITALIA	LONGNAME	BMS SCUDERIA ITALIA
FORTI	LONGNAME	PARMALAT
FORTI	LONGNAME	FORTI
FORTI	LONGNAME	FORD MOTOR COMPANY
FORTI	LONGNAME	FORTI GRAND PRIX
ALEX VON FALKENHAUSEN MOTORENBAU	LONGNAME	ALEX VON FALKENHAUSEN MOTORENBAU
CONNEW	LONGNAME	CONNEW RACING TEAM
KOJIMA ENGINEERING	LONGNAME	KOJIMA ENGINEERING
ECURIE NATIONALE BELGE	LONGNAME	ECURIE NATIONAL BELGE
RAM RACING	LONGNAME	RAM RACING TEAM
ANDREA MODA FORMULA	LONGNAME	ANDREA MODA FORMULA
CONNAUGHT ENGINEERING	LONGNAME	CONNAUGHT ENGINEERING
LEC REFRIGERATION RACING	LONGNAME	LEC REFRIGERATION RACING
KAUHSEN	LONGNAME	WILLI KAUHSEN RACING TEAM
BRITISH RACING PARTNERSHIP	LONGNAME	BRITISH RACING PARTNERSHIP
MCGUIRE	LONGNAME	MCGUIRE
ENSIGN RACING	LONGNAME	ENSIGN RACING TEAM
LIFE RACING ENGINES	LONGNAME	LIFE RACING ENGINES
MAKI ENGINEERING	LONGNAME	MAKI ENGINEERING
EUROBRUN	LONGNAME	EUROBRUN RACING
MERZARIO	LONGNAME	TEAM MERZARIO
FITTIPALDI AUTOMOTIVE	LONGNAME	FITTIPALDI AUTOMOTIVE
REBAQUE	LONGNAME	TEAM REBAQUE
VEL'S PARNELLI JONES RACING	LONGNAME	VEL'S PARNELLI JONES RACING
TROJAN–TAURANAC RACING	LONGNAME	TROJAN–TAURANAC RACING
ONYX GRAND PRIX	LONGNAME	ONYX GRAND PRIX
TOKEN RACING	LONGNAME	TOKEN RACING
TECNO	LONGNAME	TECNO RACING TEAM
PACIFIC RACING	LONGNAME	PACIFIC GRAND PRIX
PACIFIC RACING	LONGNAME	PACIFIC TEAM LOTUS
RIAL RACING	LONGNAME	RIAL RACING
THEODORE RACING	LONGNAME	THEODORE RACING
TOLEMAN	LONGNAME	TOLEMAN MOTORSPORT
SHADOW RACING CARS	LONGNAME	SHADOW RACING CARS INC.
MARCH ENGINEERING	LONGNAME	MARCH ENGINEERING
APOLLON	LONGNAME	APOLLON
CHRIS AMON RACING	LONGNAME	CHRIS AMON RACING
SCUDERIA SERENISSIMA	LONGNAME	SCUDERIA SERENISSIMA SCUDERIA SSS REPUBLICA DI VENEZIA
EMBASSY HILL	LONGNAME	EMBASSY RACING WITH GRAHAM HILL
MODENA	LONGNAME	MODENA TEAM SPA
FRANK WILLIAMS RACING CARS	LONGNAME	FRANK WILLIAMS RACING CARS
ATS	LONGNAME	ATS WHEELS
SCUDERIA TORO ROSSO	LONGNAME	SCUDERIA TORO ROSSO
SUPER AGURI F1	LONGNAME	SUPER AGURI F1 TEAM
SAUBER	LONGNAME	SAUBER F1 TEAM
HONDA IN FORMULA ONE	LONGNAME	HONDA RACING F1 TEAM
HONDA IN FORMULA ONE	LONGNAME	HONDA R & D COMPANY
ROB WALKER RACING TEAM	LONGNAME	R.R.C. WALKER RACING TEAM
ECURIE FRANCORCHAMPS	LONGNAME	ECURIE FRANCORCHAMPS
ECURIE ECOSSE	LONGNAME	ECURIE ECOSSE
SPYKER F1	LONGNAME	ETIHAD ALDAR SPYKER F1 TEAM
REG PARNELL RACING	LONGNAME	REG PARNELL RACING
HAAS LOLA	LONGNAME	TEAM HAAS  LTD.
ECURIE MAARSBERGEN	LONGNAME	ECURIE MAARSBERGEN
FOOTWORK ARROWS	LONGNAME	FOOTWORK ARROWS
BS FABRICATIONS	LONGNAME	BS FABRICATIONS
HRT FORMULA 1 TEAM	LONGNAME	HRT FORMULA 1 TEAM
HRT FORMULA 1 TEAM	LONGNAME	HISPANIA RACING F1 TEAM
HRT FORMULA 1 TEAM	LONGNAME	CAMPOS META 1
ALFA ROMEO IN FORMULA ONE	LONGNAME	ALFA ROMEO SPA, AUTODELTA, MARLBORO TEAM ALFA ROMEO, BENETTON TEAM ALFA ROMEO
ENRICO PLATé	LONGNAME	SCUDERIA ENRICO PLATé
ARZANI-VOLPINI	LONGNAME	SCUDERIA ARZANI-VOLPINI
FORCE INDIA	LONGNAME	SAHARA FORCE INDIA F1 TEAM
LOTUS F1	LONGNAME	LOTUS F1 TEAM
ECURIE ROSIER	LONGNAME	ECURIE ROSIER
ECURIE ROSIER	LONGNAME	EQUIPE ROSIER
ECURIE BONNIER	LONGNAME	ECURIE BONNIER /
ECURIE BONNIER	LONGNAME	JOAKIM BONNIER RACING TEAM /
ECURIE BONNIER	LONGNAME	ANGLO-SUISSE RACING TEAM /
ECURIE BONNIER	LONGNAME	ECURIE SUISSE
SCUDERIA AMBROSIANA	LONGNAME	SCUDERIA AMBROSIANA
US F1 TEAM	LONGNAME	US F1 TEAM
BRAWN GP	LONGNAME	BRAWN GP FORMULA ONE TEAM
REALPHA	LONGNAME	REALPHA
TEAM LOTUS	LONGNAME	TEAM LOTUS
TEAM LOTUS	LONGNAME	LOTUS RACING
EQUIPE LIGIER	LONGNAME	EQUIPE LIGIER
MERCEDES-BENZ IN FORMULA ONE	LONGNAME	MERCEDES AMG PETRONAS FORMULA ONE TEAM
VIRGIN RACING	LONGNAME	VIRGIN RACING
VIRGIN RACING	LONGNAME	MARUSSIA VIRGIN RACING
PROST GRAND PRIX	LONGNAME	PROST GRAND PRIX
MASERATI IN MOTORSPORT	LONGNAME	OFFICINE ALFIERI MASERATI
MBM	LONGNAME	MONTEVERDI BASLE MOTOREN
MBM	LONGNAME	MONTEVERDI BASLE MANTZEL
LEYTON HOUSE RACING	LONGNAME	LEYTON HOUSE FORMULA ONE RACING TEAM
WALTER WOLF RACING	LONGNAME	WALTER WOLF RACING
BERNARD WHITE RACING	LONGNAME	BERNARD WHITE RACING
MARUSSIA F1	LONGNAME	MARUSSIA F1 TEAM
MARUSSIA F1	LONGNAME	MANOR MARUSSIA F1 TEAM
TEAM GUNSTON	LONGNAME	TEAM GUNSTON
TEAM GUNSTON	LONGNAME	JOHN LOVE
GOLDIE HEXAGON RACING	LONGNAME	JOHN GOLDIE RACING WITH HEXAGON
SILVIO MOSER RACING TEAM	LONGNAME	SILVIO MOSER RACING TEAM
SCUDERIA SCRIBANTE	LONGNAME	SCUDERIA SCRIBANTE
SCUDERIA SCRIBANTE	LONGNAME	LUCKY STRIKE RACING
SCUDERIA FINOTTO	LONGNAME	SCUDERIA FINOTTO
COLIN CRABBE RACING	LONGNAME	COLIN CRABBE RACING
COLIN CRABBE RACING	LONGNAME	AKA COLIN CRABBE - ANTIQUE AUTOMOBILES
COLIN CRABBE RACING	LONGNAME	AKA ANTIQUE AUTOMOBILES RACING TEAM
HAAS F1 TEAM	LONGNAME	HAAS F1 TEAM REGISTERED AS HAAS FORMULA LLC
