Alfred Nobel	restingPlacePosition	Alfred Nobel  restingPlacePosition  1
Francisco Franco	restingPlacePosition	Francisco Franco  restingPlacePosition  1
Josip Broz Tito	restingPlacePosition	Josip Broz Tito  restingPlacePosition  1
Ludwig Wittgenstein	restingPlacePosition	Ludwig Wittgenstein  restingPlacePosition  1
Marco Polo	restingPlacePosition	Marco Polo  restingPlacePosition  1
Peter Mark Roget	restingPlacePosition	Peter Mark Roget  restingPlacePosition  1
Oskar Schindler	restingPlacePosition	Oskar Schindler  estingPlacePosition  1
Mary Anning	restingPlacePosition	Mary Anning  restingPlacePosition  1
Philip Larkin	restingPlacePosition	Philip Larkin  restingPlacePosition  1
David Livingstone	restingPlacePosition	David Livingstone  restingPlacePosition  1
Louis Braille	restingPlacePosition	Louis Braille  restingPlacePosition  1
Bob Fosse	restingPlacePosition	Bob Fosse  restingPlacePosition  1
Joseph Chamberlain	restingPlacePosition	Joseph Chamberlain  restingPlacePosition  1
Dalida	restingPlacePosition	Dalida  restingPlacePosition  1
John Leland (antiquary)	restingPlacePosition	John Leland (antiquary)  restingPlacePosition  1
Andrew Dickson White	restingPlacePosition	Andrew Dickson White  restingPlacePosition  1
Cyrus Vance	restingPlacePosition	Cyrus Vance  restingPlacePosition  1
Cecil Rhodes	restingPlacePosition	Cecil Rhodes  restingPlacePosition  1
JonBenét Ramsey	restingPlacePosition	JonBenét Ramsey  restingPlacePosition  1
John D. Rockefeller	restingPlacePosition	John D. Rockefeller  estingPlacePosition  1
Jacques Pierre Brissot	restingPlacePosition	Jacques Pierre Brissot  restingPlacePosition  1
Mirabeau B. Lamar	restingPlacePosition	Mirabeau B. Lamar  estingPlacePosition  1
Adelbert Ames	restingPlacePosition	Adelbert Ames  restingPlacePosition  1
Margaret Campbell, Duchess of Argyll	restingPlacePosition	Margaret Campbell, Duchess of Argyll  restingPlacePosition  1
John William Sterling	restingPlacePosition	John William Sterling  restingPlacePosition  1
Arndt Pekurinen	restingPlacePosition	Arndt Pekurinen  restingPlacePosition  1
Grey Owl	restingPlacePosition	Grey Owl  restingPlacePosition  1
William Benjamin Carpenter	restingPlacePosition	William Benjamin Carpenter  estingPlacePosition  1
Frederick Henry, Prince of Orange	restingPlacePosition	Frederick Henry, Prince of Orange  restingPlacePosition  1
Solon Borland	restingPlacePosition	Solon Borland  restingPlacePosition  1
Murder of Kitty Genovese	restingPlacePosition	Murder of Kitty Genovese  restingPlacePosition  1
Sarah Baartman	restingPlacePosition	Sarah Baartman  restingPlacePosition  1
Max Ehrmann	restingPlacePosition	Max Ehrmann  restingPlacePosition  1
Rod Roddy	restingPlacePosition	Rod Roddy  restingPlacePosition  1
Rachel Scott	restingPlacePosition	Rachel Scott  restingPlacePosition  1
Richard Grosvenor, 2nd Marquess of Westminster	restingPlacePosition	Richard Grosvenor, 2nd Marquess of Westminster  estingPlacePosition  1
Blas Ople	restingPlacePosition	Blas Ople  restingPlacePosition  1
José Antonio Primo de Rivera	restingPlacePosition	José Antonio Primo de Rivera  restingPlacePosition  1
Abigail Scott Duniway	restingPlacePosition	Abigail Scott Duniway  restingPlacePosition  1
Teresa Teng	restingPlacePosition	Teresa Teng  restingPlacePosition  1
Alexander Keith	restingPlacePosition	Alexander Keith  restingPlacePosition  1
Diosdado Macapagal	restingPlacePosition	Diosdado Macapagal  restingPlacePosition  1
Merv Griffin	restingPlacePosition	Merv Griffin  restingPlacePosition  1
James Duane	restingPlacePosition	James Duane  restingPlacePosition  1
Romualdo Pacheco	restingPlacePosition	Romualdo Pacheco  restingPlacePosition  1
Benjamin Franklin Butler (politician)	restingPlacePosition	Benjamin Franklin Butler (politician)  restingPlacePosition  1
William Jefferson Blythe, Jr.	restingPlacePosition	William Jefferson Blythe, Jr.  restingPlacePosition  1
Francis Greenway	restingPlacePosition	Francis Greenway  restingPlacePosition  1
Heather O'Rourke	restingPlacePosition	Heather O'Rourke  restingPlacePosition  1
Billy Butlin	restingPlacePosition	Billy Butlin  restingPlacePosition  1
Marjorie Proops	restingPlacePosition	Marjorie Proops  restingPlacePosition  1
Jim Nance McCord	restingPlacePosition	Jim Nance McCord  restingPlacePosition  1
John Williams Gunnison	restingPlacePosition	John Williams Gunnison  restingPlacePosition  1
William Henry Letterman	restingPlacePosition	William Henry Letterman  restingPlacePosition  1
George Busk	restingPlacePosition	George Busk  restingPlacePosition  1
Francis Ormond	restingPlacePosition	Francis Ormond  restingPlacePosition  1
Shlomo Carlebach (musician)	restingPlacePosition	Shlomo Carlebach (musician)  restingPlacePosition  1
Alexander William Doniphan	restingPlacePosition	Alexander William Doniphan  restingPlacePosition  1
Norman Clyde	restingPlacePosition	Norman Clyde  restingPlacePosition  1
Joan Gamper	restingPlacePosition	Joan Gamper  estingPlacePosition  1
Edmund Kennedy	restingPlacePosition	Edmund Kennedy  restingPlacePosition  1
George R. Lawrence	restingPlacePosition	George R. Lawrence  restingPlacePosition  1
Gustavus Franklin Swift	restingPlacePosition	Gustavus Franklin Swift  restingPlacePosition  1
Ned Hanlan	restingPlacePosition	Ned Hanlan  restingPlacePosition  1
Marjorie Williams	restingPlacePosition	Marjorie Williams  restingPlacePosition  1
General Tom Thumb	restingPlacePosition	General Tom Thumb  restingPlacePosition  1
Winnifred Sprague Mason Huck	restingPlacePosition	Winnifred Sprague Mason Huck  restingPlacePosition  1
Tony Hulman	restingPlacePosition	Tony Hulman  restingPlacePosition  1
Thomas Turner (diarist)	restingPlacePosition	Thomas Turner (diarist)  restingPlacePosition  1
Jacques d'Adelswärd-Fersen	restingPlacePosition	Jacques d'Adelswärd-Fersen  restingPlacePosition  1
Fred Korematsu	restingPlacePosition	Fred Korematsu  restingPlacePosition  1
Emery Valentine	restingPlacePosition	Emery Valentine  restingPlacePosition  1
Ranald MacDonald	restingPlacePosition	Ranald MacDonald  restingPlacePosition  1
Aurora Quezon	restingPlacePosition	Aurora Quezon  restingPlacePosition  1
Joseph Barss	restingPlacePosition	Joseph Barss  restingPlacePosition  1
Ruth Ellis	restingPlacePosition	Ruth Ellis  restingPlacePosition  1
Wilson Ruffin Abbott	restingPlacePosition	Wilson Ruffin Abbott  restingPlacePosition  1
Mary Carpenter	restingPlacePosition	Mary Carpenter  estingPlacePosition  1
Randall Thompson	restingPlacePosition	Randall Thompson  restingPlacePosition  1
Virginia Clinton Kelley	restingPlacePosition	Virginia Clinton Kelley  restingPlacePosition  1
Soe Hok Gie	restingPlacePosition	Soe Hok Gie  restingPlacePosition  1
Charles Edward Magoon	restingPlacePosition	Charles Edward Magoon  restingPlacePosition  1
Rafael del Pino (businessman)	restingPlacePosition	Rafael del Pino (businessman)  restingPlacePosition  1
George Dayton	restingPlacePosition	George Dayton  restingPlacePosition  1
Lavinia Warren	restingPlacePosition	Lavinia Warren  restingPlacePosition  1
Sarah Fairbrother	restingPlacePosition	Sarah Fairbrother  estingPlacePosition  1
Piet Retief	restingPlacePosition	Piet Retief  restingPlacePosition  1
Archibald Dixon	restingPlacePosition	Archibald Dixon  restingPlacePosition  1
Arne Arnardo	restingPlacePosition	Arne Arnardo  restingPlacePosition  1
Frank McCloskey	restingPlacePosition	Frank McCloskey  restingPlacePosition  1
Paul Jaworski	restingPlacePosition	Paul Jaworski  restingPlacePosition  1
Chalom Messas	restingPlacePosition	Chalom Messas  restingPlacePosition  1
Abraham Lincoln (captain)	restingPlacePosition	Abraham Lincoln (captain)  restingPlacePosition  1
Thomas Carleton	restingPlacePosition	Thomas Carleton  restingPlacePosition  1
Flora Thompson	restingPlacePosition	Flora Thompson  restingPlacePosition  1
George Hakewill	restingPlacePosition	George Hakewill  restingPlacePosition  1
Arthur Gamgee	restingPlacePosition	Arthur Gamgee  restingPlacePosition  1
Gustav Wilhelm Wolff	restingPlacePosition	Gustav Wilhelm Wolff  restingPlacePosition  1
Opal Whiteley	restingPlacePosition	Opal Whiteley  restingPlacePosition  1
Moshe Feinstein	restingPlacePosition	Moshe Feinstein  restingPlacePosition  1
Isaac N. Ebey	restingPlacePosition	Isaac N. Ebey  restingPlacePosition  1
Francis Pettygrove	restingPlacePosition	Francis Pettygrove  restingPlacePosition  1
George N. Parks	restingPlacePosition	George N. Parks  restingPlacePosition  1
Windradyne	restingPlacePosition	Windradyne  restingPlacePosition  1
Bernard Kroger	restingPlacePosition	Bernard Kroger  estingPlacePosition  1
George Dunton Widener	restingPlacePosition	George Dunton Widener  estingPlacePosition  1
Ann Yearsley	restingPlacePosition	Ann Yearsley  restingPlacePosition  1
James McGill	restingPlacePosition	James McGill  restingPlacePosition  1
Charles Ogle (politician)	restingPlacePosition	Charles Ogle (politician)  restingPlacePosition  1
Theodor Herzl	restingPlacePosition	Theodor Herzl  restingPlacePosition  1
Michel Hollard	restingPlacePosition	Michel Hollard  restingPlacePosition  1
Sam Maceo	restingPlacePosition	Sam Maceo  restingPlacePosition  1
Zadock Pratt	restingPlacePosition	Zadock Pratt  restingPlacePosition  1
Francisco José de Caldas	restingPlacePosition	Francisco José de Caldas  restingPlacePosition  1
Edwin Jackson Kyle	restingPlacePosition	Edwin Jackson Kyle  restingPlacePosition  1
Lewis Baker (politician)	restingPlacePosition	Lewis Baker (politician)  restingPlacePosition  1
Robert Lee (obstetrician)	restingPlacePosition	Robert Lee (obstetrician)  restingPlacePosition  1
Loke Yew	restingPlacePosition	Loke Yew  restingPlacePosition  1
George D. Watt	restingPlacePosition	George D. Watt  restingPlacePosition  1
Bryan F. Mahan	restingPlacePosition	Bryan F. Mahan  restingPlacePosition  1
Fern Hobbs	restingPlacePosition	Fern Hobbs  restingPlacePosition  1
John C. Chaney	restingPlacePosition	John C. Chaney  restingPlacePosition  1
Richard C. Shannon	restingPlacePosition	Richard C. Shannon  restingPlacePosition  1
Murder of Kelsey Smith	restingPlacePosition	Murder of Kelsey Smith  restingPlacePosition  1
Denver Dickerson	restingPlacePosition	Denver Dickerson  restingPlacePosition  1
Jacob B. Blair	restingPlacePosition	Jacob B. Blair  estingPlacePosition  1
Thomas Miner	restingPlacePosition	Thomas Miner  estingPlacePosition  1
Guillermo Prieto	restingPlacePosition	Guillermo Prieto  restingPlacePosition  1
Mary Ramsey Wood	restingPlacePosition	Mary Ramsey Wood  restingPlacePosition  1
Alberto Villamizar	restingPlacePosition	Alberto Villamizar  estingPlacePosition  1
Walter Palmer (Puritan)	restingPlacePosition	Walter Palmer (Puritan)  restingPlacePosition  1
Józef Zawadzki (publisher)	restingPlacePosition	Józef Zawadzki (publisher)  restingPlacePosition  1
Sri Viswa Viznana Vidya Adhyatmika Peetham	restingPlacePosition	Sri Viswa Viznana Vidya Adhyatmika Peetham  restingPlacePosition  1
Kavisekhara Dr Umar Alisha	restingPlacePosition	Kavisekhara Dr Umar Alisha  restingPlacePosition  1
Brahmarishi Hussain Sha	restingPlacePosition	Brahmarishi Hussain Sha  restingPlacePosition  1
Zdzisław Peszkowski	restingPlacePosition	Zdzisław Peszkowski  restingPlacePosition  1
Mohiddin Badsha II	restingPlacePosition	Mohiddin Badsha II  restingPlacePosition  1
Eli Todd	restingPlacePosition	Eli Todd  restingPlacePosition  1
Francis Joseph Bayldon	restingPlacePosition	Francis Joseph Bayldon  restingPlacePosition  1
Edward Harland	restingPlacePosition	Edward Harland  restingPlacePosition  1
Jeanne Le Ber	restingPlacePosition	Jeanne Le Ber  estingPlacePosition  1
Jacques Le Ber	restingPlacePosition	Jacques Le Ber  estingPlacePosition  1
Isabella Nardoni case	restingPlacePosition	Isabella Nardoni case  restingPlacePosition  1
Grzegorz Przemyk	restingPlacePosition	Grzegorz Przemyk  restingPlacePosition  1
John W. Shute	restingPlacePosition	John W. Shute  restingPlacePosition  1
Manuel Uribe Ángel	restingPlacePosition	Manuel Uribe Ángel  restingPlacePosition  1
Vera MacLeavy	restingPlacePosition	Vera MacLeavy  restingPlacePosition  1
William Polk (colonel)	restingPlacePosition	William Polk (colonel)  restingPlacePosition  1
Thomas Johnes	restingPlacePosition	Thomas Johnes  restingPlacePosition  1
Harold Koplar	restingPlacePosition	Harold Koplar  estingPlacePosition  1
Seth Kinman	restingPlacePosition	Seth Kinman  restingPlacePosition  1
Alexander Ratiu	restingPlacePosition	Alexander Ratiu  restingPlacePosition  1
Alonzo Gesner	restingPlacePosition	Alonzo Gesner  estingPlacePosition  1
Francisco Antonio Zea	restingPlacePosition	Francisco Antonio Zea  restingPlacePosition  1
Socrates Hotchkiss Tryon, Sr.	restingPlacePosition	Socrates Hotchkiss Tryon, Sr.  restingPlacePosition  1
William Lewis Moody, Jr.	restingPlacePosition	William Lewis Moody, Jr.  restingPlacePosition  1
Anna Krefting	restingPlacePosition	Anna Krefting  restingPlacePosition  1
Alvin P. Shapiro	restingPlacePosition	Alvin P. Shapiro  restingPlacePosition  1
Adam Koc	restingPlacePosition	Adam Koc  restingPlacePosition  1
Isaac Bargrave	restingPlacePosition	Isaac Bargrave  restingPlacePosition  1
Neville Neil	restingPlacePosition	Neville Neil  restingPlacePosition  1
John Chapman Andrew	restingPlacePosition	John Chapman Andrew  restingPlacePosition  1
Valeriu Boboc	restingPlacePosition	Valeriu Boboc  restingPlacePosition  1
Rosario Maceo	restingPlacePosition	Rosario Maceo  restingPlacePosition  1
Norris Wright Cuney	restingPlacePosition	Norris Wright Cuney  restingPlacePosition  1
Maud Cuney Hare	restingPlacePosition	Maud Cuney Hare  stingPlacePosition  1
Ion Ţîbuleac	restingPlacePosition	Ion Ţîbuleac  restingPlacePosition  1
Augustus C. Kinney	restingPlacePosition	Augustus C. Kinney  restingPlacePosition  1
Tex Robertson	restingPlacePosition	Tex Robertson  restingPlacePosition  1
Frank Jay Haynes	restingPlacePosition	Frank Jay Haynes  restingPlacePosition  1
James Willard Schultz	restingPlacePosition	James Willard Schultz  restingPlacePosition  1
John F. Yancey	restingPlacePosition	John F. Yancey  restingPlacePosition  1
David Thomas Lenox	restingPlacePosition	David Thomas Lenox  restingPlacePosition  1
Martin Hotine	restingPlacePosition	Martin Hotine  restingPlacePosition  1
James Arthur Flesher	restingPlacePosition	James Arthur Flesher  estingPlacePosition  1
Parmenio Medina	restingPlacePosition	Parmenio Medina  restingPlacePosition  1
Frank Dekum	restingPlacePosition	Frank Dekum  restingPlacePosition  1
Edward Cephas John Stevens	restingPlacePosition	Edward Cephas John Stevens  restingPlacePosition  1
Gerrit Maritz	restingPlacePosition	Gerrit Maritz  restingPlacePosition  1
John Thomas Peacock	restingPlacePosition	John Thomas Peacock  restingPlacePosition  1
Zrubavel Gilad	restingPlacePosition	Zrubavel Gilad  restingPlacePosition  1
John Charles Watts-Russell	restingPlacePosition	John Charles Watts-Russell  restingPlacePosition  1
Claude Poullart des Places	restingPlacePosition	Claude Poullart des Places  restingPlacePosition  1
Frank Augustus Miller	restingPlacePosition	Frank Augustus Miller  estingPlacePosition  1
José do Canto	restingPlacePosition	José do Canto  restingPlacePosition  1
J. G. M. Ramsey	restingPlacePosition	J. G. M. Ramsey  restingPlacePosition  1
Grigore Constantinescu	restingPlacePosition	Grigore Constantinescu  restingPlacePosition  1
James Wallace Conant	restingPlacePosition	James Wallace Conant  restingPlacePosition  1
Andrew Sinclair (botanist)	restingPlacePosition	Andrew Sinclair (botanist)  restingPlacePosition  1
Joseph Dodson	restingPlacePosition	Joseph Dodson  restingPlacePosition  1
Joseph Levien	restingPlacePosition	Joseph Levien  restingPlacePosition  1
John Marshall (surgeon)	restingPlacePosition	John Marshall (surgeon)  restingPlacePosition  1
Saigō-no-Tsubone	restingPlacePosition	Saigō-no-Tsubone  restingPlacePosition  1
Faizal Yusof	restingPlacePosition	Faizal Yusof  restingPlacePosition  1
Nelson Story	restingPlacePosition	Nelson Story  restingPlacePosition  1
Vladimir Kovalevsky	restingPlacePosition	Vladimir Kovalevsky  restingPlacePosition  1
Louis Tregardt	restingPlacePosition	Louis Tregardt  restingPlacePosition  1
Silvestre De León	restingPlacePosition	Silvestre De León  restingPlacePosition  1
Fernando De León	restingPlacePosition	Fernando De León  restingPlacePosition  1
Martín De León	restingPlacePosition	Martín De León  restingPlacePosition  1
Patricia de la Garza De León	restingPlacePosition	Patricia de la Garza De León  restingPlacePosition  1
Nicholas J. Rusch	restingPlacePosition	Nicholas J. Rusch  restingPlacePosition  1
William P. Bettendorf	restingPlacePosition	William P. Bettendorf  restingPlacePosition  1
Joseph W. Bettendorf	restingPlacePosition	Joseph W. Bettendorf  restingPlacePosition  1
Willard Lamb Velie	restingPlacePosition	Willard Lamb Velie  restingPlacePosition  1
Dwight Deere Wiman	restingPlacePosition	Dwight Deere Wiman  restingPlacePosition  1
Hal Skelly	restingPlacePosition	Hal Skelly  restingPlacePosition  1
Frederick Denkmann	restingPlacePosition	Frederick Denkmann  restingPlacePosition  1
