Black	rgbCoordinateGreen	0
Blue	rgbCoordinateGreen	255
Cyan	rgbCoordinateGreen	128
Cyan  additive secondary   1	rgbCoordinateGreen	255
Cyan  subtractive primary   1	rgbCoordinateGreen	235
Cyan  Light Cyan  1	rgbCoordinateGreen	255
Cyan  Light Sea Green   1	rgbCoordinateGreen	170
Cyan  Dark Cyan  1	rgbCoordinateGreen	139
Cyan  white  1	rgbCoordinateGreen	128
Green	rgbCoordinateGreen	0
Indigo	rgbCoordinateGreen	130
Indigo  Electric Indigo  1	rgbCoordinateGreen	255
Indigo  Blue-Violet  1	rgbCoordinateGreen	226
Indigo  Pigment Indigo  1	rgbCoordinateGreen	130
Indigo  Dye  1	rgbCoordinateGreen	106
Red	rgbCoordinateGreen	0
Sienna	rgbCoordinateGreen	23
Sienna  Raw Sienna   1	rgbCoordinateGreen	78
Sienna  Burnt Sienna  1	rgbCoordinateGreen	81
Sienna  Dark Sienna   1	rgbCoordinateGreen	20
Yellow	rgbCoordinateGreen	0
Yellow  Yellow  1	rgbCoordinateGreen	0
Yellow  black  1	rgbCoordinateGreen	0
Violet (color)  Violet color wheel   1	rgbCoordinateGreen	255
Violet (color)  Electric Violet  1	rgbCoordinateGreen	255
Violet (color)  Vivid Violet  1	rgbCoordinateGreen	255
Violet (color)  Violet web color   1	rgbCoordinateGreen	238
Violet (color)  Dark Violet  1	rgbCoordinateGreen	211
Purple	rgbCoordinateGreen	128
Purple  Violet  1	rgbCoordinateGreen	255
Purple  white  1	rgbCoordinateGreen	60
Purple  Han Purple  1	rgbCoordinateGreen	250
Purple  white  2	rgbCoordinateGreen	169
Purple  white  3	rgbCoordinateGreen	133
Purple  white  4	rgbCoordinateGreen	255
Purple  white  5	rgbCoordinateGreen	128
Purple  white  6	rgbCoordinateGreen	240
Purple  Medium Purple  1	rgbCoordinateGreen	219
Purple  Munsell   1	rgbCoordinateGreen	197
Purple  Orchid  1	rgbCoordinateGreen	214
Purple  Heliotrope  1	rgbCoordinateGreen	255
Purple  white  7	rgbCoordinateGreen	255
Purple  white  8	rgbCoordinateGreen	140
Purple  white  9	rgbCoordinateGreen	74
Brown	rgbCoordinateGreen	0
Brown  Red-Brown  1	rgbCoordinateGreen	42
Brown  Dark Brown  1	rgbCoordinateGreen	33
Brown  Pale Brown  1	rgbCoordinateGreen	84
Ultramarine	rgbCoordinateGreen	143
Ultramarine  Blue  1	rgbCoordinateGreen	245
Ultramarine  lectric Ultramarine  1	rgbCoordinateGreen	255
Magenta	rgbCoordinateGreen	255
Magenta  white  1	rgbCoordinateGreen	123
Magenta  black  1	rgbCoordinateGreen	144
Magenta  black  2	rgbCoordinateGreen	255
Orange (colour)	rgbCoordinateGreen	0
Orange (colour)  Orange web colour   1	rgbCoordinateGreen	0
Orange (colour)  Dark orange web colour   1	rgbCoordinateGreen	0
Orange (colour)  Orange peel   1	rgbCoordinateGreen	0
Orange (colour)  Deep saffron   1	rgbCoordinateGreen	51
Orange (colour)  Burnt orange   1	rgbCoordinateGreen	0
Orange (colour)  white   1	rgbCoordinateGreen	0
Bondi blue	rgbCoordinateGreen	182
Jonquil	rgbCoordinateGreen	94
Tyrian purple	rgbCoordinateGreen	60
Terracotta	rgbCoordinateGreen	91
Terracotta  Dark Terra cotta  1	rgbCoordinateGreen	92
Prussian blue  white  1	rgbCoordinateGreen	83
Pink	rgbCoordinateGreen	203
Crimson	rgbCoordinateGreen	60
Crimson  Alizarin Crimson  1	rgbCoordinateGreen	54
Crimson  Electric Crimson  1	rgbCoordinateGreen	63
Crimson  Folly  1	rgbCoordinateGreen	79
Crimson  white  1	rgbCoordinateGreen	107
Crimson  KU Crimson  1	rgbCoordinateGreen	13
Crimson  Utah Crimson  1	rgbCoordinateGreen	63
Crimson  Harvard Crimson  1	rgbCoordinateGreen	22
Crimson  Glory  1	rgbCoordinateGreen	50
Crimson  OU Crimson  1	rgbCoordinateGreen	0
Gold (color)	rgbCoordinateGreen	0
Gold (color)  Metallic Gold   1	rgbCoordinateGreen	55
Gold (color)  #FFFFFF  1	rgbCoordinateGreen	10
Gold (color)  University of California Gold  1	rgbCoordinateGreen	39
Gold (color)  Satin Sheen Gold   1	rgbCoordinateGreen	53
Gold (color)  Vegas Gold  1	rgbCoordinateGreen	88
Gold (color)  Old Gold   1	rgbCoordinateGreen	59
Gold (color)  Pale Gold   1	rgbCoordinateGreen	138
Gold (color)  Golden Poppy   1	rgbCoordinateGreen	0
Gold (color)  Sunglow   1	rgbCoordinateGreen	51
Gold (color)  Golden yellow   1	rgbCoordinateGreen	0
Gold (color)  Golden brown  1	rgbCoordinateGreen	21
Isatis tinctoria  Indigo Dye  1	rgbCoordinateGreen	106
Ochre	rgbCoordinateGreen	34
Vermilion	rgbCoordinateGreen	52
Vermilion  Orange-Red  1	rgbCoordinateGreen	0
Coral (color)	rgbCoordinateGreen	80
Coral (color)  Light Coral  1	rgbCoordinateGreen	128
Coral (color)  Coral Pink  1	rgbCoordinateGreen	121
Coral (color)  Coral Red  1	rgbCoordinateGreen	64
Coral (color)  Dark Coral   1	rgbCoordinateGreen	69
Cadmium pigments	rgbCoordinateGreen	0
Cadmium pigments  Cadmium Orange  1	rgbCoordinateGreen	45
Cadmium pigments  Cadmium Red  1	rgbCoordinateGreen	34
Cadmium pigments  Cadmium Green  1	rgbCoordinateGreen	60
Umber	rgbCoordinateGreen	68
Umber  white  1	rgbCoordinateGreen	71
Navy blue	rgbCoordinateGreen	128
Powder blue	rgbCoordinateGreen	230
Powder blue  Dark powder blue   1	rgbCoordinateGreen	153
Phthalocyanine Blue BN	rgbCoordinateGreen	137
Tan (color)	rgbCoordinateGreen	140
Tan (color)  Dark Tan  1	rgbCoordinateGreen	81
Mauve	rgbCoordinateGreen	255
Mauve  Light Mauve  1	rgbCoordinateGreen	255
Mauve  white  1	rgbCoordinateGreen	167
Mauve  white  2	rgbCoordinateGreen	109
Mauve  white  3	rgbCoordinateGreen	71
Mountbatten pink	rgbCoordinateGreen	141
Beige	rgbCoordinateGreen	220
Beige  Cosmic Latte  1	rgbCoordinateGreen	231
Beige  Desert Sand  1	rgbCoordinateGreen	175
Beige  cru  1	rgbCoordinateGreen	128
Beige  French Beige  1	rgbCoordinateGreen	91
Beige  Mode Beige  1	rgbCoordinateGreen	23
Bistre	rgbCoordinateGreen	31
Azure (color)	rgbCoordinateGreen	255
Azure (color)  Azure web color   1	rgbCoordinateGreen	255
Azure (color)  Alice Blue   1	rgbCoordinateGreen	255
Azure (color)  Columbia Blue  1	rgbCoordinateGreen	255
Azure (color)  Light Sky Blue  1	rgbCoordinateGreen	250
Azure (color)  Sky Blue  1	rgbCoordinateGreen	235
Azure (color)  Maya Blue  1	rgbCoordinateGreen	251
Azure (color)  United Nations Blue  1	rgbCoordinateGreen	219
Azure (color)  Cornflower Blue  1	rgbCoordinateGreen	237
Azure (color)  Bleu de France   1	rgbCoordinateGreen	231
Azure (color)  white  1	rgbCoordinateGreen	255
Azure (color)  Brandeis Blue  1	rgbCoordinateGreen	255
Azure (color)  white  2	rgbCoordinateGreen	207
Azure (color)  Royal Blue web color   1	rgbCoordinateGreen	225
Azure (color)  Celestial Blue  1	rgbCoordinateGreen	208
Azure (color)  Tufts Blue  1	rgbCoordinateGreen	206
Azure (color)  Wild Blue Yonder  1	rgbCoordinateGreen	208
Azure (color)  Air Force Blue  1	rgbCoordinateGreen	168
Azure (color)  Steel Blue  1	rgbCoordinateGreen	180
Azure (color)  French Blue  1	rgbCoordinateGreen	187
Azure (color)  Lapis Lazuli  1	rgbCoordinateGreen	156
Azure (color)  white   1	rgbCoordinateGreen	168
Azure (color)  Royal Blue traditional   1	rgbCoordinateGreen	102
Teal	rgbCoordinateGreen	128
Teal  white  1	rgbCoordinateGreen	136
Salmon (color)	rgbCoordinateGreen	122
Salmon (color)  Salmon   1	rgbCoordinateGreen	114
Salmon (color)  Dark salmon  1	rgbCoordinateGreen	122
Fuchsia (color)	rgbCoordinateGreen	255
Fuchsia (color)  black  1	rgbCoordinateGreen	229
Fuchsia (color)  black  2	rgbCoordinateGreen	255
Fuchsia (color)  Neon Fuchsia  1	rgbCoordinateGreen	194
Fuchsia (color)  Fashion Fuchsia  1	rgbCoordinateGreen	161
Fuchsia (color)  Deep Fuchsia  1	rgbCoordinateGreen	193
Fuchsia (color)  white  1	rgbCoordinateGreen	137
Fuchsia (color)  Antique Fuchsia  1	rgbCoordinateGreen	131
Peach (color)	rgbCoordinateGreen	180
Peach (color)  Peach-Yellow  1	rgbCoordinateGreen	173
Peach (color)  Peach Puff  1	rgbCoordinateGreen	185
Peach (color)  Deep Peach  1	rgbCoordinateGreen	164
Peach (color)  Peach-Orange  1	rgbCoordinateGreen	153
Silver (color)	rgbCoordinateGreen	192
Silver (color)  Pale silver   1	rgbCoordinateGreen	187
Cardinal (color)	rgbCoordinateGreen	58
Lavender (color)	rgbCoordinateGreen	250
Lavender (color)  Lavender blush   1	rgbCoordinateGreen	245
Lavender (color)  Lavender mist   1	rgbCoordinateGreen	250
Lavender (color)  Languid lavender   1	rgbCoordinateGreen	221
Lavender (color)  Lavender gray   1	rgbCoordinateGreen	208
Lavender (color)  Light mauve   1	rgbCoordinateGreen	255
Lavender (color)  Periwinkle   1	rgbCoordinateGreen	255
Lavender (color)  black   1	rgbCoordinateGreen	255
Lavender (color)  black   2	rgbCoordinateGreen	220
Lavender (color)  Lavender pink   1	rgbCoordinateGreen	210
Lavender (color)  Brilliant lavender   1	rgbCoordinateGreen	255
Lavender (color)  Rich brilliant lavender   1	rgbCoordinateGreen	254
Lavender (color)  black   3	rgbCoordinateGreen	238
Lavender (color)  Plum web color   1	rgbCoordinateGreen	221
Lavender (color)  black   4	rgbCoordinateGreen	255
Lavender (color)  Bright úbe   1	rgbCoordinateGreen	232
Lavender (color)  Bright lavender   1	rgbCoordinateGreen	228
Lavender (color)  Lavender   1	rgbCoordinateGreen	220
Lavender (color)  white   1	rgbCoordinateGreen	204
Lavender (color)  Amethyst  1	rgbCoordinateGreen	204
Lavender (color)  Úbe  1	rgbCoordinateGreen	195
Lavender (color)  Lavender indigo  1	rgbCoordinateGreen	235
Lavender (color)  white   2	rgbCoordinateGreen	219
Lavender (color)  Purple mountain majesty  1	rgbCoordinateGreen	182
Lavender (color)  Twilight lavender  1	rgbCoordinateGreen	107
Lavender (color)  white   3	rgbCoordinateGreen	150
Lavender (color)  Halayà úbe  1	rgbCoordinateGreen	84
Lavender (color)  Old lavender  1	rgbCoordinateGreen	120
Falu red	rgbCoordinateGreen	24
Venetian red	rgbCoordinateGreen	21
Liver (color)	rgbCoordinateGreen	79
Copper (color)	rgbCoordinateGreen	51
Copper (color)  Pale Copper  1	rgbCoordinateGreen	103
Persian red	rgbCoordinateGreen	51
Dodger blue	rgbCoordinateGreen	255
Lemon (color)	rgbCoordinateGreen	0
Persian blue	rgbCoordinateGreen	187
Persian blue  Persian indigo  1	rgbCoordinateGreen	122
Persian blue  Medium Persian blue  1	rgbCoordinateGreen	165
Puce	rgbCoordinateGreen	153
Periwinkle (color)	rgbCoordinateGreen	255
Amber (color)	rgbCoordinateGreen	0
Amber (color)  SAE/ECE Amber   1	rgbCoordinateGreen	0
Scarlet (color)	rgbCoordinateGreen	0
Scarlet (color)  Torch red  1	rgbCoordinateGreen	53
Scarlet (color)  Flame  1	rgbCoordinateGreen	34
Scarlet (color)  Fire Brick  1	rgbCoordinateGreen	34
Scarlet (color)  Dark Scarlet  1	rgbCoordinateGreen	25
Cerulean	rgbCoordinateGreen	167
Cerulean  blue pigment approximate color   1	rgbCoordinateGreen	190
Cerulean  Bright Cerulean  1	rgbCoordinateGreen	214
Cerulean  Cerulean  1	rgbCoordinateGreen	226
Orchid (color)	rgbCoordinateGreen	214
Viridian	rgbCoordinateGreen	109
Sepia (color)	rgbCoordinateGreen	20
Amethyst (color)	rgbCoordinateGreen	204
Cobalt blue	rgbCoordinateGreen	171
Turquoise (color)	rgbCoordinateGreen	208
Turquoise (color)  Pale Turquoise  1	rgbCoordinateGreen	238
Turquoise (color)  Turquoise Blue  1	rgbCoordinateGreen	239
Turquoise (color)  Turquoise Green  1	rgbCoordinateGreen	180
Turquoise (color)  Bright Turquoise  1	rgbCoordinateGreen	222
Turquoise (color)  Medium Turquoise  1	rgbCoordinateGreen	204
Turquoise (color)  Dark Turquoise  1	rgbCoordinateGreen	209
Khaki (color)	rgbCoordinateGreen	107
Khaki (color)  Khaki  1	rgbCoordinateGreen	145
Khaki (color)  Light Khaki  1	rgbCoordinateGreen	140
Cerise (color)	rgbCoordinateGreen	99
Cerise (color)  Cerise Pink  1	rgbCoordinateGreen	131
Cerise (color)  Vivid Cerise  1	rgbCoordinateGreen	129
Cerise (color)  Amaranth Cerise  1	rgbCoordinateGreen	130
Cerise (color)  Deep Cerise  1	rgbCoordinateGreen	135
Cerise (color)  Hollywood Cerise  1	rgbCoordinateGreen	161
Lilac (color)	rgbCoordinateGreen	200
Lilac (color)  white  1	rgbCoordinateGreen	210
Lilac (color)  white  2	rgbCoordinateGreen	187
Lilac (color)  white  3	rgbCoordinateGreen	142
Cream (colour)	rgbCoordinateGreen	208
Maroon (color)	rgbCoordinateGreen	0
Maroon (color)  white  1	rgbCoordinateGreen	72
Maroon (color)  white  2	rgbCoordinateGreen	96
Maroon (color)  Dark Red  1	rgbCoordinateGreen	0
Verdigris	rgbCoordinateGreen	174
Chartreuse (color)	rgbCoordinateGreen	0
Chartreuse (color)  Chartreuse yellow   1	rgbCoordinateGreen	0
Chartreuse (color)  Pear   1	rgbCoordinateGreen	49
Chartreuse (color)  Green-Yellow   1	rgbCoordinateGreen	47
Chartreuse (color)  Lawn Green   1	rgbCoordinateGreen	0
Chartreuse (color)  Pistachio   1	rgbCoordinateGreen	114
Chartreuse (color)  Yellow-Green   1	rgbCoordinateGreen	50
Chartreuse (color)  Apple Green   1	rgbCoordinateGreen	0
Chartreuse (color)  Olive  1	rgbCoordinateGreen	0
Chartreuse (color)  Olive Drab  1	rgbCoordinateGreen	35
Chartreuse (color)  Camouflage green  1	rgbCoordinateGreen	107
Chartreuse (color)  Dark Olive Green  1	rgbCoordinateGreen	47
Lime (color)	rgbCoordinateGreen	0
Lime (color)  Lime HTML/CSS ; Green X11   1	rgbCoordinateGreen	0
Lime (color)  white   1	rgbCoordinateGreen	50
Lime (color)  Electric Lime   1	rgbCoordinateGreen	0
Red-violet	rgbCoordinateGreen	133
Red-violet  white  1	rgbCoordinateGreen	133
Red-violet  white  2	rgbCoordinateGreen	255
Red-violet  white  3	rgbCoordinateGreen	255
Red-violet  white  4	rgbCoordinateGreen	133
Red-violet  white  5	rgbCoordinateGreen	147
Red-violet  white  6	rgbCoordinateGreen	94
Red-violet  Eggplant  1	rgbCoordinateGreen	81
School bus yellow	rgbCoordinateGreen	0
Safety orange	rgbCoordinateGreen	0
Cosmic latte	rgbCoordinateGreen	231
Naples yellow	rgbCoordinateGreen	94
Gamboge	rgbCoordinateGreen	15
Indian yellow  Indian Yellow  1	rgbCoordinateGreen	87
International Klein Blue	rgbCoordinateGreen	167
Aquamarine (color)	rgbCoordinateGreen	212
Aquamarine (color)  Medium Aquamarine  1	rgbCoordinateGreen	170
Seal brown	rgbCoordinateGreen	20
Carmine (color)	rgbCoordinateGreen	24
Carmine (color)  Medium Carmine  1	rgbCoordinateGreen	53
Carmine (color)  Deep Carmine  1	rgbCoordinateGreen	62
Carmine (color)  Rich Carmine  1	rgbCoordinateGreen	64
Carmine (color)  Carmine Red  1	rgbCoordinateGreen	56
Carmine (color)  Deep Carmine Pink  1	rgbCoordinateGreen	56
Carmine (color)  Carmine Pink  1	rgbCoordinateGreen	66
Carmine (color)  Light Carmine Pink  1	rgbCoordinateGreen	97
Baby blue	rgbCoordinateGreen	240
Baby blue  Beau blue   1	rgbCoordinateGreen	230
Baby blue  eyes   1	rgbCoordinateGreen	241
Chrome yellow	rgbCoordinateGreen	0
Champagne (color)	rgbCoordinateGreen	206
Champagne (color)  black  1	rgbCoordinateGreen	171
Champagne (color)  black  2	rgbCoordinateGreen	165
Champagne (color)  black  3	rgbCoordinateGreen	128
Old gold	rgbCoordinateGreen	59
Burgundy (color)	rgbCoordinateGreen	32
Burgundy (color)  Vivid Burgundy  1	rgbCoordinateGreen	53
Denim (color)	rgbCoordinateGreen	189
Wisteria (color)	rgbCoordinateGreen	220
Tangerine (color)	rgbCoordinateGreen	0
Eggplant (color)	rgbCoordinateGreen	81
Wheat (color)	rgbCoordinateGreen	179
Goldenrod (color)	rgbCoordinateGreen	32
Goldenrod (color)  Light Goldenrod Yellow  1	rgbCoordinateGreen	210
Goldenrod (color)  Pale Goldenrod  1	rgbCoordinateGreen	170
Goldenrod (color)  Dark goldenrod  1	rgbCoordinateGreen	11
Lemon chiffon	rgbCoordinateGreen	205
Seashell (color)	rgbCoordinateGreen	238
Pink-orange	rgbCoordinateGreen	102
Robin egg blue	rgbCoordinateGreen	204
Robin egg blue  Pale robin egg blue  1	rgbCoordinateGreen	209
Midnight blue	rgbCoordinateGreen	112
Midnight blue  Dark Midnight Blue  1	rgbCoordinateGreen	102
Spring green	rgbCoordinateGreen	127
Spring green  Mint Cream  1	rgbCoordinateGreen	250
Spring green  Honeydew  1	rgbCoordinateGreen	240
Spring green  Aquamarine  1	rgbCoordinateGreen	212
Spring green  Celadon  1	rgbCoordinateGreen	175
Spring green  Moss green  1	rgbCoordinateGreen	173
Spring green  Magic Mint  1	rgbCoordinateGreen	209
Spring green  Mint Green  1	rgbCoordinateGreen	152
Spring green  Medium Spring Green  1	rgbCoordinateGreen	154
Spring green  Caribbean Green  1	rgbCoordinateGreen	154
Spring green  Mint  1	rgbCoordinateGreen	137
Spring green  Persian Green  1	rgbCoordinateGreen	147
Spring green  Medium Sea Green  1	rgbCoordinateGreen	113
Spring green  Sea Green  1	rgbCoordinateGreen	87
Spring green  Pine Green  1	rgbCoordinateGreen	111
Spring green  Skobeloff  1	rgbCoordinateGreen	116
Spring green  Viridian  1	rgbCoordinateGreen	109
Spring green  Dark Spring Green  1	rgbCoordinateGreen	69
Chocolate (color)	rgbCoordinateGreen	0
Chocolate (color)  black  1	rgbCoordinateGreen	30
Sandy brown	rgbCoordinateGreen	96
Lavender blush	rgbCoordinateGreen	245
Cornflower blue	rgbCoordinateGreen	237
Cornflower blue  Light Cornflower Blue  1	rgbCoordinateGreen	235
Steel blue	rgbCoordinateGreen	180
Chestnut (color)	rgbCoordinateGreen	53
Chestnut (color)  Deep Chestnut   1	rgbCoordinateGreen	72
Chestnut (color)  Dark Chestnut   1	rgbCoordinateGreen	96
Slate gray  Dark slate gray  1	rgbCoordinateGreen	79
Salmon pink	rgbCoordinateGreen	153
Salmon pink  Salmon pink  1	rgbCoordinateGreen	164
Thistle (color)	rgbCoordinateGreen	216
Mordant red 19  Mordant red 19  1	rgbCoordinateGreen	0
Royal blue	rgbCoordinateGreen	102
Royal blue  web color   1	rgbCoordinateGreen	225
Buff (colour)	rgbCoordinateGreen	130
Flax (color)	rgbCoordinateGreen	130
Mustard (color)	rgbCoordinateGreen	88
Carnation pink	rgbCoordinateGreen	201
Carnation pink  Nadeshiko Pink  1	rgbCoordinateGreen	198
Pumpkin (color)	rgbCoordinateGreen	24
Payne's grey	rgbCoordinateGreen	72
Burnt umber	rgbCoordinateGreen	36
Navajo white	rgbCoordinateGreen	173
Columbia blue	rgbCoordinateGreen	221
Auburn hair	rgbCoordinateGreen	36
Taupe	rgbCoordinateGreen	50
Taupe  white  1	rgbCoordinateGreen	77
Taupe  white  2	rgbCoordinateGreen	71
Taupe  white  3	rgbCoordinateGreen	109
Taupe  white  4	rgbCoordinateGreen	93
Taupe  white  5	rgbCoordinateGreen	23
Taupe  Light Taupe  1	rgbCoordinateGreen	109
Taupe  Pale Taupe  1	rgbCoordinateGreen	126
Taupe  white  6	rgbCoordinateGreen	137
Non-photo blue	rgbCoordinateGreen	237
Ao (color)	rgbCoordinateGreen	255
Ao (color)  Ao English   1	rgbCoordinateGreen	0
Fire engine red	rgbCoordinateGreen	32
Tomato (color)	rgbCoordinateGreen	71
Raspberry (color)	rgbCoordinateGreen	92
Raspberry (color)  black  1	rgbCoordinateGreen	155
Raspberry (color)  white  1	rgbCoordinateGreen	108
Raspberry (color)  white  2	rgbCoordinateGreen	109
Rose (color)	rgbCoordinateGreen	127
Rose (color)  white   1	rgbCoordinateGreen	127
Rose (color)  black   1	rgbCoordinateGreen	225
Rose (color)  black   2	rgbCoordinateGreen	194
Rose (color)  black   3	rgbCoordinateGreen	172
Rose (color)  black   4	rgbCoordinateGreen	190
Rose (color)  black   5	rgbCoordinateGreen	204
Rose (color)  black   6	rgbCoordinateGreen	158
Rose (color)  black   7	rgbCoordinateGreen	166
Rose (color)  black   8	rgbCoordinateGreen	161
Rose (color)  black   9	rgbCoordinateGreen	127
Rose (color)  black   10	rgbCoordinateGreen	138
Rose (color)  white   2	rgbCoordinateGreen	107
Rose (color)  black   11	rgbCoordinateGreen	162
Rose (color)  black   12	rgbCoordinateGreen	204
Rose (color)  white   3	rgbCoordinateGreen	104
Rose (color)  white  1	rgbCoordinateGreen	108
Rose (color)  black   13	rgbCoordinateGreen	169
Rose (color)  black   14	rgbCoordinateGreen	143
Rose (color)  white   4	rgbCoordinateGreen	129
Rose (color)  white   5	rgbCoordinateGreen	102
Rose (color)  white  2	rgbCoordinateGreen	82
Rose (color)  Cordovan  1	rgbCoordinateGreen	69
Rose (color)  white   6	rgbCoordinateGreen	93
Rose (color)  white   7	rgbCoordinateGreen	71
Rose (color)  white   8	rgbCoordinateGreen	11
Aqua (color)	rgbCoordinateGreen	255
Aqua (color)  Pale Aqua   1	rgbCoordinateGreen	230
Flavescent	rgbCoordinateGreen	142
Paris Green  Paris Green  1	rgbCoordinateGreen	120
Sapphire (color)	rgbCoordinateGreen	103
Magnolia (color)	rgbCoordinateGreen	255
Iris (color)	rgbCoordinateGreen	207
Selective yellow	rgbCoordinateGreen	0
New Hampshire Wildcats	rgbCoordinateGreen	127
Saffron (color)	rgbCoordinateGreen	48
Saffron (color)  Deep saffron  1	rgbCoordinateGreen	51
Davy's grey	rgbCoordinateGreen	85
Sinopia	rgbCoordinateGreen	11
Phthalocyanine Green G	rgbCoordinateGreen	36
Hansa yellow	rgbCoordinateGreen	107
Urobilin    1	rgbCoordinateGreen	33
Sangria (color)	rgbCoordinateGreen	10
Rust (color)	rgbCoordinateGreen	14
Russet (color)	rgbCoordinateGreen	27
Heliotrope (color)	rgbCoordinateGreen	255
Anti-flash white	rgbCoordinateGreen	244
Ceil	rgbCoordinateGreen	207
Rosso corsa	rgbCoordinateGreen	0
Tiffany Blue	rgbCoordinateGreen	181
Coquelicot	rgbCoordinateGreen	0
Palatinate (colour)	rgbCoordinateGreen	226
Palatinate (colour)  Palatinate Purple  1	rgbCoordinateGreen	96
Egyptian blue	rgbCoordinateGreen	166
Han purple and Han blue	rgbCoordinateGreen	250
Han purple and Han blue  Han blue  1	rgbCoordinateGreen	207
Ecru	rgbCoordinateGreen	128
International orange	rgbCoordinateGreen	59
Maize (color)	rgbCoordinateGreen	93
Eggshell (color)	rgbCoordinateGreen	214
Ivory (color)	rgbCoordinateGreen	240
Zaffre	rgbCoordinateGreen	168
Aureolin	rgbCoordinateGreen	0
Rose madder	rgbCoordinateGreen	54
Apricot (color)	rgbCoordinateGreen	177
Apricot (color)  Light apricot  1	rgbCoordinateGreen	177
Arylide yellow	rgbCoordinateGreen	107
Fallow (color)	rgbCoordinateGreen	107
Charcoal (color)	rgbCoordinateGreen	79
Arsenic (color)	rgbCoordinateGreen	75
Variations of orange	rgbCoordinateGreen	0
Variations of orange  Papaya Whip  1	rgbCoordinateGreen	213
Variations of orange  Peach  1	rgbCoordinateGreen	180
Variations of orange  Apricot  1	rgbCoordinateGreen	177
Variations of orange  Atomic tangerine  1	rgbCoordinateGreen	102
Variations of orange  Bittersweet  1	rgbCoordinateGreen	94
Variations of orange  black  1	rgbCoordinateGreen	121
Variations of orange  peel  1	rgbCoordinateGreen	0
Variations of orange  web color   1	rgbCoordinateGreen	0
Variations of orange  color wheel   1	rgbCoordinateGreen	0
Variations of orange  Dark orange  1	rgbCoordinateGreen	0
Variations of orange  Princeton Orange  1	rgbCoordinateGreen	0
Variations of orange  Tangerine  1	rgbCoordinateGreen	0
Variations of orange  Pumpkin  1	rgbCoordinateGreen	24
Variations of orange  Tangelo  1	rgbCoordinateGreen	0
Variations of orange  Carrot orange  1	rgbCoordinateGreen	33
Variations of orange  Deep carrot orange  1	rgbCoordinateGreen	44
Variations of orange  Burnt orange  1	rgbCoordinateGreen	0
Variations of orange  white  1	rgbCoordinateGreen	0
Bole (color)	rgbCoordinateGreen	59
Yale Blue	rgbCoordinateGreen	146
Fawn (colour)	rgbCoordinateGreen	112
Persimmon (color)	rgbCoordinateGreen	0
Titanium yellow	rgbCoordinateGreen	0
Maya Blue	rgbCoordinateGreen	251
Chamoisee	rgbCoordinateGreen	90
Spring bud	rgbCoordinateGreen	0
Spring bud  June bud  1	rgbCoordinateGreen	87
Spring bud  Medium spring bud  1	rgbCoordinateGreen	137
Spring bud  Pale spring bud  1	rgbCoordinateGreen	189
Jungle green	rgbCoordinateGreen	135
Jungle green  Tropical rain forest  1	rgbCoordinateGreen	94
Jungle green  Deep Jungle Green  1	rgbCoordinateGreen	73
Jungle green  Medium Jungle Green  1	rgbCoordinateGreen	45
Jungle green  Dark Jungle Green  1	rgbCoordinateGreen	33
Air Force blue	rgbCoordinateGreen	168
Electric blue (color)	rgbCoordinateGreen	255
Carolina blue	rgbCoordinateGreen	229
Glaucous	rgbCoordinateGreen	182
Federal blue	rgbCoordinateGreen	107
Eton blue	rgbCoordinateGreen	162
Cambridge Blue (colour)	rgbCoordinateGreen	173
Flame (color)	rgbCoordinateGreen	34
Electric green	rgbCoordinateGreen	0
Green in Islam	rgbCoordinateGreen	0
Wenge (colour)	rgbCoordinateGreen	82
Trade and use of saffron	rgbCoordinateGreen	48
Variations of green	rgbCoordinateGreen	0
Variations of green  Asparagus  1	rgbCoordinateGreen	107
Variations of green  Fern green  1	rgbCoordinateGreen	66
Variations of green  Forest green web   1	rgbCoordinateGreen	34
Variations of green  Forest green traditional   1	rgbCoordinateGreen	33
Variations of green  Gray-asparagus  1	rgbCoordinateGreen	69
Variations of green  Hooker's Green  1	rgbCoordinateGreen	0
Variations of green  Jungle green  1	rgbCoordinateGreen	135
Variations of green  Laurel green  1	rgbCoordinateGreen	157
Variations of green  Moss green   1	rgbCoordinateGreen	173
Variations of green  Myrtle  1	rgbCoordinateGreen	30
Variations of green  Pine green  1	rgbCoordinateGreen	111
Variations of green  white   1	rgbCoordinateGreen	42
Variations of green  Shamrock green  1	rgbCoordinateGreen	96
Variations of green  Tea green  1	rgbCoordinateGreen	192
Variations of green  white   2	rgbCoordinateGreen	128
Variations of green  Pale Green   1	rgbCoordinateGreen	152
Variations of green  Light Green   1	rgbCoordinateGreen	144
Variations of green  Dark Green  1	rgbCoordinateGreen	0
Variations of green  X11 Lime HTML/CSS   1	rgbCoordinateGreen	0
Variations of green  HTML/CSS color   1	rgbCoordinateGreen	0
Variations of green  CMYK Pigment Green   1	rgbCoordinateGreen	80
Variations of green  NCS   1	rgbCoordinateGreen	107
Variations of green  Munsell   1	rgbCoordinateGreen	119
Variations of green  Army green  1	rgbCoordinateGreen	32
Variations of green  Bottle green  1	rgbCoordinateGreen	49
Variations of green  Bright green   1	rgbCoordinateGreen	0
Variations of green  #ffffff   1	rgbCoordinateGreen	43
Variations of green  Celadon   1	rgbCoordinateGreen	175
Variations of green  white   3	rgbCoordinateGreen	60
Variations of green  Emerald   1	rgbCoordinateGreen	120
Variations of green  white   4	rgbCoordinateGreen	83
Variations of green  -yellow   1	rgbCoordinateGreen	47
Variations of green  Harlequin  1	rgbCoordinateGreen	0
Variations of green  Hunter green   1	rgbCoordinateGreen	59
Variations of green  India green   1	rgbCoordinateGreen	8
Variations of green  Islamic green   1	rgbCoordinateGreen	0
Variations of green  Jade  1	rgbCoordinateGreen	107
Variations of green  white   5	rgbCoordinateGreen	23
Variations of green  Midnight green  1	rgbCoordinateGreen	83
Variations of green  MSU Green  1	rgbCoordinateGreen	59
Variations of green  eon green  1	rgbCoordinateGreen	20
Variations of green  HTML/CSS color   2	rgbCoordinateGreen	0
Variations of green  Pakistan green   1	rgbCoordinateGreen	0
Variations of green  Persian green  1	rgbCoordinateGreen	147
Variations of green  white   6	rgbCoordinateGreen	51
Variations of green  white   7	rgbCoordinateGreen	63
Variations of green  Sea green  1	rgbCoordinateGreen	87
Variations of green  white   8	rgbCoordinateGreen	33
Lava (color)	rgbCoordinateGreen	32
Lava (color)  Dark Lava  1	rgbCoordinateGreen	50
Ruby (color)	rgbCoordinateGreen	95
Variations of red	rgbCoordinateGreen	0
Variations of red  Pink  1	rgbCoordinateGreen	203
Variations of red  Salmon Pink  1	rgbCoordinateGreen	164
Variations of red  Coral Pink  1	rgbCoordinateGreen	121
Variations of red  Salmon   1	rgbCoordinateGreen	114
Variations of red  Coral Red  1	rgbCoordinateGreen	64
Variations of red  Carmine Red  1	rgbCoordinateGreen	56
Variations of red  Scarlet  1	rgbCoordinateGreen	0
Variations of red  Candy Apple Red  1	rgbCoordinateGreen	0
Variations of red  white  1	rgbCoordinateGreen	0
Variations of red  Pigment Red   1	rgbCoordinateGreen	36
Variations of red  NCS   1	rgbCoordinateGreen	51
Variations of red  Munsell   1	rgbCoordinateGreen	60
Variations of red  Lust  1	rgbCoordinateGreen	32
Variations of red  Ruby  1	rgbCoordinateGreen	95
Variations of red  Crimson  1	rgbCoordinateGreen	60
Variations of red  Fire Engine Red   1	rgbCoordinateGreen	32
Variations of red  white  2	rgbCoordinateGreen	58
Variations of red  Cornell Red  1	rgbCoordinateGreen	27
Variations of red  Fire Brick  1	rgbCoordinateGreen	34
Variations of red  OU Crimson Red  1	rgbCoordinateGreen	0
Variations of red  ark Red  1	rgbCoordinateGreen	0
Variations of red  Maroon  1	rgbCoordinateGreen	0
Candy apple red (color)	rgbCoordinateGreen	0
Candy apple red (color)  Candy Pink  1	rgbCoordinateGreen	122
Candy apple red (color)  Medium Candy Apple Red  1	rgbCoordinateGreen	44
Candy apple red (color)  Dark Candy Apple Red  1	rgbCoordinateGreen	0
Cordovan (color)	rgbCoordinateGreen	69
Fulvous	rgbCoordinateGreen	0
Cinereous	rgbCoordinateGreen	123
Wine (color)	rgbCoordinateGreen	55
Brandeis blue	rgbCoordinateGreen	255
Cool grey	rgbCoordinateGreen	172
White	rgbCoordinateGreen	255
Duke blue	rgbCoordinateGreen	156
Mikado yellow	rgbCoordinateGreen	12
Lincoln green	rgbCoordinateGreen	5
Old lace (color)	rgbCoordinateGreen	230
Carnelian (color)	rgbCoordinateGreen	27
Majorelle Blue	rgbCoordinateGreen	220
Variations of pink  Pink  1	rgbCoordinateGreen	203
Variations of pink  Light pink  1	rgbCoordinateGreen	193
Variations of pink  Hot pink  1	rgbCoordinateGreen	180
Variations of pink  Deep pink  1	rgbCoordinateGreen	147
Variations of pink  Pale pink  1	rgbCoordinateGreen	202
Variations of pink  Baby pink  1	rgbCoordinateGreen	194
Variations of pink  Cherry blossom pink   1	rgbCoordinateGreen	197
Variations of pink  Carnation pink   1	rgbCoordinateGreen	201
Variations of pink  Pastel pink  1	rgbCoordinateGreen	164
Variations of pink  black   1	rgbCoordinateGreen	127
Variations of pink  Dark pink  1	rgbCoordinateGreen	128
Variations of pink  Bright pink  1	rgbCoordinateGreen	127
Variations of pink  black   2	rgbCoordinateGreen	255
Variations of pink  Shocking pink  1	rgbCoordinateGreen	192
Persian orange	rgbCoordinateGreen	88
Portland Orange	rgbCoordinateGreen	54
Bronze (color)	rgbCoordinateGreen	50
Variations of magenta	rgbCoordinateGreen	123
Variations of magenta  black  1	rgbCoordinateGreen	144
Variations of magenta  black  2	rgbCoordinateGreen	255
Variations of magenta  black  3	rgbCoordinateGreen	229
Variations of magenta  black  4	rgbCoordinateGreen	255
Variations of magenta  black  5	rgbCoordinateGreen	255
Variations of magenta  Shocking Pink  1	rgbCoordinateGreen	192
Variations of magenta  black  6	rgbCoordinateGreen	206
Variations of magenta  black  7	rgbCoordinateGreen	218
Variations of magenta  black  8	rgbCoordinateGreen	175
Variations of magenta  white  1	rgbCoordinateGreen	204
Variations of magenta  white  2	rgbCoordinateGreen	139
Rufous	rgbCoordinateGreen	7
Plum (color)	rgbCoordinateGreen	133
Plum (color)  Pale Plum   1	rgbCoordinateGreen	221
Tuscan red	rgbCoordinateGreen	77
Desert sand (color)	rgbCoordinateGreen	175
Desert sand (color)  Sandy Brown  1	rgbCoordinateGreen	96
Desert sand (color)  Earth Yellow  1	rgbCoordinateGreen	95
Desert sand (color)  Sand  1	rgbCoordinateGreen	128
Desert sand (color)  Desert  1	rgbCoordinateGreen	107
Desert sand (color)  Sand Dune  1	rgbCoordinateGreen	23
Desert sand (color)  Field Drab  1	rgbCoordinateGreen	30
Camel (color)	rgbCoordinateGreen	107
Byzantium (color)	rgbCoordinateGreen	99
Byzantium (color)  white  1	rgbCoordinateGreen	164
Byzantium (color)  white  2	rgbCoordinateGreen	84
Midnight green	rgbCoordinateGreen	83
Upsdell red	rgbCoordinateGreen	32
Icterine	rgbCoordinateGreen	94
Straw (colour)	rgbCoordinateGreen	111
Citrine (colour)	rgbCoordinateGreen	10
Deep sky blue	rgbCoordinateGreen	255
Ghost white	rgbCoordinateGreen	255
Platinum (color)	rgbCoordinateGreen	226
Iceberg (color)	rgbCoordinateGreen	210
Sunset (color)	rgbCoordinateGreen	165
Pearl (color)	rgbCoordinateGreen	214
Isabelline (colour)	rgbCoordinateGreen	236
Variations of yellow	rgbCoordinateGreen	0
Variations of yellow  Light Yellow  1	rgbCoordinateGreen	224
Variations of yellow  Lemon Chiffon  1	rgbCoordinateGreen	205
Variations of yellow  Yellow  1	rgbCoordinateGreen	0
Variations of yellow  black  1	rgbCoordinateGreen	0
Variations of yellow  NCS   1	rgbCoordinateGreen	0
Variations of yellow  Munsell   1	rgbCoordinateGreen	0
Variations of yellow  Lemon Yellow  1	rgbCoordinateGreen	0
Variations of yellow  Gold Golden   1	rgbCoordinateGreen	0
Variations of yellow  Khaki  1	rgbCoordinateGreen	145
Variations of yellow  Goldenrod  1	rgbCoordinateGreen	32
Variations of yellow  Olive  1	rgbCoordinateGreen	0
Tawny (color)	rgbCoordinateGreen	0
Redwood (color)	rgbCoordinateGreen	82
Alizarin crimson (color)	rgbCoordinateGreen	54
Bleu de France (colour)	rgbCoordinateGreen	231
Stil de grain yellow	rgbCoordinateGreen	94
Cadet grey	rgbCoordinateGreen	176
Cadet grey  Cadet Blue  1	rgbCoordinateGreen	160
Cadet grey  Cadet  1	rgbCoordinateGreen	120
Tufts Blue	rgbCoordinateGreen	206
UCLA Blue	rgbCoordinateGreen	149
Vanilla (color)	rgbCoordinateGreen	171
Variations of blue	rgbCoordinateGreen	255
Variations of blue  Powder Blue   1	rgbCoordinateGreen	230
Variations of blue  Light Blue  1	rgbCoordinateGreen	230
Variations of blue  Baby blue   1	rgbCoordinateGreen	240
Variations of blue    1	rgbCoordinateGreen	255
Variations of blue  CMYK Pigment Blue   1	rgbCoordinateGreen	153
Variations of blue  NCS   1	rgbCoordinateGreen	189
Variations of blue  Munsell   1	rgbCoordinateGreen	175
Variations of blue  Medium blue  1	rgbCoordinateGreen	205
Variations of blue  Dark Blue  1	rgbCoordinateGreen	139
Variations of blue  Navy Blue   1	rgbCoordinateGreen	128
True Blue (color)	rgbCoordinateGreen	207
Regalia (color)	rgbCoordinateGreen	128
Jasmine (color)	rgbCoordinateGreen	126
Alice blue	rgbCoordinateGreen	255
CG Red	rgbCoordinateGreen	49
CG Blue	rgbCoordinateGreen	165
Variations of gray	rgbCoordinateGreen	128
Variations of gray  Ash gray  1	rgbCoordinateGreen	181
Variations of gray  Battleship Gray  1	rgbCoordinateGreen	130
Variations of gray  Timberwolf  1	rgbCoordinateGreen	210
Variations of gray  Dark Timberwolf  1	rgbCoordinateGreen	164
Variations of gray  Light Timberwolf  1	rgbCoordinateGreen	226
