AIRBUS A300	VARIANTSWITHTHEIROWNARTICLES	AIRBUS BELUGA
AIRBUS A300	VARIANTSWITHTHEIROWNARTICLES	AIRBUS A310
BOEING 767	VARIANTSWITHTHEIROWNARTICLES	*
BOEING 767	VARIANTSWITHTHEIROWNARTICLES	BOEING E-767
BOEING 767	VARIANTSWITHTHEIROWNARTICLES	BOEING KC-46
BOEING 767	VARIANTSWITHTHEIROWNARTICLES	BOEING KC-767
BOEING 767	VARIANTSWITHTHEIROWNARTICLES	NORTHROP GRUMMAN E-10 MC2A
BOEING 747	VARIANTSWITHTHEIROWNARTICLES	BOEING 747SP
BOEING 747	VARIANTSWITHTHEIROWNARTICLES	BOEING 747-400
BOEING 747	VARIANTSWITHTHEIROWNARTICLES	BOEING 747-8
BOEING 747	VARIANTSWITHTHEIROWNARTICLES	BOEING VC-25
BOEING 747	VARIANTSWITHTHEIROWNARTICLES	BOEING E-4
BOEING B-17 FLYING FORTRESS	VARIANTSWITHTHEIROWNARTICLES	BOEING XB-38 FLYING FORTRESS
BOEING B-17 FLYING FORTRESS	VARIANTSWITHTHEIROWNARTICLES	BOEING YB-40 FLYING FORTRESS
BOEING B-17 FLYING FORTRESS	VARIANTSWITHTHEIROWNARTICLES	BOEING C-108 FLYING FORTRESS
CURTISS P-40 WARHAWK	VARIANTSWITHTHEIROWNARTICLES	CURTISS XP-46
LOCKHEED C-130 HERCULES	VARIANTSWITHTHEIROWNARTICLES	LOCKHEED AC-130
LOCKHEED C-130 HERCULES	VARIANTSWITHTHEIROWNARTICLES	LOCKHEED DC-130
LOCKHEED C-130 HERCULES	VARIANTSWITHTHEIROWNARTICLES	LOCKHEED EC-130
LOCKHEED C-130 HERCULES	VARIANTSWITHTHEIROWNARTICLES	LOCKHEED HC-130
LOCKHEED C-130 HERCULES	VARIANTSWITHTHEIROWNARTICLES	LOCKHEED MARTIN KC-130
LOCKHEED C-130 HERCULES	VARIANTSWITHTHEIROWNARTICLES	LOCKHEED LC-130
LOCKHEED C-130 HERCULES	VARIANTSWITHTHEIROWNARTICLES	LOCKHEED MC-130
LOCKHEED C-130 HERCULES	VARIANTSWITHTHEIROWNARTICLES	LOCKHEED WC-130
LOCKHEED C-130 HERCULES	VARIANTSWITHTHEIROWNARTICLES	LOCKHEED L-100 HERCULES
LOCKHEED C-130 HERCULES	VARIANTSWITHTHEIROWNARTICLES	LOCKHEED MARTIN C-130J SUPER HERCULES
NORTHROP F-5	VARIANTSWITHTHEIROWNARTICLES	CANADAIR CF-5
NORTHROP F-5	VARIANTSWITHTHEIROWNARTICLES	SHAPED SONIC BOOM DEMONSTRATION
GENERAL DYNAMICS F-16 FIGHTING FALCON	VARIANTSWITHTHEIROWNARTICLES	GENERAL DYNAMICS F-16 VISTA
MCDONNELL DOUGLAS F-15 EAGLE	VARIANTSWITHTHEIROWNARTICLES	MCDONNELL DOUGLAS F-15E STRIKE EAGLE
MCDONNELL DOUGLAS F-15 EAGLE	VARIANTSWITHTHEIROWNARTICLES	MTD
MCDONNELL DOUGLAS F-15 EAGLE	VARIANTSWITHTHEIROWNARTICLES	BOEING F-15SE SILENT EAGLE
MCDONNELL DOUGLAS F-15 EAGLE	VARIANTSWITHTHEIROWNARTICLES	MITSUBISHI F-15J
BOEING KC-135 STRATOTANKER	VARIANTSWITHTHEIROWNARTICLES	BOEING NC-135
MITSUBISHI A6M ZERO	VARIANTSWITHTHEIROWNARTICLES	NAKAJIMA A6M2-N
NORTH AMERICAN P-51 MUSTANG	VARIANTSWITHTHEIROWNARTICLES	NORTH AMERICAN A-36 APACHE
NORTH AMERICAN P-51 MUSTANG	VARIANTSWITHTHEIROWNARTICLES	ROLLS-ROYCE MUSTANG MK.X
NORTH AMERICAN P-51 MUSTANG	VARIANTSWITHTHEIROWNARTICLES	CAVALIER MUSTANG
KAMAN SH-2 SEASPRITE	VARIANTSWITHTHEIROWNARTICLES	KAMAN SH-2G SUPER SEASPRITE
GENERAL ATOMICS MQ-1 PREDATOR	VARIANTSWITHTHEIROWNARTICLES	GENERAL ATOMICS MQ-1C GRAY EAGLE
BOEING AH-64 APACHE	VARIANTSWITHTHEIROWNARTICLES	AGUSTAWESTLAND APACHE
BELL AH-1 COBRA	VARIANTSWITHTHEIROWNARTICLES	BELL AH-1 SUPERCOBRA
BELL AH-1 COBRA	VARIANTSWITHTHEIROWNARTICLES	BELL 309 KINGCOBRA
SIKORSKY UH-60 BLACK HAWK	VARIANTSWITHTHEIROWNARTICLES	SIKORSKY SH-60 SEAHAWK
SIKORSKY UH-60 BLACK HAWK	VARIANTSWITHTHEIROWNARTICLES	SIKORSKY HH-60 PAVE HAWK
SIKORSKY UH-60 BLACK HAWK	VARIANTSWITHTHEIROWNARTICLES	SIKORSKY HH-60 JAYHAWK
SIKORSKY UH-60 BLACK HAWK	VARIANTSWITHTHEIROWNARTICLES	MITSUBISHI H-60
BOEING CH-47 CHINOOK	VARIANTSWITHTHEIROWNARTICLES	BOEING CHINOOK
BELL UH-1 IROQUOIS	VARIANTSWITHTHEIROWNARTICLES	BELL UH-1N TWIN HUEY
BELL UH-1 IROQUOIS	VARIANTSWITHTHEIROWNARTICLES	205
BELL UH-1 IROQUOIS	VARIANTSWITHTHEIROWNARTICLES	BELL 212
HAWKER SIDDELEY NIMROD	VARIANTSWITHTHEIROWNARTICLES	BRITISH AEROSPACE NIMROD AEW3
HAWKER SIDDELEY NIMROD	VARIANTSWITHTHEIROWNARTICLES	NIMROD MRA.4
AVRO VULCAN	VARIANTSWITHTHEIROWNARTICLES	AVRO ATLANTIC
A-18 HORNET	VARIANTSWITHTHEIROWNARTICLES	MCDONNELL DOUGLAS CF-18 HORNET
A-18 HORNET	VARIANTSWITHTHEIROWNARTICLES	HIGH ALPHA RESEARCH VEHICLE
BOEING B-29 SUPERFORTRESS	VARIANTSWITHTHEIROWNARTICLES	BOEING B-29 SUPERFORTRESS VARIANTS
BOEING B-29 SUPERFORTRESS	VARIANTSWITHTHEIROWNARTICLES	BOEING KB-29 SUPERFORTRESS
BOEING B-29 SUPERFORTRESS	VARIANTSWITHTHEIROWNARTICLES	XB-39 SUPERFORTRESS
BOEING B-29 SUPERFORTRESS	VARIANTSWITHTHEIROWNARTICLES	BOEING XB-44 SUPERFORTRESS
BOEING B-29 SUPERFORTRESS	VARIANTSWITHTHEIROWNARTICLES	BOEING B-50 SUPERFORTRESS
NORTHROP GRUMMAN E-2 HAWKEYE	VARIANTSWITHTHEIROWNARTICLES	GRUMMAN C-2 GREYHOUND
HAWKER HURRICANE	VARIANTSWITHTHEIROWNARTICLES	HAWKER HURRICANE VARIANTS
MIKOYAN-GUREVICH MIG-19	VARIANTSWITHTHEIROWNARTICLES	SHENYANG J-6
MIKOYAN-GUREVICH MIG-19	VARIANTSWITHTHEIROWNARTICLES	NANCHANG Q-5
MIKOYAN-GUREVICH MIG-21	VARIANTSWITHTHEIROWNARTICLES	CHENGDU J-7
MIKOYAN-GUREVICH MIG-17	VARIANTSWITHTHEIROWNARTICLES	PZL-MIELEC LIM-6
MIKOYAN-GUREVICH MIG-17	VARIANTSWITHTHEIROWNARTICLES	SHENYANG J-5
HAWKER TYPHOON	VARIANTSWITHTHEIROWNARTICLES	HAWKER TORNADO
HAWKER TYPHOON	VARIANTSWITHTHEIROWNARTICLES	HAWKER TEMPEST
HAWKER TYPHOON	VARIANTSWITHTHEIROWNARTICLES	HAWKER SEA FURY
SUKHOI SU-27	VARIANTSWITHTHEIROWNARTICLES	SUKHOI SU-30
SUKHOI SU-27	VARIANTSWITHTHEIROWNARTICLES	SUKHOI SU-33
SUKHOI SU-27	VARIANTSWITHTHEIROWNARTICLES	SUKHOI SU-34
SUKHOI SU-27	VARIANTSWITHTHEIROWNARTICLES	SUKHOI SU-35
SUKHOI SU-27	VARIANTSWITHTHEIROWNARTICLES	SUKHOI SU-37
SUKHOI SU-27	VARIANTSWITHTHEIROWNARTICLES	SHENYANG J-11
BOEING 707	VARIANTSWITHTHEIROWNARTICLES	BOEING 720
BOEING 707	VARIANTSWITHTHEIROWNARTICLES	BOEING C-137 STRATOLINER
TITAN	VARIANTSWITHTHEIROWNARTICLES	TITAN I
TITAN	VARIANTSWITHTHEIROWNARTICLES	LGM-25C TITAN II
TITAN	VARIANTSWITHTHEIROWNARTICLES	TITAN IIIA
TITAN	VARIANTSWITHTHEIROWNARTICLES	TITAN IIIB
TITAN	VARIANTSWITHTHEIROWNARTICLES	TITAN IIIC
TITAN	VARIANTSWITHTHEIROWNARTICLES	TITAN IIID
TITAN	VARIANTSWITHTHEIROWNARTICLES	TITAN IIIE
TITAN	VARIANTSWITHTHEIROWNARTICLES	TITAN 34D
TITAN	VARIANTSWITHTHEIROWNARTICLES	TITAN IV
BRISTOL BEAUFORT	VARIANTSWITHTHEIROWNARTICLES	BRISTOL BEAUFIGHTER
LOCKHEED P-80 SHOOTING STAR	VARIANTSWITHTHEIROWNARTICLES	LOCKHEED T-33 SHOOTING STAR
LOCKHEED P-80 SHOOTING STAR	VARIANTSWITHTHEIROWNARTICLES	LOCKHEED F-94 STARFIRE
BRISTOL BLENHEIM	VARIANTSWITHTHEIROWNARTICLES	BRISTOL BEAUFORT
BRISTOL BLENHEIM	VARIANTSWITHTHEIROWNARTICLES	BRISTOL FAIRCHILD BOLINGBROKE
LOCKHEED F-104 STARFIGHTER	VARIANTSWITHTHEIROWNARTICLES	LOCKHEED NF-104A
LOCKHEED F-104 STARFIGHTER	VARIANTSWITHTHEIROWNARTICLES	CANADAIR CF-104
LOCKHEED F-104 STARFIGHTER	VARIANTSWITHTHEIROWNARTICLES	AERITALIA F-104S
LOCKHEED L-1011 TRISTAR	VARIANTSWITHTHEIROWNARTICLES	LOCKHEED TRISTAR
LOCKHEED L-1011 TRISTAR	VARIANTSWITHTHEIROWNARTICLES	STARGAZER
VICKERS WELLINGTON	VARIANTSWITHTHEIROWNARTICLES	VICKERS WARWICK
VICKERS WELLINGTON	VARIANTSWITHTHEIROWNARTICLES	VICKERS VC.1 VIKING
REPUBLIC P-47 THUNDERBOLT	VARIANTSWITHTHEIROWNARTICLES	REPUBLIC XP-72
SIKORSKY SH-3 SEA KING	VARIANTSWITHTHEIROWNARTICLES	SIKORSKY S-61
SIKORSKY SH-3 SEA KING	VARIANTSWITHTHEIROWNARTICLES	SIKORSKY S-61R
SIKORSKY SH-3 SEA KING	VARIANTSWITHTHEIROWNARTICLES	SIKORSKY CH-124 SEA KING
SIKORSKY SH-3 SEA KING	VARIANTSWITHTHEIROWNARTICLES	WESTLAND SEA KING
BOEING 737	VARIANTSWITHTHEIROWNARTICLES	BOEING T-43
MCDONNELL DOUGLAS DC-10	VARIANTSWITHTHEIROWNARTICLES	MCDONNELL DOUGLAS KC-10 EXTENDER
BOEING 757	VARIANTSWITHTHEIROWNARTICLES	BOEING C-32
AIRBUS A310	VARIANTSWITHTHEIROWNARTICLES	AIRBUS A310 MRTT
AIRBUS A310	VARIANTSWITHTHEIROWNARTICLES	AIRBUS CC-150 POLARIS
LOCKHEED P-3 ORION	VARIANTSWITHTHEIROWNARTICLES	LOCKHEED AP-3C ORION
LOCKHEED P-3 ORION	VARIANTSWITHTHEIROWNARTICLES	LOCKHEED CP-140 AURORA
LOCKHEED P-3 ORION	VARIANTSWITHTHEIROWNARTICLES	LOCKHEED EP-3
LOCKHEED P-3 ORION	VARIANTSWITHTHEIROWNARTICLES	LOCKHEED WP-3D ORION
AVRO LANCASTER	VARIANTSWITHTHEIROWNARTICLES	AVRO LANCASTRIAN
AIRBUS A330	VARIANTSWITHTHEIROWNARTICLES	AIRBUS A330 MRTT
AIRBUS A330	VARIANTSWITHTHEIROWNARTICLES	NORTHROP GRUMMAN KC-45
AIRBUS A320 FAMILY	VARIANTSWITHTHEIROWNARTICLES	AIRBUS A318
AIRBUS A320 FAMILY	VARIANTSWITHTHEIROWNARTICLES	AIRBUS A319
AIRBUS A319	VARIANTSWITHTHEIROWNARTICLES	AIRBUS A318
EUROFIGHTER TYPHOON	VARIANTSWITHTHEIROWNARTICLES	EUROFIGHTER TYPHOON VARIANTS
DOUGLAS DC-3	VARIANTSWITHTHEIROWNARTICLES	DOUGLAS C-47 SKYTRAIN
DOUGLAS DC-3	VARIANTSWITHTHEIROWNARTICLES	LISUNOV LI-2
DOUGLAS DC-3	VARIANTSWITHTHEIROWNARTICLES	NAKAJIMA L2D
DOUGLAS DC-3	VARIANTSWITHTHEIROWNARTICLES	BASLER BT-67
DOUGLAS DC-3	VARIANTSWITHTHEIROWNARTICLES	CONROY TURBO THREE
DOUGLAS DC-3	VARIANTSWITHTHEIROWNARTICLES	CONROY TRI-TURBO-THREE
PANAVIA TORNADO	VARIANTSWITHTHEIROWNARTICLES	PANAVIA TORNADO ADV
DASSAULT MIRAGE III	VARIANTSWITHTHEIROWNARTICLES	DASSAULT MIRAGE IIIV
DASSAULT MIRAGE III	VARIANTSWITHTHEIROWNARTICLES	DASSAULT MIRAGE 5
DASSAULT MIRAGE III	VARIANTSWITHTHEIROWNARTICLES	ATLAS CHEETAH
CESSNA 172	VARIANTSWITHTHEIROWNARTICLES	T-41 MESCALERO
HEINKEL HE 111	VARIANTSWITHTHEIROWNARTICLES	CASA 2.111
DORNIER DO 17	VARIANTSWITHTHEIROWNARTICLES	DORNIER DO 215
MACCHI C.202	VARIANTSWITHTHEIROWNARTICLES	MACCHI C.205
FOCKE-WULF TA 154	VARIANTSWITHTHEIROWNARTICLES	FOCKE-WULF TA 254
HEINKEL HE 219	VARIANTSWITHTHEIROWNARTICLES	HüTTER Hü 211
MESSERSCHMITT ME 210	VARIANTSWITHTHEIROWNARTICLES	MESSERSCHMITT ME 410
MARTIN B-10	VARIANTSWITHTHEIROWNARTICLES	MARTIN MODEL 146
HEINKEL HE 100	VARIANTSWITHTHEIROWNARTICLES	HEINKEL HE 113
CONSOLIDATED B-24 LIBERATOR	VARIANTSWITHTHEIROWNARTICLES	CONSOLIDATED PB4Y-2 PRIVATEER
CONSOLIDATED B-24 LIBERATOR	VARIANTSWITHTHEIROWNARTICLES	CONSOLIDATED C-87 LIBERATOR EXPRESS
CONSOLIDATED B-24 LIBERATOR	VARIANTSWITHTHEIROWNARTICLES	CONSOLIDATED LIBERATOR I
ILYUSHIN IL-2	VARIANTSWITHTHEIROWNARTICLES	ILYUSHIN IL-10
AERMACCHI MB-326	VARIANTSWITHTHEIROWNARTICLES	AERMACCHI MB-339
MIKOYAN MIG-29	VARIANTSWITHTHEIROWNARTICLES	MIKOYAN MIG-29M
MIKOYAN MIG-29	VARIANTSWITHTHEIROWNARTICLES	MIKOYAN MIG-29K
MIKOYAN MIG-29	VARIANTSWITHTHEIROWNARTICLES	MIKOYAN MIG-35
MESSERSCHMITT BF 109	VARIANTSWITHTHEIROWNARTICLES	AVIA S-199
MESSERSCHMITT BF 109	VARIANTSWITHTHEIROWNARTICLES	HISPANO AVIACION HA 1112
MCDONNELL DOUGLAS MD-90	VARIANTSWITHTHEIROWNARTICLES	MCDONNELL DOUGLAS MD-94X
JUNKERS JU 188	VARIANTSWITHTHEIROWNARTICLES	JUNKERS JU 388
CAPRONI CAMPINI N.1	VARIANTSWITHTHEIROWNARTICLES	CAPRONI CAMPINI CA.183BIS
CONVAIR 880	VARIANTSWITHTHEIROWNARTICLES	CONVAIR 990
ENGLISH ELECTRIC CANBERRA	VARIANTSWITHTHEIROWNARTICLES	MARTIN B-57 CANBERRA
SIKORSKY SH-60 SEAHAWK	VARIANTSWITHTHEIROWNARTICLES	SIKORSKY HH-60 JAYHAWK
SIKORSKY SH-60 SEAHAWK	VARIANTSWITHTHEIROWNARTICLES	MITSUBISHI H-60
GENERAL DYNAMICS F-111 AARDVARK	VARIANTSWITHTHEIROWNARTICLES	GENERAL DYNAMICS–GRUMMAN F-111B
GENERAL DYNAMICS F-111 AARDVARK	VARIANTSWITHTHEIROWNARTICLES	GENERAL DYNAMICS F-111C
GENERAL DYNAMICS F-111 AARDVARK	VARIANTSWITHTHEIROWNARTICLES	GENERAL DYNAMICS–GRUMMAN EF-111A RAVEN
GENERAL DYNAMICS F-111 AARDVARK	VARIANTSWITHTHEIROWNARTICLES	GENERAL DYNAMICS F-111K
BOEING P-26 PEASHOOTER	VARIANTSWITHTHEIROWNARTICLES	BOEING P-29/XF7B-1
GRUMMAN S-2 TRACKER	VARIANTSWITHTHEIROWNARTICLES	GRUMMAN C-1 TRADER
GRUMMAN S-2 TRACKER	VARIANTSWITHTHEIROWNARTICLES	GRUMMAN E-1 TRACER
GRUMMAN S-2 TRACKER	VARIANTSWITHTHEIROWNARTICLES	CONAIR FIRECAT
MIKOYAN-GUREVICH MIG-23	VARIANTSWITHTHEIROWNARTICLES	MIKOYAN MIG-27
MCDONNELL F-101 VOODOO	VARIANTSWITHTHEIROWNARTICLES	MCDONNELL CF-101 VOODOO
TUPOLEV TU-114	VARIANTSWITHTHEIROWNARTICLES	TUPOLEV TU-126
TUPOLEV TU-104	VARIANTSWITHTHEIROWNARTICLES	TUPOLEV TU-110
TUPOLEV TU-104	VARIANTSWITHTHEIROWNARTICLES	TUPOLEV TU-124
ILYUSHIN IL-18	VARIANTSWITHTHEIROWNARTICLES	ILYUSHIN IL-38
TUPOLEV TU-154	VARIANTSWITHTHEIROWNARTICLES	TUPOLEV TU-155
ILYUSHIN IL-76	VARIANTSWITHTHEIROWNARTICLES	ILYUSHIN IL-78
ILYUSHIN IL-76	VARIANTSWITHTHEIROWNARTICLES	BERIEV A-50
ILYUSHIN IL-76	VARIANTSWITHTHEIROWNARTICLES	KJ-2000
MARTIN MARIETTA X-24A	VARIANTSWITHTHEIROWNARTICLES	MARTIN MARIETTA X-24B
FOCKE-WULF FW 190	VARIANTSWITHTHEIROWNARTICLES	FOCKE-WULF TA 152
CURTISS JN-4	VARIANTSWITHTHEIROWNARTICLES	CURTISS N-9
CURTISS JN-4	VARIANTSWITHTHEIROWNARTICLES	CURTISS JN-6H
TUPOLEV TU-16	VARIANTSWITHTHEIROWNARTICLES	TUPOLEV TU-104
TUPOLEV TU-16	VARIANTSWITHTHEIROWNARTICLES	TUPOLEV TU-124
TUPOLEV TU-16	VARIANTSWITHTHEIROWNARTICLES	XIAN H-6
EMBRAER ERJ 145 FAMILY	VARIANTSWITHTHEIROWNARTICLES	EMBRAER R-99
EMBRAER ERJ 145 FAMILY	VARIANTSWITHTHEIROWNARTICLES	EMBRAER LEGACY 600
LOCKHEED CONSTELLATION	VARIANTSWITHTHEIROWNARTICLES	LOCKHEED L-049 CONSTELLATION
LOCKHEED CONSTELLATION	VARIANTSWITHTHEIROWNARTICLES	LOCKHEED C-69 CONSTELLATION
LOCKHEED CONSTELLATION	VARIANTSWITHTHEIROWNARTICLES	L-649 CONSTELLATION
LOCKHEED CONSTELLATION	VARIANTSWITHTHEIROWNARTICLES	L-749 CONSTELLATION
LOCKHEED CONSTELLATION	VARIANTSWITHTHEIROWNARTICLES	LOCKHEED L-1049 SUPER CONSTELLATION
LOCKHEED CONSTELLATION	VARIANTSWITHTHEIROWNARTICLES	LOCKHEED C-121 CONSTELLATION
LOCKHEED CONSTELLATION	VARIANTSWITHTHEIROWNARTICLES	LOCKHEED L-1249 SUPER CONSTELLATION
LOCKHEED CONSTELLATION	VARIANTSWITHTHEIROWNARTICLES	LOCKHEED EC-121 WARNING STAR
LOCKHEED CONSTELLATION	VARIANTSWITHTHEIROWNARTICLES	LOCKHEED L-1649A STARLINER
SAAB 35 DRAKEN	VARIANTSWITHTHEIROWNARTICLES	SAAB 210
CONSOLIDATED PBY CATALINA	VARIANTSWITHTHEIROWNARTICLES	BIRD INNOVATOR
BRISTOL FREIGHTER	VARIANTSWITHTHEIROWNARTICLES	BRISTOL SUPERFREIGHTER
HARRIER JUMP JET	VARIANTSWITHTHEIROWNARTICLES	HAWKER SIDDELEY HARRIER
HARRIER JUMP JET	VARIANTSWITHTHEIROWNARTICLES	BRITISH AEROSPACE SEA HARRIER
HARRIER JUMP JET	VARIANTSWITHTHEIROWNARTICLES	MCDONNELL DOUGLAS AV-8B HARRIER II
HARRIER JUMP JET	VARIANTSWITHTHEIROWNARTICLES	BRITISH AEROSPACE HARRIER II
GULFSTREAM III	VARIANTSWITHTHEIROWNARTICLES	GULFSTREAM IV
SUKHOI SU-35	VARIANTSWITHTHEIROWNARTICLES	SUKHOI SU-37
BAE SYSTEMS HAWK	VARIANTSWITHTHEIROWNARTICLES	BRITISH AEROSPACE HAWK 200
BRISTOL BRITANNIA	VARIANTSWITHTHEIROWNARTICLES	CANADAIR CP-107 ARGUS
BRISTOL BRITANNIA	VARIANTSWITHTHEIROWNARTICLES	CANADAIR CL-44
BRISTOL BRITANNIA	VARIANTSWITHTHEIROWNARTICLES	CANADAIR CC-106 YUKON
BRISTOL BRITANNIA	VARIANTSWITHTHEIROWNARTICLES	CONROY SKYMONSTER
MCDONNELL DOUGLAS MD-80	VARIANTSWITHTHEIROWNARTICLES	MCDONNELL DOUGLAS MD-90
ATR 42	VARIANTSWITHTHEIROWNARTICLES	ATR 72
HAWKER SIDDELEY HS 748	VARIANTSWITHTHEIROWNARTICLES	HAWKER SIDDELEY ANDOVER
HAWKER SIDDELEY HS 748	VARIANTSWITHTHEIROWNARTICLES	BAE ATP
NORTHROP T-38 TALON	VARIANTSWITHTHEIROWNARTICLES	NORTHROP F-5
LOCKHEED T-33	VARIANTSWITHTHEIROWNARTICLES	LOCKHEED T2V SEASTAR
LOCKHEED T-33	VARIANTSWITHTHEIROWNARTICLES	CANADAIR CT-133 SILVER STAR
NORTH AMERICAN F-86 SABRE	VARIANTSWITHTHEIROWNARTICLES	CAC SABRE
NORTH AMERICAN F-86 SABRE	VARIANTSWITHTHEIROWNARTICLES	CANADAIR SABRE
NORTH AMERICAN F-86 SABRE	VARIANTSWITHTHEIROWNARTICLES	NORTH AMERICAN F-86D SABRE
NORTH AMERICAN F-86 SABRE	VARIANTSWITHTHEIROWNARTICLES	NORTH AMERICAN FJ-2/-3 FURY
DOUGLAS C-47 SKYTRAIN	VARIANTSWITHTHEIROWNARTICLES	DOUGLAS XCG-17
DOUGLAS C-47 SKYTRAIN	VARIANTSWITHTHEIROWNARTICLES	DOUGLAS AC-47 SPOOKY
CESSNA 208 CARAVAN	VARIANTSWITHTHEIROWNARTICLES	SOLOY PATHFINDER 21
SUKHOI SU-25	VARIANTSWITHTHEIROWNARTICLES	SUKHOI SU-28
SEQUOIA FALCO	VARIANTSWITHTHEIROWNARTICLES	SEQUOIA 300
SEQUOIA FALCO	VARIANTSWITHTHEIROWNARTICLES	SEQUOIA KODIAK
SHENYANG J-6	VARIANTSWITHTHEIROWNARTICLES	NANCHANG Q-5
CESSNA T-37 TWEET	VARIANTSWITHTHEIROWNARTICLES	CESSNA A-37 DRAGONFLY
GRUMMAN A-6 INTRUDER	VARIANTSWITHTHEIROWNARTICLES	NORTHROP GRUMMAN EA-6B PROWLER
DASSAULT MIRAGE 2000	VARIANTSWITHTHEIROWNARTICLES	2000D
FOKKER F27 FRIENDSHIP	VARIANTSWITHTHEIROWNARTICLES	FAIRCHILD HILLER FH-227
CONVAIR B-36 PEACEMAKER	VARIANTSWITHTHEIROWNARTICLES	CONVAIR XC-99
CONVAIR B-36 PEACEMAKER	VARIANTSWITHTHEIROWNARTICLES	CONVAIR NB-36H
CONVAIR B-36 PEACEMAKER	VARIANTSWITHTHEIROWNARTICLES	CONVAIR X-6
BOEING 747-400	VARIANTSWITHTHEIROWNARTICLES	BOEING YAL-1
BOEING 747-400	VARIANTSWITHTHEIROWNARTICLES	BOEING 747 LARGE CARGO FREIGHTER
ERCO ERCOUPE	VARIANTSWITHTHEIROWNARTICLES	*ALON X-A4 AIRCOUPE\N*MOONEY M10 CADET\N*BRYAN AUTOPLANE
REPUBLIC F-84 THUNDERJET	VARIANTSWITHTHEIROWNARTICLES	REPUBLIC F-84F THUNDERSTREAK
REPUBLIC F-84 THUNDERJET	VARIANTSWITHTHEIROWNARTICLES	REPUBLIC XF-84H
REPUBLIC F-84 THUNDERJET	VARIANTSWITHTHEIROWNARTICLES	REPUBLIC XF-91 THUNDERCEPTOR
CESSNA 170	VARIANTSWITHTHEIROWNARTICLES	O-1 BIRD DOG
CESSNA 170	VARIANTSWITHTHEIROWNARTICLES	CESSNA 172
VICKERS VIMY	VARIANTSWITHTHEIROWNARTICLES	VICKERS VERNON
FOKKER 100	VARIANTSWITHTHEIROWNARTICLES	FOKKER 70
CURTISS A-8	VARIANTSWITHTHEIROWNARTICLES	YA-10 SHRIKE
CURTISS A-8	VARIANTSWITHTHEIROWNARTICLES	A-12 SHRIKE
DOUGLAS A-4 SKYHAWK	VARIANTSWITHTHEIROWNARTICLES	LOCKHEED MARTIN A-4AR FIGHTINGHAWK
DOUGLAS A-4 SKYHAWK	VARIANTSWITHTHEIROWNARTICLES	MCDONNELL DOUGLAS A-4G SKYHAWK
DOUGLAS A-4 SKYHAWK	VARIANTSWITHTHEIROWNARTICLES	ST AEROSPACE A-4SU SUPER SKYHAWK
BOEING 377 STRATOCRUISER	VARIANTSWITHTHEIROWNARTICLES	AERO SPACELINES PREGNANT GUPPY
BOEING 377 STRATOCRUISER	VARIANTSWITHTHEIROWNARTICLES	AERO SPACELINES SUPER GUPPY
BOEING 377 STRATOCRUISER	VARIANTSWITHTHEIROWNARTICLES	AERO SPACELINES MINI GUPPY
HEINKEL HE 274	VARIANTSWITHTHEIROWNARTICLES	HEINKEL HE 277
HEINKEL HE 277	VARIANTSWITHTHEIROWNARTICLES	HEINKEL HE 274
HEINKEL HE 177	VARIANTSWITHTHEIROWNARTICLES	HEINKEL HE 274
HEINKEL HE 177	VARIANTSWITHTHEIROWNARTICLES	HEINKEL HE 277
HEINKEL HE 177	VARIANTSWITHTHEIROWNARTICLES	AMERIKA BOMBER
DORNIER DO 217	VARIANTSWITHTHEIROWNARTICLES	DORNIER DO 317
JUNKERS JU 88	VARIANTSWITHTHEIROWNARTICLES	JUNKERS JU 188
MESSERSCHMITT BF 108	VARIANTSWITHTHEIROWNARTICLES	NORD PINGOUIN
MESSERSCHMITT BF 108	VARIANTSWITHTHEIROWNARTICLES	NORD NORALPHA
JUNKERS JU 287	VARIANTSWITHTHEIROWNARTICLES	OKB-1 EF 131
SHORT SUNDERLAND	VARIANTSWITHTHEIROWNARTICLES	SHORT SANDRINGHAM
SHORT SUNDERLAND	VARIANTSWITHTHEIROWNARTICLES	SHORT SEAFORD
DFS 194	VARIANTSWITHTHEIROWNARTICLES	MESSERSCHMITT ME 163
BELL P-39 AIRACOBRA	VARIANTSWITHTHEIROWNARTICLES	BELL XFL AIRABONITA
BELL P-39 AIRACOBRA	VARIANTSWITHTHEIROWNARTICLES	BELL P-63 KINGCOBRA
NORTHROP P-61 BLACK WIDOW	VARIANTSWITHTHEIROWNARTICLES	NORTHROP F-15 REPORTER
LTV A-7 CORSAIR II	VARIANTSWITHTHEIROWNARTICLES	LTV A-7P CORSAIR II
LTV A-7 CORSAIR II	VARIANTSWITHTHEIROWNARTICLES	VOUGHT YA-7F
CONVAIR B-58 HUSTLER	VARIANTSWITHTHEIROWNARTICLES	CONVAIR MODEL 58-9
MITSUBISHI J8M	VARIANTSWITHTHEIROWNARTICLES	YOKOSUKA MXY8
MITSUBISHI J8M	VARIANTSWITHTHEIROWNARTICLES	YOKOSUKA MXY9
YOKOSUKA MXY8	VARIANTSWITHTHEIROWNARTICLES	YOKOSUKA MXY9
DFS 228	VARIANTSWITHTHEIROWNARTICLES	DFS 346
DFS 346	VARIANTSWITHTHEIROWNARTICLES	BISNOVAT 5
GöPPINGEN Gö 4	VARIANTSWITHTHEIROWNARTICLES	HIRTH HI-20 MOSE
DORNIER DO 11	VARIANTSWITHTHEIROWNARTICLES	DORNIER DO 13
DORNIER DO 11	VARIANTSWITHTHEIROWNARTICLES	DORNIER DO 23
SOPWITH PUP	VARIANTSWITHTHEIROWNARTICLES	BEARDMORE W.B.III
SAAB 340	VARIANTSWITHTHEIROWNARTICLES	SAAB 340 AEW&C
GRUMMAN F-11 TIGER	VARIANTSWITHTHEIROWNARTICLES	GRUMMAN F11F SUPER TIGER
DENEL ROOIVALK	VARIANTSWITHTHEIROWNARTICLES	ATLAS ORYX
JUNKERS G.38	VARIANTSWITHTHEIROWNARTICLES	MITSUBISHI KI-20
ATLAS ORYX	VARIANTSWITHTHEIROWNARTICLES	DENEL ROOIVALK
LOCKHEED MODEL 10 ELECTRA	VARIANTSWITHTHEIROWNARTICLES	LOCKHEED XC-35
LOCKHEED L-188 ELECTRA	VARIANTSWITHTHEIROWNARTICLES	LOCKHEED P-3 ORION
IAI KFIR	VARIANTSWITHTHEIROWNARTICLES	IAI NAMMER
DASSAULT MIRAGE 5	VARIANTSWITHTHEIROWNARTICLES	IAI NESHER
DASSAULT MIRAGE 5	VARIANTSWITHTHEIROWNARTICLES	IAI KFIR
EUROCOPTER AS365 DAUPHIN	VARIANTSWITHTHEIROWNARTICLES	EUROCOPTER HH-65 DOLPHIN
EUROCOPTER AS365 DAUPHIN	VARIANTSWITHTHEIROWNARTICLES	EUROCOPTER AS565 PANTHER
EUROCOPTER AS365 DAUPHIN	VARIANTSWITHTHEIROWNARTICLES	HARBIN Z-9
FIAT G.91	VARIANTSWITHTHEIROWNARTICLES	FIAT G.91Y
AéROSPATIALE SA 330 PUMA	VARIANTSWITHTHEIROWNARTICLES	IAR 330
AéROSPATIALE SA 330 PUMA	VARIANTSWITHTHEIROWNARTICLES	ATLAS ORYX
CESSNA O-1 BIRD DOG	VARIANTSWITHTHEIROWNARTICLES	CESSNA 308
AERO L-39 ALBATROS	VARIANTSWITHTHEIROWNARTICLES	AERO L-39NG
FIAT CR.32	VARIANTSWITHTHEIROWNARTICLES	FIAT CR.42
BELL 212	VARIANTSWITHTHEIROWNARTICLES	UH-1N TWIN HUEY
BELL 212	VARIANTSWITHTHEIROWNARTICLES	BELL 412
FAIRCHILD C-123 PROVIDER	VARIANTSWITHTHEIROWNARTICLES	CHASE XC-123A
FAIRCHILD C-123 PROVIDER	VARIANTSWITHTHEIROWNARTICLES	STROUKOFF YC-134
LOCKHEED YP-24	VARIANTSWITHTHEIROWNARTICLES	CONSOLIDATED Y1P-25
LOCKHEED YP-24	VARIANTSWITHTHEIROWNARTICLES	CONSOLIDATED XA-11
LOCKHEED YP-24	VARIANTSWITHTHEIROWNARTICLES	CONSOLIDATED P-30
FOLLAND GNAT	VARIANTSWITHTHEIROWNARTICLES	HAL AJEET
MCDONNELL DOUGLAS F-15E STRIKE EAGLE	VARIANTSWITHTHEIROWNARTICLES	BOEING F-15SE SILENT EAGLE
LOCKHEED P-2 NEPTUNE	VARIANTSWITHTHEIROWNARTICLES	KAWASAKI P-2J
DASSAULT ÉTENDARD IV	VARIANTSWITHTHEIROWNARTICLES	DASSAULT-BREGUET SUPER ÉTENDARD
AGUSTAWESTLAND AW101	VARIANTSWITHTHEIROWNARTICLES	AGUSTAWESTLAND CH-149 CORMORANT
AGUSTAWESTLAND AW101	VARIANTSWITHTHEIROWNARTICLES	LOCKHEED MARTIN VH-71 KESTREL
WESTLAND LYNX	VARIANTSWITHTHEIROWNARTICLES	AGUSTAWESTLAND AW159 WILDCAT
AéROSPATIALE ALOUETTE III	VARIANTSWITHTHEIROWNARTICLES	IAR 316
AGUSTAWESTLAND AW109	VARIANTSWITHTHEIROWNARTICLES	AGUSTAWESTLAND AW109S GRAND
GULFSTREAM IV	VARIANTSWITHTHEIROWNARTICLES	GULFSTREAM V
GULFSTREAM IV	VARIANTSWITHTHEIROWNARTICLES	GULFSTREAM G450
ILYUSHIN IL-28	VARIANTSWITHTHEIROWNARTICLES	ILYUSHIN IL-30
BLACKBURN ROC	VARIANTSWITHTHEIROWNARTICLES	BLACKBURN SKUA
DOUGLAS DC-4	VARIANTSWITHTHEIROWNARTICLES	DOUGLAS C-54 SKYMASTER
DOUGLAS DC-4	VARIANTSWITHTHEIROWNARTICLES	CANADAIR NORTH STAR
DOUGLAS DC-4	VARIANTSWITHTHEIROWNARTICLES	AVIATION TRADERS ATL-98 CARVAIR
JUNKERS JU 290	VARIANTSWITHTHEIROWNARTICLES	JUNKERS JU 390
AGUSTA A129 MANGUSTA	VARIANTSWITHTHEIROWNARTICLES	AGUSTAWESTLAND T129
MITSUBISHI A5M	VARIANTSWITHTHEIROWNARTICLES	*
MITSUBISHI A5M	VARIANTSWITHTHEIROWNARTICLES	MITSUBISHI KI-18
MITSUBISHI A5M	VARIANTSWITHTHEIROWNARTICLES	MITSUBISHI KI-33
DE HAVILLAND TIGER MOTH	VARIANTSWITHTHEIROWNARTICLES	THRUXTON JACKAROO
LAVOCHKIN LA-5	VARIANTSWITHTHEIROWNARTICLES	LAVOCHKIN LA-7
EUROCOPTER AS532 COUGAR	VARIANTSWITHTHEIROWNARTICLES	EUROCOPTER EC725
TUPOLEV TU-124	VARIANTSWITHTHEIROWNARTICLES	TUPOLEV TU-134
MILES MASTER	VARIANTSWITHTHEIROWNARTICLES	MILES MARTINET
MIKOYAN-GUREVICH MIG-1	VARIANTSWITHTHEIROWNARTICLES	MIKOYAN-GUREVICH MIG-3
MIKOYAN-GUREVICH MIG-3	VARIANTSWITHTHEIROWNARTICLES	MIKOYAN-GUREVICH I-211
SHORT S.8 CALCUTTA	VARIANTSWITHTHEIROWNARTICLES	SHORT RANGOON
SHORT S.8 CALCUTTA	VARIANTSWITHTHEIROWNARTICLES	SHORT KENT
SHORT S.8 CALCUTTA	VARIANTSWITHTHEIROWNARTICLES	BREGUET 521
SHORT EMPIRE	VARIANTSWITHTHEIROWNARTICLES	SHORT MAYO COMPOSITE
FORD TRIMOTOR	VARIANTSWITHTHEIROWNARTICLES	STOUT BUSHMASTER 2000
ANTONOV AN-72	VARIANTSWITHTHEIROWNARTICLES	ANTONOV AN-74
LOCKHEED YF-12	VARIANTSWITHTHEIROWNARTICLES	LOCKHEED SR-71 BLACKBIRD
PETLYAKOV PE-2	VARIANTSWITHTHEIROWNARTICLES	PETLYAKOV PE-3
GRUMMAN F7F TIGERCAT	VARIANTSWITHTHEIROWNARTICLES	GRUMMAN XTSF
ROYAL AIRCRAFT FACTORY B.E.2	VARIANTSWITHTHEIROWNARTICLES	ROYAL AIRCRAFT FACTORY B.E.9
ROYAL AIRCRAFT FACTORY B.E.2	VARIANTSWITHTHEIROWNARTICLES	ROYAL AIRCRAFT FACTORY B.E.12
SHIN MEIWA US-1A	VARIANTSWITHTHEIROWNARTICLES	SHINMAYWA US-2
SUKHOI SU-30	VARIANTSWITHTHEIROWNARTICLES	SUKHOI SU-30MKI
SUKHOI SU-30	VARIANTSWITHTHEIROWNARTICLES	SUKHOI SU-30MKK
SUKHOI SU-30	VARIANTSWITHTHEIROWNARTICLES	SUKHOI SU-30MKM
TUPOLEV TU-4	VARIANTSWITHTHEIROWNARTICLES	TUPOLEV TU-70
TUPOLEV TU-4	VARIANTSWITHTHEIROWNARTICLES	TUPOLEV TU-75
TUPOLEV TU-4	VARIANTSWITHTHEIROWNARTICLES	TUPOLEV TU-80
TUPOLEV TU-4	VARIANTSWITHTHEIROWNARTICLES	TUPOLEV TU-85
TUPOLEV TU-4	VARIANTSWITHTHEIROWNARTICLES	KJ-1 AEWC
MITSUBISHI T-2	VARIANTSWITHTHEIROWNARTICLES	MITSUBISHI F-1
BOEING X-45	VARIANTSWITHTHEIROWNARTICLES	BOEING PHANTOM RAY
TUPOLEV TU-70	VARIANTSWITHTHEIROWNARTICLES	TUPOLEV TU-75
NORTHROP YB-35	VARIANTSWITHTHEIROWNARTICLES	NORTHROP YB-49
AIRSPEED OXFORD	VARIANTSWITHTHEIROWNARTICLES	AIRSPEED CONSUL
SIKORSKY H-19 CHICKASAW	VARIANTSWITHTHEIROWNARTICLES	WESTLAND WHIRLWIND
BELL AH-1 SUPERCOBRA	VARIANTSWITHTHEIROWNARTICLES	BELL AH-1Z VIPER
BELL AH-1 SUPERCOBRA	VARIANTSWITHTHEIROWNARTICLES	BELL YAH-63
BELL AH-1 SUPERCOBRA	VARIANTSWITHTHEIROWNARTICLES	PANHA 2091
BLACKBURN SKUA	VARIANTSWITHTHEIROWNARTICLES	BLACKBURN ROC
HAWKER HIND	VARIANTSWITHTHEIROWNARTICLES	HAWKER HART
HAWKER HIND	VARIANTSWITHTHEIROWNARTICLES	HAWKER HECTOR
HAWKER HIND	VARIANTSWITHTHEIROWNARTICLES	HAWKER P.V.4
NAKAJIMA KI-116	VARIANTSWITHTHEIROWNARTICLES	NAKAJIMA KI-84
BüCKER Bü 131	VARIANTSWITHTHEIROWNARTICLES	BüCKER Bü 133
BLOHM & VOSS HA 139	VARIANTSWITHTHEIROWNARTICLES	BLOHM & VOSS BV 142
BOEING C-97 STRATOFREIGHTER	VARIANTSWITHTHEIROWNARTICLES	BOEING KC-97 STRATOFREIGHTER
BOEING C-97 STRATOFREIGHTER	VARIANTSWITHTHEIROWNARTICLES	BOEING 377
BOEING C-97 STRATOFREIGHTER	VARIANTSWITHTHEIROWNARTICLES	AERO SPACELINES PREGNANT GUPPY
BOEING C-97 STRATOFREIGHTER	VARIANTSWITHTHEIROWNARTICLES	AERO SPACELINES SUPER GUPPY
BOEING C-97 STRATOFREIGHTER	VARIANTSWITHTHEIROWNARTICLES	AERO SPACELINES MINI GUPPY
BOEING WC-135 CONSTANT PHOENIX	VARIANTSWITHTHEIROWNARTICLES	OC-135B OPEN SKIES
PZL.23 KARAś	VARIANTSWITHTHEIROWNARTICLES	PZL.43 KARAś
SAUNDERS-ROE SR.53	VARIANTSWITHTHEIROWNARTICLES	SAUNDERS-ROE SR.177
PZL.37 ŁOś	VARIANTSWITHTHEIROWNARTICLES	PZL.49 MIś
PZL P.11	VARIANTSWITHTHEIROWNARTICLES	PZL P.24
HUGHES OH-6 CAYUSE	VARIANTSWITHTHEIROWNARTICLES	MD HELICOPTERS MH-6 LITTLE BIRD
HUGHES OH-6 CAYUSE	VARIANTSWITHTHEIROWNARTICLES	MD HELICOPTERS MD 500
HUGHES OH-6 CAYUSE	VARIANTSWITHTHEIROWNARTICLES	MCDONNELL DOUGLAS MD 500 DEFENDER
BRISTOL BUCKINGHAM	VARIANTSWITHTHEIROWNARTICLES	BRISTOL BRIGAND
BRISTOL BUCKINGHAM	VARIANTSWITHTHEIROWNARTICLES	BRISTOL BUCKMASTER
AIRBUS CC-150 POLARIS	VARIANTSWITHTHEIROWNARTICLES	AIRBUS A310 MRTT
AIRBUS A310 MRTT	VARIANTSWITHTHEIROWNARTICLES	AIRBUS CC-150 POLARIS
RYAN FR FIREBALL	VARIANTSWITHTHEIROWNARTICLES	XF2R DARK SHARK
PZL P.7	VARIANTSWITHTHEIROWNARTICLES	PZL P.11
AIRBUS A330 MRTT	VARIANTSWITHTHEIROWNARTICLES	NORTHROP GRUMMAN KC-45
HANDLEY PAGE HASTINGS	VARIANTSWITHTHEIROWNARTICLES	HANDLEY PAGE HERMES
BRITISH AEROSPACE 125	VARIANTSWITHTHEIROWNARTICLES	HAWKER 800
LOCKHEED MODEL 18 LODESTAR	VARIANTSWITHTHEIROWNARTICLES	LOCKHEED VENTURA
MARTIN B-57 CANBERRA	VARIANTSWITHTHEIROWNARTICLES	MARTIN RB-57D CANBERRA
DOUGLAS A-26 INVADER	VARIANTSWITHTHEIROWNARTICLES	ON MARK MARKSMAN
BOEING B-50 SUPERFORTRESS	VARIANTSWITHTHEIROWNARTICLES	BOEING C-97 STRATOFREIGHTER
SCALED COMPOSITES WHITE KNIGHT	VARIANTSWITHTHEIROWNARTICLES	SCALED COMPOSITES WHITE KNIGHT TWO
HAWKER HART	VARIANTSWITHTHEIROWNARTICLES	HAWKER HIND
HAWKER HART	VARIANTSWITHTHEIROWNARTICLES	HAWKER HECTOR
SIKORSKY CH-53 SEA STALLION	VARIANTSWITHTHEIROWNARTICLES	SIKORSKY MH-53
BOEING C-135 STRATOLIFTER	VARIANTSWITHTHEIROWNARTICLES	BOEING KC-135 STRATOTANKER
BOEING C-135 STRATOLIFTER	VARIANTSWITHTHEIROWNARTICLES	BOEING EC-135
BOEING C-135 STRATOLIFTER	VARIANTSWITHTHEIROWNARTICLES	BOEING NC-135
BOEING C-135 STRATOLIFTER	VARIANTSWITHTHEIROWNARTICLES	BOEING RC-135
BOEING C-135 STRATOLIFTER	VARIANTSWITHTHEIROWNARTICLES	OC-135B OPEN SKIES
BOEING C-135 STRATOLIFTER	VARIANTSWITHTHEIROWNARTICLES	WC-135 CONSTANT PHOENIX
SEVERSKY P-35	VARIANTSWITHTHEIROWNARTICLES	P-43 LANCER
SEVERSKY P-35	VARIANTSWITHTHEIROWNARTICLES	SEVERSKY SEV-3
HAWKER SEA HAWK	VARIANTSWITHTHEIROWNARTICLES	HAWKER P.1072
SOPWITH SNIPE	VARIANTSWITHTHEIROWNARTICLES	SOPWITH SALAMANDER
SOPWITH SNIPE	VARIANTSWITHTHEIROWNARTICLES	SOPWITH DRAGON
BOEING KC-767	VARIANTSWITHTHEIROWNARTICLES	BOEING KC-46 PEGASUS
DE HAVILLAND VENOM	VARIANTSWITHTHEIROWNARTICLES	DE HAVILLAND SEA VENOM
ANTONOV AN-2	VARIANTSWITHTHEIROWNARTICLES	ANTONOV AN-3
SIKORSKY CH-54 TARHE	VARIANTSWITHTHEIROWNARTICLES	S-64 SKYCRANE
BEECHCRAFT KING AIR	VARIANTSWITHTHEIROWNARTICLES	BEECHCRAFT SUPER KING AIR
ANTONOV AN-24	VARIANTSWITHTHEIROWNARTICLES	ANTONOV AN-26
ANTONOV AN-24	VARIANTSWITHTHEIROWNARTICLES	ANTONOV AN-30
ANTONOV AN-24	VARIANTSWITHTHEIROWNARTICLES	ANTONOV AN-32
NORTH AMERICAN T-6 TEXAN	VARIANTSWITHTHEIROWNARTICLES	NORTH AMERICAN A-27
LOCKHEED A-12	VARIANTSWITHTHEIROWNARTICLES	LOCKHEED YF-12
MYASISHCHEV M-4	VARIANTSWITHTHEIROWNARTICLES	MYASISHCHEV VM-T
F SUPER HORNET	VARIANTSWITHTHEIROWNARTICLES	BOEING EA-18G GROWLER
PIPER PA-24 COMANCHE	VARIANTSWITHTHEIROWNARTICLES	PIPER PA-30 TWIN COMANCHE
PIPER PA-24 COMANCHE	VARIANTSWITHTHEIROWNARTICLES	PIPER PA-39 TWIN COMANCHE
PIPER PA-24 COMANCHE	VARIANTSWITHTHEIROWNARTICLES	RAVIN 500
PIPER J-3 CUB	VARIANTSWITHTHEIROWNARTICLES	PIPER PA-11
PIPER J-3 CUB	VARIANTSWITHTHEIROWNARTICLES	PA-15 VAGABOND
PIPER J-3 CUB	VARIANTSWITHTHEIROWNARTICLES	PA-16 CLIPPER
PIPER J-3 CUB	VARIANTSWITHTHEIROWNARTICLES	PA-18 SUPER CUB
CESSNA 150	VARIANTSWITHTHEIROWNARTICLES	CESSNA 152
PILATUS PC-7	VARIANTSWITHTHEIROWNARTICLES	PILATUS PC-9
BOWERS FLY BABY	VARIANTSWITHTHEIROWNARTICLES	DUANE'S HANGAR ULTRABABY
BAC JET PROVOST	VARIANTSWITHTHEIROWNARTICLES	BAC STRIKEMASTER
KEYSTONE B-3	VARIANTSWITHTHEIROWNARTICLES	KEYSTONE B-4
KEYSTONE B-3	VARIANTSWITHTHEIROWNARTICLES	KEYSTONE B-5
KEYSTONE B-3	VARIANTSWITHTHEIROWNARTICLES	KEYSTONE B-6
AVRO CANADA CF-100 CANUCK	VARIANTSWITHTHEIROWNARTICLES	AVRO CANADA CF-103
BRITISH AEROSPACE JETSTREAM 41	VARIANTSWITHTHEIROWNARTICLES	BRITISH AEROSPACE JETSTREAM 31
BOMBARDIER GLOBAL EXPRESS	VARIANTSWITHTHEIROWNARTICLES	RAYTHEON SENTINEL
SIKORSKY S-76	VARIANTSWITHTHEIROWNARTICLES	SIKORSKY S-75
AEG D.I	VARIANTSWITHTHEIROWNARTICLES	AEG DR.I
AEG PE	VARIANTSWITHTHEIROWNARTICLES	AEG DJ.I
TUPOLEV TU-95	VARIANTSWITHTHEIROWNARTICLES	TUPOLEV TU-114 PASSENGER AIRLINER
TUPOLEV TU-95	VARIANTSWITHTHEIROWNARTICLES	TUPOLEV TU-142 MARITIME PATROL
TUPOLEV TU-95	VARIANTSWITHTHEIROWNARTICLES	TUPOLEV TU-95LAL NUCLEAR-POWERED
AERITALIA G.222	VARIANTSWITHTHEIROWNARTICLES	ALENIA C-27J SPARTAN
FAIREY GANNET	VARIANTSWITHTHEIROWNARTICLES	FAIREY GANNET AEW.3
CURTISS NC	VARIANTSWITHTHEIROWNARTICLES	NC-4
SUPERMARINE SPITFIRE	VARIANTSWITHTHEIROWNARTICLES	SUPERMARINE SEAFIRE
SUPERMARINE SPITFIRE	VARIANTSWITHTHEIROWNARTICLES	SUPERMARINE SPITEFUL
SUPERMARINE SPITFIRE	VARIANTSWITHTHEIROWNARTICLES	SUPERMARINE SEAFANG
ANTONOV AN-12	VARIANTSWITHTHEIROWNARTICLES	SHAANXI Y-8
ANTONOV AN-26	VARIANTSWITHTHEIROWNARTICLES	ANTONOV AN-32
ANTONOV AN-28	VARIANTSWITHTHEIROWNARTICLES	PZL M28
GULFSTREAM V	VARIANTSWITHTHEIROWNARTICLES	GULFSTREAM G550
PILATUS PC-6 PORTER	VARIANTSWITHTHEIROWNARTICLES	FAIRCHILD AU-23 PEACEMAKER
AER LUALDI L.57	VARIANTSWITHTHEIROWNARTICLES	AER LUALDI L.59
LUALDI-TASSOTTI ES 53	VARIANTSWITHTHEIROWNARTICLES	AER LUALDI L.55
BARROWS BEARHAWK	VARIANTSWITHTHEIROWNARTICLES	BARROWS BEARHAWK PATROL
BARROWS BEARHAWK	VARIANTSWITHTHEIROWNARTICLES	BEARHAWK LSA
LWD JUNAK	VARIANTSWITHTHEIROWNARTICLES	LWD ZUCH
BRITTEN-NORMAN ISLANDER	VARIANTSWITHTHEIROWNARTICLES	BRITTEN-NORMAN TRISLANDER
BRITTEN-NORMAN ISLANDER	VARIANTSWITHTHEIROWNARTICLES	BRITTEN-NORMAN DEFENDER
AERMACCHI AL-60	VARIANTSWITHTHEIROWNARTICLES	NORTHWEST RANGER
YAKOVLEV UT-2	VARIANTSWITHTHEIROWNARTICLES	YAKOVLEV YAK-5
AERMACCHI M-290 REDIGO	VARIANTSWITHTHEIROWNARTICLES	VALMET L-80 TURBO-VINKA
VALMET L-70 VINKA	VARIANTSWITHTHEIROWNARTICLES	VALMET L-80 TURBO-VINHA
VALMET L-70 VINKA	VARIANTSWITHTHEIROWNARTICLES	VALMET L-90 REDIGO
CESSNA SKYMASTER	VARIANTSWITHTHEIROWNARTICLES	O-2 SKYMASTER
CESSNA SKYMASTER	VARIANTSWITHTHEIROWNARTICLES	CONROY STOLIFTER
CESSNA SKYMASTER	VARIANTSWITHTHEIROWNARTICLES	SPECTRUM SA-550
MIKOYAN MIG-29M	VARIANTSWITHTHEIROWNARTICLES	MIKOYAN MIG-29K
BEECHCRAFT BONANZA	VARIANTSWITHTHEIROWNARTICLES	BEECHCRAFT BARON
BEECHCRAFT BONANZA	VARIANTSWITHTHEIROWNARTICLES	BAY SUPER V
BEECHCRAFT BONANZA	VARIANTSWITHTHEIROWNARTICLES	BEECHCRAFT T-34 MENTOR
BEECHCRAFT BONANZA	VARIANTSWITHTHEIROWNARTICLES	RTAF-2
AEROJET GENERAL X-8	VARIANTSWITHTHEIROWNARTICLES	AEROBEE
BEECHCRAFT TWIN BONANZA	VARIANTSWITHTHEIROWNARTICLES	L-23 SEMINOLE
BEECHCRAFT L-23 SEMINOLE	VARIANTSWITHTHEIROWNARTICLES	BEECHCRAFT QUEEN AIR
MIL MI-8	VARIANTSWITHTHEIROWNARTICLES	MIL MI-17
MIL MI-2	VARIANTSWITHTHEIROWNARTICLES	PZL KANIA
BOULTON PAUL SIDESTRAND	VARIANTSWITHTHEIROWNARTICLES	BOULTON PAUL OVERSTRAND
EUROCOPTER AS332 SUPER PUMA	VARIANTSWITHTHEIROWNARTICLES	EUROCOPTER AS532 COUGAR
AERO A.30	VARIANTSWITHTHEIROWNARTICLES	*AERO A.100\N*AERO A.32
FAIREY III	VARIANTSWITHTHEIROWNARTICLES	FAIREY GORDON
FAIREY III	VARIANTSWITHTHEIROWNARTICLES	FAIREY SEAL
DE HAVILLAND HERON	VARIANTSWITHTHEIROWNARTICLES	SAUNDERS ST-27
RWD 8	VARIANTSWITHTHEIROWNARTICLES	RWD 17
ROYAL AIRCRAFT FACTORY F.E.2	VARIANTSWITHTHEIROWNARTICLES	ROYAL AIRCRAFT FACTORY F.E.1
ROYAL AIRCRAFT FACTORY F.E.2	VARIANTSWITHTHEIROWNARTICLES	VICKERS VIM
YAKOVLEV YAK-12	VARIANTSWITHTHEIROWNARTICLES	PZL-101 GAWRON
AERO AE 04	VARIANTSWITHTHEIROWNARTICLES	AERO A.18
AERO L-59 SUPER ALBATROS	VARIANTSWITHTHEIROWNARTICLES	AERO L-159 ALCA
ADVANCED SOARING CONCEPTS FALCON	VARIANTSWITHTHEIROWNARTICLES	ADVANCED SOARING CONCEPTS SPIRIT
ADVANCED SOARING CONCEPTS SPIRIT	VARIANTSWITHTHEIROWNARTICLES	ADVANCED SOARING CONCEPTS FALCON
RUTAN QUICKIE	VARIANTSWITHTHEIROWNARTICLES	QAC QUICKIE Q2
RUTAN QUICKIE	VARIANTSWITHTHEIROWNARTICLES	VIKING DRAGONFLY
CIRRUS SR20	VARIANTSWITHTHEIROWNARTICLES	CIRRUS SR22
AAC SEASTAR	VARIANTSWITHTHEIROWNARTICLES	AAC SEASTAR SEALOON
SUKHOI SU-9	VARIANTSWITHTHEIROWNARTICLES	SUKHOI SU-11
ADAMS-WILSON HOBBYCOPTER	VARIANTSWITHTHEIROWNARTICLES	W 95
ADAMS-WILSON HOBBYCOPTER	VARIANTSWITHTHEIROWNARTICLES	W 95
ADAMS-WILSON HOBBYCOPTER	VARIANTSWITHTHEIROWNARTICLES	SHOWERS SKYTWISTER CHOPPY
CONVAIR XF-92	VARIANTSWITHTHEIROWNARTICLES	CONVAIR F-102 DELTA DAGGER
HELIO COURIER	VARIANTSWITHTHEIROWNARTICLES	HELIO STALLION
ADAM RA-14 LOISIRS	VARIANTSWITHTHEIROWNARTICLES	FALCONAR AMF-S14
MARTIN X-23 PRIME	VARIANTSWITHTHEIROWNARTICLES	MARTIN MARIETTA X-24A
CESSNA 180	VARIANTSWITHTHEIROWNARTICLES	CESSNA 182
CESSNA 180	VARIANTSWITHTHEIROWNARTICLES	CESSNA 185
CESSNA 180	VARIANTSWITHTHEIROWNARTICLES	ST-JUST CYCLONE
CESSNA 180	VARIANTSWITHTHEIROWNARTICLES	ST-JUST SUPER-CYCLONE
ADVANCED AEROMARINE CARRERA	VARIANTSWITHTHEIROWNARTICLES	ARNET PEREYRA SABRE II
ADVANCED AEROMARINE SIERRA	VARIANTSWITHTHEIROWNARTICLES	MOYES TEMPEST
ADVANCED AEROMARINE BUCCANEER	VARIANTSWITHTHEIROWNARTICLES	ARNET PEREYRA SABRE II
AERO BOERO AB-95	VARIANTSWITHTHEIROWNARTICLES	AERO BOERO AB-115
AERO BOERO AB-180	VARIANTSWITHTHEIROWNARTICLES	AERO BOERO AB-150
KAMOV KA-27	VARIANTSWITHTHEIROWNARTICLES	KAMOV KA-31
MORANE-SAULNIER N	VARIANTSWITHTHEIROWNARTICLES	MORANE-SAULNIER I
MORANE-SAULNIER N	VARIANTSWITHTHEIROWNARTICLES	MORANE-SAULNIER V
NAKAJIMA KI-84	VARIANTSWITHTHEIROWNARTICLES	NAKAJIMA KI-116
ALBATROS C.I	VARIANTSWITHTHEIROWNARTICLES	ALBATROS C.III
BLACKBURN RIPON	VARIANTSWITHTHEIROWNARTICLES	BLACKBURN BAFFIN
BELL 222	VARIANTSWITHTHEIROWNARTICLES	BELL 430
PZL P.24	VARIANTSWITHTHEIROWNARTICLES	IAR 80
IAI HERON	VARIANTSWITHTHEIROWNARTICLES	EADS HARFANG
IAI HERON	VARIANTSWITHTHEIROWNARTICLES	IAI EITAN
IAI HERON	VARIANTSWITHTHEIROWNARTICLES	CAçADOR
VICKERS VC.1 VIKING	VARIANTSWITHTHEIROWNARTICLES	VICKERS VALETTA
VICKERS VC.1 VIKING	VARIANTSWITHTHEIROWNARTICLES	VICKERS VARSITY
MITCHELL U-2 SUPERWING	VARIANTSWITHTHEIROWNARTICLES	AMERIPLANES MITCHELL WING A-10
FOKKER E.II	VARIANTSWITHTHEIROWNARTICLES	FOKKER E.I
FOKKER E.II	VARIANTSWITHTHEIROWNARTICLES	FOKKER E.III
FOKKER E.IV	VARIANTSWITHTHEIROWNARTICLES	FOKKER E.I
FOKKER E.IV	VARIANTSWITHTHEIROWNARTICLES	FOKKER E.II
FOKKER E.IV	VARIANTSWITHTHEIROWNARTICLES	FOKKER E.III
FOKKER E.III	VARIANTSWITHTHEIROWNARTICLES	FOKKER E.I
FOKKER E.III	VARIANTSWITHTHEIROWNARTICLES	FOKKER E.II
BEST OFF SKYRANGER	VARIANTSWITHTHEIROWNARTICLES	BEST OFF NYNJA
BEST OFF SKYRANGER	VARIANTSWITHTHEIROWNARTICLES	RAINBOW CHEETAH
BEST OFF SKYRANGER	VARIANTSWITHTHEIROWNARTICLES	SYNAIRGIE JET RANGER
IAI WESTWIND	VARIANTSWITHTHEIROWNARTICLES	IAI ASTRA
IAI WESTWIND	VARIANTSWITHTHEIROWNARTICLES	GULFSTREAM G100
PIPER PA-34 SENECA	VARIANTSWITHTHEIROWNARTICLES	PZL M-20 MEWA
PIPER PA-20 PACER	VARIANTSWITHTHEIROWNARTICLES	JAVELIN V6 STOL
SAVOIA-MARCHETTI S.55	VARIANTSWITHTHEIROWNARTICLES	SAVOIA-MARCHETTI S.66
BEECHCRAFT MUSKETEER	VARIANTSWITHTHEIROWNARTICLES	CT-134 MUSKETEER
SOKO J-22 ORAO	VARIANTSWITHTHEIROWNARTICLES	AVIOANE CRAIOVA IAR-93 VULTUR
AéROSPATIALE ALOUETTE II	VARIANTSWITHTHEIROWNARTICLES	AéROSPATIALE SA 315B LAMA
NASA M2-F1	VARIANTSWITHTHEIROWNARTICLES	NORTHROP M2-F2
NASA M2-F1	VARIANTSWITHTHEIROWNARTICLES	NORTHROP M2-F3
NORTHROP M2-F2	VARIANTSWITHTHEIROWNARTICLES	NORTHROP M2-F3
BLOCH MB.160	VARIANTSWITHTHEIROWNARTICLES	BLOCH MB.162
BLOCH MB.160	VARIANTSWITHTHEIROWNARTICLES	SUD-EST SE.161 LANGUEDOC
BELL 206	VARIANTSWITHTHEIROWNARTICLES	OH-58 KIOWA
BELL 206	VARIANTSWITHTHEIROWNARTICLES	PANHA SHABAVIZ 2061
IAI HARPY	VARIANTSWITHTHEIROWNARTICLES	IAI HAROP
FAIRCHILD C-119 FLYING BOXCAR	VARIANTSWITHTHEIROWNARTICLES	FAIRCHILD XC-120 PACKPLANE
FAIRCHILD C-119 FLYING BOXCAR	VARIANTSWITHTHEIROWNARTICLES	FAIRCHILD AC-119
SHORT 330	VARIANTSWITHTHEIROWNARTICLES	SHORT 360
SHORT 330	VARIANTSWITHTHEIROWNARTICLES	C-23 SHERPA
PIETENPOL AIR CAMPER	VARIANTSWITHTHEIROWNARTICLES	GREGA GN-1 AIRCAMPER
PIETENPOL AIR CAMPER	VARIANTSWITHTHEIROWNARTICLES	PIETENPOL SKY SCOUT
PIETENPOL AIR CAMPER	VARIANTSWITHTHEIROWNARTICLES	ST CROIX PIETENPOL AERIAL
PIETENPOL AIR CAMPER	VARIANTSWITHTHEIROWNARTICLES	ST CROIX PIETENPOL AIRCAMPER
XIAN MA60	VARIANTSWITHTHEIROWNARTICLES	XIAN MA600
XIAN MA60	VARIANTSWITHTHEIROWNARTICLES	XIAN MA700
LOCKHEED MODEL 14 SUPER ELECTRA	VARIANTSWITHTHEIROWNARTICLES	LOCKHEED HUDSON
LOCKHEED MODEL 14 SUPER ELECTRA	VARIANTSWITHTHEIROWNARTICLES	LOCKHEED MODEL 18 LODESTAR
ILYUSHIN DB-3	VARIANTSWITHTHEIROWNARTICLES	ILYUSHIN IL-4
MIL MI-1	VARIANTSWITHTHEIROWNARTICLES	PZL SM-2
MIL MI-4	VARIANTSWITHTHEIROWNARTICLES	HARBIN Z-5
MIL MI-6	VARIANTSWITHTHEIROWNARTICLES	MIL MI-10
KAMOV KA-15	VARIANTSWITHTHEIROWNARTICLES	KAMOV KA-18
YAKOVLEV YAK-2	VARIANTSWITHTHEIROWNARTICLES	YAKOVLEV YAK-4
TUPOLEV TU-2	VARIANTSWITHTHEIROWNARTICLES	TUPOLEV TU-1
TUPOLEV TU-2	VARIANTSWITHTHEIROWNARTICLES	TUPOLEV TU-8
LAVOCHKIN LA-9	VARIANTSWITHTHEIROWNARTICLES	LAVOCHKIN LA-11
YAKOVLEV YAK-1	VARIANTSWITHTHEIROWNARTICLES	YAKOVLEV YAK-3
YAKOVLEV YAK-1	VARIANTSWITHTHEIROWNARTICLES	YAKOVLEV YAK-7
YAKOVLEV YAK-1	VARIANTSWITHTHEIROWNARTICLES	YAKOVLEV YAK-9
YAKOVLEV YAK-1	VARIANTSWITHTHEIROWNARTICLES	YAKOVLEV YAK-15
YAKOVLEV YAK-17	VARIANTSWITHTHEIROWNARTICLES	YAKOVLEV YAK-23
BELL 407	VARIANTSWITHTHEIROWNARTICLES	BELL ARH-70
POLIKARPOV I-15	VARIANTSWITHTHEIROWNARTICLES	POLIKARPOV I-153
EUROCOPTER EC135	VARIANTSWITHTHEIROWNARTICLES	EUROCOPTER EC635
IAR-93 VULTUR	VARIANTSWITHTHEIROWNARTICLES	SOKO J-22 ORAO
GRUMMAN JF DUCK	VARIANTSWITHTHEIROWNARTICLES	GRUMMAN J2F DUCK
CANADAIR CL-215	VARIANTSWITHTHEIROWNARTICLES	BOMBARDIER 415
REPUBLIC P-43 LANCER	VARIANTSWITHTHEIROWNARTICLES	REPUBLIC P-47 THUNDERBOLT
SIKORSKY S-92	VARIANTSWITHTHEIROWNARTICLES	SIKORSKY CH-148 CYCLONE
ECLIPSE 500	VARIANTSWITHTHEIROWNARTICLES	ECLIPSE 550
BELL 47	VARIANTSWITHTHEIROWNARTICLES	H-13 SIOUX
BELL 47	VARIANTSWITHTHEIROWNARTICLES	BELL 47J RANGER
BELL 47	VARIANTSWITHTHEIROWNARTICLES	KAWASAKI KH-4
SIKORSKY H-34	VARIANTSWITHTHEIROWNARTICLES	WESTLAND WESSEX
DOUGLAS DT	VARIANTSWITHTHEIROWNARTICLES	DOUGLAS WORLD CRUISER
GRUMMAN AMERICAN AA-1	VARIANTSWITHTHEIROWNARTICLES	GRUMMAN AMERICAN AA-5
CESSNA 210	VARIANTSWITHTHEIROWNARTICLES	CESSNA 206
FIAT G.50	VARIANTSWITHTHEIROWNARTICLES	FIAT G.55
BEDE BD-1	VARIANTSWITHTHEIROWNARTICLES	GRUMMAN AMERICAN AA-1
LWS-3 MEWA	VARIANTSWITHTHEIROWNARTICLES	LWS-7 MEWA II
DFS OLYMPIA MEISE	VARIANTSWITHTHEIROWNARTICLES	ZLIN Z-25 ŠOHAJ
DFS OLYMPIA MEISE	VARIANTSWITHTHEIROWNARTICLES	EON OLYMPIA
EMBRAER PHENOM 300	VARIANTSWITHTHEIROWNARTICLES	EMBRAER PHENOM 100
EMBRAER PHENOM 100	VARIANTSWITHTHEIROWNARTICLES	EMBRAER PHENOM 300
SUPERMARINE SPITEFUL	VARIANTSWITHTHEIROWNARTICLES	SUPERMARINE SEAFANG
SUPERMARINE SPITEFUL	VARIANTSWITHTHEIROWNARTICLES	SUPERMARINE ATTACKER
GRUMMAN F2F	VARIANTSWITHTHEIROWNARTICLES	GRUMMAN F3F
SIKORSKY S-70	VARIANTSWITHTHEIROWNARTICLES	SIKORSKY UH-60 BLACK HAWK
SIKORSKY S-70	VARIANTSWITHTHEIROWNARTICLES	SIKORSKY SH-60 SEAHAWK
SIKORSKY S-70	VARIANTSWITHTHEIROWNARTICLES	SIKORSKY HH-60 PAVE HAWK
SIKORSKY S-70	VARIANTSWITHTHEIROWNARTICLES	SIKORSKY HH-60 JAYHAWK
SIKORSKY S-70	VARIANTSWITHTHEIROWNARTICLES	MITSUBISHI H-60
TAYLORCRAFT B	VARIANTSWITHTHEIROWNARTICLES	TAYLORCRAFT AUSTER
HOWARD DGA-8	VARIANTSWITHTHEIROWNARTICLES	HOWARD DGA-15
GLOSTER GREBE	VARIANTSWITHTHEIROWNARTICLES	GLOSTER GAMECOCK
RYAN ST	VARIANTSWITHTHEIROWNARTICLES	RYAN PT-22 RECRUIT
IPTN CN-235	VARIANTSWITHTHEIROWNARTICLES	EADS CASA HC-144 OCEAN SENTRY
NORTHROP N-1M	VARIANTSWITHTHEIROWNARTICLES	NORTHROP N-9M
DASSAULT MYSTèRE	VARIANTSWITHTHEIROWNARTICLES	DASSAULT MYSTèRE IV
DASSAULT MYSTèRE	VARIANTSWITHTHEIROWNARTICLES	DASSAULT SUPER MYSTèRE
GRUMMAN XF5F SKYROCKET	VARIANTSWITHTHEIROWNARTICLES	GRUMMAN XP-50
SHORT SEAFORD	VARIANTSWITHTHEIROWNARTICLES	SHORT SOLENT
MD HELICOPTERS MH-6 LITTLE BIRD	VARIANTSWITHTHEIROWNARTICLES	MD 500 DEFENDER
MD HELICOPTERS MH-6 LITTLE BIRD	VARIANTSWITHTHEIROWNARTICLES	BOEING AH-6
NORTH AMERICAN NA-16	VARIANTSWITHTHEIROWNARTICLES	NORTH AMERICAN BT-9
NORTH AMERICAN NA-16	VARIANTSWITHTHEIROWNARTICLES	CAC WIRRAWAY
YAKOVLEV YAK-18T	VARIANTSWITHTHEIROWNARTICLES	TECHNOAVIA SM-94
PAC CRESCO	VARIANTSWITHTHEIROWNARTICLES	PAC 750XL
VULTEE XP-54	VARIANTSWITHTHEIROWNARTICLES	XP-68 TORNADO
CESSNA 185	VARIANTSWITHTHEIROWNARTICLES	ST-JUST SUPER-CYCLONE
FAIRCHILD SWEARINGEN METROLINER	VARIANTSWITHTHEIROWNARTICLES	FAIRCHILD C-26 METROLINER
HAWKER HENLEY	VARIANTSWITHTHEIROWNARTICLES	HAWKER HOTSPUR
PERCIVAL GULL	VARIANTSWITHTHEIROWNARTICLES	PERCIVAL VEGA GULL
PAC FLETCHER	VARIANTSWITHTHEIROWNARTICLES	PAC CRESCO
MARTIN MARYLAND	VARIANTSWITHTHEIROWNARTICLES	MARTIN BALTIMORE
MCDONNELL DOUGLAS DC-9	VARIANTSWITHTHEIROWNARTICLES	MCDONNELL DOUGLAS C-9
CANADAIR CL-44	VARIANTSWITHTHEIROWNARTICLES	CONROY SKYMONSTER
EUROCOPTER AS350 ÉCUREUIL	VARIANTSWITHTHEIROWNARTICLES	EUROCOPTER AS355
EUROCOPTER AS350 ÉCUREUIL	VARIANTSWITHTHEIROWNARTICLES	EUROCOPTER FENNEC
SOKO G-2 GALEB	VARIANTSWITHTHEIROWNARTICLES	SOKO J-21 JASTREB
SIKORSKY H-5	VARIANTSWITHTHEIROWNARTICLES	WESTLAND DRAGONFLY
SCHEMPP-HIRTH VENTUS	VARIANTSWITHTHEIROWNARTICLES	SCHEMPP-HIRTH VENTUS 2
SHAANXI Y-8	VARIANTSWITHTHEIROWNARTICLES	SHAANXI Y-9
GIPPSAERO GA8 AIRVAN	VARIANTSWITHTHEIROWNARTICLES	GIPPSLAND GA10
FOUGA CM.170 MAGISTER	VARIANTSWITHTHEIROWNARTICLES	FOUGA CM.175 ZéPHYR
HAWKER P.1052	VARIANTSWITHTHEIROWNARTICLES	HAWKER P.1078
HAWKER P.1052	VARIANTSWITHTHEIROWNARTICLES	HAWKER P.1081
EIPPER QUICKSILVER	VARIANTSWITHTHEIROWNARTICLES	M-SQUARED BREESE
EIPPER QUICKSILVER	VARIANTSWITHTHEIROWNARTICLES	ULTRALIGHT ENGINEERING ASTRA
EIPPER QUICKSILVER	VARIANTSWITHTHEIROWNARTICLES	ULTRALITE SOARING WIZARD
CURTISS P-1 HAWK	VARIANTSWITHTHEIROWNARTICLES	F6C HAWK
CURTISS P-1 HAWK	VARIANTSWITHTHEIROWNARTICLES	P-6 HAWK
CANADAIR CC-109 COSMOPOLITAN	VARIANTSWITHTHEIROWNARTICLES	CONVAIR 240
BLACKBURN IRIS	VARIANTSWITHTHEIROWNARTICLES	BLACKBURN PERTH
ZLíN Z 42	VARIANTSWITHTHEIROWNARTICLES	ZLíN Z 43
VICKERS VICTORIA	VARIANTSWITHTHEIROWNARTICLES	VICKERS TYPE 264 VALENTIA
HAWKER 400	VARIANTSWITHTHEIROWNARTICLES	T-1 JAYHAWK
SUKHOI PAK FA	VARIANTSWITHTHEIROWNARTICLES	HAL FGFA
CIERVA C.30	VARIANTSWITHTHEIROWNARTICLES	CIERVA C.40
SHENYANG J-11	VARIANTSWITHTHEIROWNARTICLES	SHENYANG J-15
SHENYANG J-11	VARIANTSWITHTHEIROWNARTICLES	SHENYANG J-16
SHORT 360	VARIANTSWITHTHEIROWNARTICLES	SHORT C-23 SHERPA
CURTISS F11C GOSHAWK	VARIANTSWITHTHEIROWNARTICLES	CURTISS BF2C GOSHAWK
NORTHROP A-17	VARIANTSWITHTHEIROWNARTICLES	DOUGLAS A-33
NORTHROP BT	VARIANTSWITHTHEIROWNARTICLES	SBD DAUNTLESS
HAWKER P.V.4	VARIANTSWITHTHEIROWNARTICLES	HAWKER HART
PIPER PA-31T CHEYENNE	VARIANTSWITHTHEIROWNARTICLES	PIPER PA-42 CHEYENNE
PIPER PA-31 NAVAJO	VARIANTSWITHTHEIROWNARTICLES	PIPER PA-31T CHEYENNE
CESSNA CITATION FAMILY	VARIANTSWITHTHEIROWNARTICLES	CESSNA CITATION I
CESSNA CITATION FAMILY	VARIANTSWITHTHEIROWNARTICLES	CESSNA CITATION II
CESSNA CITATION FAMILY	VARIANTSWITHTHEIROWNARTICLES	CESSNA CITATION III
CESSNA CITATION FAMILY	VARIANTSWITHTHEIROWNARTICLES	CESSNA CITATION V
CESSNA CITATION FAMILY	VARIANTSWITHTHEIROWNARTICLES	CESSNA CITATION EXCEL
CESSNA CITATION FAMILY	VARIANTSWITHTHEIROWNARTICLES	CESSNA CITATIONJET
CESSNA CITATION FAMILY	VARIANTSWITHTHEIROWNARTICLES	CESSNA CITATION MUSTANG
CESSNA CITATION FAMILY	VARIANTSWITHTHEIROWNARTICLES	CESSNA CITATION X
CESSNA CITATION FAMILY	VARIANTSWITHTHEIROWNARTICLES	CESSNA CITATION SOVEREIGN
CESSNA CITATION FAMILY	VARIANTSWITHTHEIROWNARTICLES	CESSNA CITATION LATITUDE
DASSAULT FALCON 50	VARIANTSWITHTHEIROWNARTICLES	DASSAULT FALCON 900
DASSAULT FALCON 900	VARIANTSWITHTHEIROWNARTICLES	DASSAULT FALCON 2000
DASSAULT FALCON 900	VARIANTSWITHTHEIROWNARTICLES	DASSAULT FALCON 7X
DASSAULT FALCON 20	VARIANTSWITHTHEIROWNARTICLES	DASSAULT FALCON 10
DASSAULT FALCON 20	VARIANTSWITHTHEIROWNARTICLES	DASSAULT FALCON 50
BELL 412	VARIANTSWITHTHEIROWNARTICLES	BELL CH-146 GRIFFON
DASSAULT MYSTèRE IV	VARIANTSWITHTHEIROWNARTICLES	DASSAULT SUPER MYSTèRE
PIPER PA-16 CLIPPER	VARIANTSWITHTHEIROWNARTICLES	PIPER PA-20 PACER
LET L-13 BLANíK	VARIANTSWITHTHEIROWNARTICLES	BLANIK TG-10 L-13A L-13AC L-13SW L-13B L-13TJ
YAKOVLEV YAK-25	VARIANTSWITHTHEIROWNARTICLES	YAKOVLEV YAK-30
WRIGHT MODEL A	VARIANTSWITHTHEIROWNARTICLES	WRIGHT MODEL B
LANCAIR IV	VARIANTSWITHTHEIROWNARTICLES	LANCAIR PROPJET
LANCAIR IV	VARIANTSWITHTHEIROWNARTICLES	LANCAIR TIGRESS
DOUGLAS A-33	VARIANTSWITHTHEIROWNARTICLES	NORTHROP A-17
HAWKER WOODCOCK	VARIANTSWITHTHEIROWNARTICLES	HAWKER DANECOCK
CESSNA 404 TITAN	VARIANTSWITHTHEIROWNARTICLES	CESSNA 441
GRUMMAN GULFSTREAM II	VARIANTSWITHTHEIROWNARTICLES	GULFSTREAM III
MOONEY M-18 MITE	VARIANTSWITHTHEIROWNARTICLES	MOONEY M20
AIRCO DH.4	VARIANTSWITHTHEIROWNARTICLES	AIRCO DH.9
AIRCO DH.4	VARIANTSWITHTHEIROWNARTICLES	AIRCO DH.9A
AIRCO DH.4	VARIANTSWITHTHEIROWNARTICLES	DAYTON-WRIGHT CABIN CRUISER
THOMAS-MORSE MB-3	VARIANTSWITHTHEIROWNARTICLES	THOMAS-MORSE MB-6
THOMAS-MORSE MB-3	VARIANTSWITHTHEIROWNARTICLES	THOMAS-MORSE MB-7
CONVAIR CV-240 FAMILY	VARIANTSWITHTHEIROWNARTICLES	CONVAIR C-131 SAMARITAN
CONVAIR CV-240 FAMILY	VARIANTSWITHTHEIROWNARTICLES	CANADAIR CC-109 COSMOPOLITAN
REPUBLIC F-84F THUNDERSTREAK	VARIANTSWITHTHEIROWNARTICLES	REPUBLIC XF-84H
ALBATROS D.II	VARIANTSWITHTHEIROWNARTICLES	ALBATROS D.III
RYAN NAVION	VARIANTSWITHTHEIROWNARTICLES	CAMAIR TWIN NAVION
RYAN NAVION	VARIANTSWITHTHEIROWNARTICLES	TEMCO D-16
GULFSTREAM G100	VARIANTSWITHTHEIROWNARTICLES	GULFSTREAM G200
CAVALIER MUSTANG	VARIANTSWITHTHEIROWNARTICLES	PIPER PA-48 ENFORCER
VELOCITY SE	VARIANTSWITHTHEIROWNARTICLES	VELOCITY XL
VELOCITY SE	VARIANTSWITHTHEIROWNARTICLES	ROCKET RACING LEAGUE
NORTHROP ALPHA	VARIANTSWITHTHEIROWNARTICLES	NORTHROP GAMMA
NORTHROP ALPHA	VARIANTSWITHTHEIROWNARTICLES	C-19 ALPHA
NORTHROP GAMMA	VARIANTSWITHTHEIROWNARTICLES	NORTHROP YA-13
BOULTON PAUL P.111	VARIANTSWITHTHEIROWNARTICLES	BOULTON PAUL P.120
WESTLAND SCOUT	VARIANTSWITHTHEIROWNARTICLES	WESTLAND WASP
FOKKER D.I	VARIANTSWITHTHEIROWNARTICLES	FOKKER D.II, D.III AND D.IV.
RUTAN VARIVIGGEN	VARIANTSWITHTHEIROWNARTICLES	RUTAN VARIEZE
NORTHROP GRUMMAN MQ-8 FIRE SCOUT	VARIANTSWITHTHEIROWNARTICLES	SIKORSKY S-434
SUKHOI SU-30MKI	VARIANTSWITHTHEIROWNARTICLES	SUKHOI SU-30MKM
HUGHES TH-55 OSAGE	VARIANTSWITHTHEIROWNARTICLES	SCHWEIZER 300
AVRO 626	VARIANTSWITHTHEIROWNARTICLES	AVRO 621
CAC WIRRAWAY	VARIANTSWITHTHEIROWNARTICLES	CAC BOOMERANG
PIPER J-5	VARIANTSWITHTHEIROWNARTICLES	PIPER J-3
PIPER J-5	VARIANTSWITHTHEIROWNARTICLES	PIPER PA-12
FOKKER F.VII	VARIANTSWITHTHEIROWNARTICLES	FOKKER F.10
VOUGHT-SIKORSKY VS-300	VARIANTSWITHTHEIROWNARTICLES	SIKORSKY R-4
REPUBLIC RC-3 SEABEE	VARIANTSWITHTHEIROWNARTICLES	TRIDENT TR-1 TRIGULL
WACO CUSTOM CABIN SERIES	VARIANTSWITHTHEIROWNARTICLES	WACO ZQC-6
WACO CUSTOM CABIN SERIES	VARIANTSWITHTHEIROWNARTICLES	WACO E SERIES
WACO CUSTOM CABIN SERIES	VARIANTSWITHTHEIROWNARTICLES	WACO N SERIES
FLIGHT DESIGN CT	VARIANTSWITHTHEIROWNARTICLES	FLIGHT DESIGN MC
CURTISS P-40 WARHAWK VARIANTS	VARIANTSWITHTHEIROWNARTICLES	CURTISS XP-46
WESTLAND WS-51 DRAGONFLY	VARIANTSWITHTHEIROWNARTICLES	WESTLAND WIDGEON
FAIRCHILD DORNIER 328JET	VARIANTSWITHTHEIROWNARTICLES	FAIRCHILD DORNIER 428JET
NIEUPORT 10	VARIANTSWITHTHEIROWNARTICLES	NIEUPORT 12
GLOSTER GAMECOCK	VARIANTSWITHTHEIROWNARTICLES	NAKAJIMA A1N
CONSOLIDATED COMMODORE	VARIANTSWITHTHEIROWNARTICLES	CONSOLIDATED P2Y
SONEX AIRCRAFT SONEX	VARIANTSWITHTHEIROWNARTICLES	SONEX AIRCRAFT ONEX
BLACKBURN FIREBRAND	VARIANTSWITHTHEIROWNARTICLES	BLACKBURN FIRECREST
SAVOIA-MARCHETTI S.73	VARIANTSWITHTHEIROWNARTICLES	SAVOIA-MARCHETTI SM.81
VAN'S AIRCRAFT RV-10	VARIANTSWITHTHEIROWNARTICLES	VAN'S AIRCRAFT RV-14
AESL AIRTOURER	VARIANTSWITHTHEIROWNARTICLES	VICTA AIRCRUISER
BENNETT AIRTRUCK	VARIANTSWITHTHEIROWNARTICLES	TRANSAVIA PL-12 AIRTRUK
CAC WACKETT	VARIANTSWITHTHEIROWNARTICLES	KINGSFORD SMITH CROPMASTER
CAC WACKETT	VARIANTSWITHTHEIROWNARTICLES	YEOMAN CROPMASTER
GROB G 120	VARIANTSWITHTHEIROWNARTICLES	GROB G 120TP
VAN'S AIRCRAFT RV-6	VARIANTSWITHTHEIROWNARTICLES	AVIATION INDUSTRIES OF IRAN AVA-202
EMBRAER EMB 312 TUCANO	VARIANTSWITHTHEIROWNARTICLES	SHORT TUCANO
FELIXSTOWE F5L	VARIANTSWITHTHEIROWNARTICLES	NAVAL AIRCRAFT FACTORY PN
MURPHY REBEL	VARIANTSWITHTHEIROWNARTICLES	MURPHY ELITE
ZEPPELIN-STAAKEN R.VI	VARIANTSWITHTHEIROWNARTICLES	ZEPPELIN-STAAKEN R.V
ZEPPELIN-STAAKEN R.VI	VARIANTSWITHTHEIROWNARTICLES	ZEPPELIN-STAAKEN R.VII
ZEPPELIN-STAAKEN R.VI	VARIANTSWITHTHEIROWNARTICLES	ZEPPELIN-STAAKEN R.XIV
ZEPPELIN-STAAKEN R.VI	VARIANTSWITHTHEIROWNARTICLES	ZEPPELIN-STAAKEN R.XV
ZEPPELIN-STAAKEN R.VI	VARIANTSWITHTHEIROWNARTICLES	ZEPPELIN-STAAKEN R.XVI
PZL.50 JASTRZąB	VARIANTSWITHTHEIROWNARTICLES	PZL.53 JASTRZąB II
PZL.50 JASTRZąB	VARIANTSWITHTHEIROWNARTICLES	PZL.56 KANIA
EUROCOPTER EC145	VARIANTSWITHTHEIROWNARTICLES	EUROCOPTER UH-72 LAKOTA
AVRO TUTOR	VARIANTSWITHTHEIROWNARTICLES	AVRO PREFECT
AVRO TUTOR	VARIANTSWITHTHEIROWNARTICLES	PWS-18
GLOSTER GAUNTLET	VARIANTSWITHTHEIROWNARTICLES	GLOSTER GLADIATOR
ZENITH STOL CH 701	VARIANTSWITHTHEIROWNARTICLES	ZENITH STOL CH 801
LET L-23 SUPER BLANíK	VARIANTSWITHTHEIROWNARTICLES	LET L-33 SOLO
DEWOITINE D.371	VARIANTSWITHTHEIROWNARTICLES	DEWOITINE D.372
BEECHCRAFT PREMIER I	VARIANTSWITHTHEIROWNARTICLES	HAWKER 200
RYAN FIREBEE	VARIANTSWITHTHEIROWNARTICLES	RYAN MODEL 147 LIGHTNING BUG
BOEING XP-8	VARIANTSWITHTHEIROWNARTICLES	BOEING F2B
DIAMOND DA42	VARIANTSWITHTHEIROWNARTICLES	AERONAUTICS DEFENSE DOMINATOR
AGUSTAWESTLAND AW149	VARIANTSWITHTHEIROWNARTICLES	AGUSTAWESTLAND AW189
MITSUBISHI B1M	VARIANTSWITHTHEIROWNARTICLES	MITSUBISHI 2MB1
AERONCA C-2	VARIANTSWITHTHEIROWNARTICLES	AERONCA C-1 CADET
AERONCA C-2	VARIANTSWITHTHEIROWNARTICLES	AERONCA C-3
AMD ALARUS	VARIANTSWITHTHEIROWNARTICLES	ZENAIR CH 640
DOBI-I	VARIANTSWITHTHEIROWNARTICLES	DOBI-II
DOBI-I	VARIANTSWITHTHEIROWNARTICLES	DOBI-III
FAIREY JET GYRODYNE	VARIANTSWITHTHEIROWNARTICLES	FAIREY ROTODYNE
REGGIANE RE.2005	VARIANTSWITHTHEIROWNARTICLES	REGGIANE RE.2004
REGGIANE RE.2000	VARIANTSWITHTHEIROWNARTICLES	MÁVAG HéJA
REGGIANE RE.2000	VARIANTSWITHTHEIROWNARTICLES	REGGIANE RE.2001
REGGIANE RE.2000	VARIANTSWITHTHEIROWNARTICLES	REGGIANE RE.2002
REGGIANE RE.2000	VARIANTSWITHTHEIROWNARTICLES	REGGIANE RE.2003
REGGIANE RE.2000	VARIANTSWITHTHEIROWNARTICLES	REGGIANE RE.2005
REGGIANE RE.2001	VARIANTSWITHTHEIROWNARTICLES	REGGIANE RE.2005
ALBATROS D.X	VARIANTSWITHTHEIROWNARTICLES	ALBATROS DR.II
PZL.38 WILK	VARIANTSWITHTHEIROWNARTICLES	PZL.48 LAMPART
XIAN Y-7	VARIANTSWITHTHEIROWNARTICLES	XIAN MA60
SUPERMARINE SOUTHAMPTON	VARIANTSWITHTHEIROWNARTICLES	HIRO H2H
SUPERMARINE SOUTHAMPTON	VARIANTSWITHTHEIROWNARTICLES	SUPERMARINE SCAPA
AERONCA 11 CHIEF	VARIANTSWITHTHEIROWNARTICLES	HAL PUSHPAK
HANDLEY PAGE TYPE W	VARIANTSWITHTHEIROWNARTICLES	HANDLEY PAGE HYDERABAD
BOEING 747SP	VARIANTSWITHTHEIROWNARTICLES	STRATOSPHERIC OBSERVATORY FOR INFRARED ASTRONOMY
MILES AEROVAN	VARIANTSWITHTHEIROWNARTICLES	MILES M.68
LEARJET 45	VARIANTSWITHTHEIROWNARTICLES	LEARJET 40
MITSUBISHI KI-21	VARIANTSWITHTHEIROWNARTICLES	MITSUBISHI KI-57
AIRCO DH.9	VARIANTSWITHTHEIROWNARTICLES	AIRCO DH.9A
AIRCO DH.9	VARIANTSWITHTHEIROWNARTICLES	AIRCO DH.9C
AIRCO DH.9	VARIANTSWITHTHEIROWNARTICLES	WESTLAND WALRUS
SUPERMARINE S.6	VARIANTSWITHTHEIROWNARTICLES	SUPERMARINE S.6B
WESTLAND WAPITI	VARIANTSWITHTHEIROWNARTICLES	WESTLAND WALLACE
WESTLAND WAPITI	VARIANTSWITHTHEIROWNARTICLES	WESTLAND PV-3
ARGUS AS 292	VARIANTSWITHTHEIROWNARTICLES	ARGUS FERNFEUER
PERCIVAL VEGA GULL	VARIANTSWITHTHEIROWNARTICLES	PERCIVAL PROCTOR
FELIXSTOWE F.2	VARIANTSWITHTHEIROWNARTICLES	FELIXSTOWE F.3
FELIXSTOWE F.2	VARIANTSWITHTHEIROWNARTICLES	FELIXSTOWE F.5
FELIXSTOWE F.2	VARIANTSWITHTHEIROWNARTICLES	FELIXSTOWE F5L
JUNKERS JU 252	VARIANTSWITHTHEIROWNARTICLES	JUNKERS JU 352
PIPER PA-11	VARIANTSWITHTHEIROWNARTICLES	PIPER PA-18
LANCAIR PROPJET	VARIANTSWITHTHEIROWNARTICLES	LANCAIR IV
MARTIN 2-0-2	VARIANTSWITHTHEIROWNARTICLES	MARTIN 4-0-4
MD HELICOPTERS MD 500	VARIANTSWITHTHEIROWNARTICLES	MCDONNELL DOUGLAS MD 500 DEFENDER
MD HELICOPTERS MD 500	VARIANTSWITHTHEIROWNARTICLES	MD HELICOPTERS MD 600
LAVOCHKIN-GORBUNOV-GUDKOV LAGG-3	VARIANTSWITHTHEIROWNARTICLES	LAVOCHKIN LA-5
LAVOCHKIN-GORBUNOV-GUDKOV LAGG-3	VARIANTSWITHTHEIROWNARTICLES	LAVOCHKIN LA-7
SOPWITH BABY	VARIANTSWITHTHEIROWNARTICLES	FAIREY HAMBLE BABY
HARBIN Z-9	VARIANTSWITHTHEIROWNARTICLES	HARBIN Z-19
SHORT SB.1	VARIANTSWITHTHEIROWNARTICLES	SHORT SB.4 SHERPA
VOGT LO-100	VARIANTSWITHTHEIROWNARTICLES	VOGT LO-150
SCOTTISH AVIATION PIONEER	VARIANTSWITHTHEIROWNARTICLES	SCOTTISH AVIATION TWIN PIONEER
PIPER PA-12	VARIANTSWITHTHEIROWNARTICLES	PIPER PA-14
PIPER PA-12	VARIANTSWITHTHEIROWNARTICLES	BACKCOUNTRY SUPER CUBS SUPERCRUISER
BELL YOH-4	VARIANTSWITHTHEIROWNARTICLES	BELL 206
TAYLORCRAFT AUSTER	VARIANTSWITHTHEIROWNARTICLES	BEAGLE TERRIER
SHORT TYPE 184	VARIANTSWITHTHEIROWNARTICLES	MANN EGERTON TYPE B
HATZ CB-1	VARIANTSWITHTHEIROWNARTICLES	HATZ CLASSIC
HATZ CB-1	VARIANTSWITHTHEIROWNARTICLES	KELLY-D
AVRO 549 ALDERSHOT	VARIANTSWITHTHEIROWNARTICLES	AVRO ANDOVER
AIRCO DH.9A	VARIANTSWITHTHEIROWNARTICLES	WESTLAND WALRUS
AIRCO DH.9A	VARIANTSWITHTHEIROWNARTICLES	DE HAVILLAND DH.15
LANCAIR ES	VARIANTSWITHTHEIROWNARTICLES	CESSNA 400
EUROPA XS	VARIANTSWITHTHEIROWNARTICLES	LIBERTY XL2
AIRSPEED ENVOY	VARIANTSWITHTHEIROWNARTICLES	AIRSPEED VICEROY
AIRSPEED ENVOY	VARIANTSWITHTHEIROWNARTICLES	AIRSPEED OXFORD
ELBIT HERMES 450	VARIANTSWITHTHEIROWNARTICLES	WATCHKEEPER WK450
ELBIT HERMES 450	VARIANTSWITHTHEIROWNARTICLES	ELBIT HERMES 900
EUROCOPTER AS355	VARIANTSWITHTHEIROWNARTICLES	EUROCOPTER FENNEC
BEECHCRAFT SUPER KING AIR	VARIANTSWITHTHEIROWNARTICLES	BEECHCRAFT C-12 HURON
BEECHCRAFT SUPER KING AIR	VARIANTSWITHTHEIROWNARTICLES	BEECHCRAFT 1900
INTERSTATE CADET	VARIANTSWITHTHEIROWNARTICLES	ARCTIC AIRCRAFT ARCTIC TERN
QUAD CITY CHALLENGER	VARIANTSWITHTHEIROWNARTICLES	EXCALIBUR AIRCRAFT EXCALIBUR
TACHIKAWA KI-36	VARIANTSWITHTHEIROWNARTICLES	TACHIKAWA KI-55
FMA I.AE. 27 PULQUI I	VARIANTSWITHTHEIROWNARTICLES	FMA IAE 33 PULQUI II
SHORT KENT	VARIANTSWITHTHEIROWNARTICLES	SHORT SCYLLA
FELIXSTOWE F.5	VARIANTSWITHTHEIROWNARTICLES	FELIXSTOWE F5L
FELIXSTOWE F.5	VARIANTSWITHTHEIROWNARTICLES	HIRO H1H
FELIXSTOWE F.3	VARIANTSWITHTHEIROWNARTICLES	FELIXSTOWE F.5
FELIXSTOWE F.3	VARIANTSWITHTHEIROWNARTICLES	FELIXSTOWE F5L
SAAB SAFARI	VARIANTSWITHTHEIROWNARTICLES	MFI-17 MUSHSHAK
SIAI S.9	VARIANTSWITHTHEIROWNARTICLES	SIAI S.12
MALMö MFI-9	VARIANTSWITHTHEIROWNARTICLES	SAAB SAFARI
SHORT SCION	VARIANTSWITHTHEIROWNARTICLES	SHORT SCION SENIOR
ALBASTAR APIS	VARIANTSWITHTHEIROWNARTICLES	PIPISTREL APIS-BEE
ALISPORT SILENT 2 TARGA	VARIANTSWITHTHEIROWNARTICLES	ALISPORT SILENT 2 ELECTRO
HUGHES D-2	VARIANTSWITHTHEIROWNARTICLES	HUGHES XF-11
SPARTAN EXECUTIVE	VARIANTSWITHTHEIROWNARTICLES	SPARTAN 12W
VICKERS VALETTA	VARIANTSWITHTHEIROWNARTICLES	VICKERS VARSITY
205	VARIANTSWITHTHEIROWNARTICLES	BELL 212
205	VARIANTSWITHTHEIROWNARTICLES	BELL 214
BEAGLE PUP	VARIANTSWITHTHEIROWNARTICLES	SCOTTISH AVIATION BULLDOG
ATLAS	VARIANTSWITHTHEIROWNARTICLES	SM-65 ATLAS
ATLAS	VARIANTSWITHTHEIROWNARTICLES	SM-65D ATLAS
ATLAS	VARIANTSWITHTHEIROWNARTICLES	ATLAS LV-3C
ATLAS	VARIANTSWITHTHEIROWNARTICLES	ATLAS IIIA
ATLAS	VARIANTSWITHTHEIROWNARTICLES	ATLAS V
KAWASAKI P-1	VARIANTSWITHTHEIROWNARTICLES	KAWASAKI YPX
BELL UH-1N TWIN HUEY	VARIANTSWITHTHEIROWNARTICLES	BELL 212
BELL UH-1N TWIN HUEY	VARIANTSWITHTHEIROWNARTICLES	BELL UH-1Y VENOM
JODEL D.11	VARIANTSWITHTHEIROWNARTICLES	FALCONAR F11 SPORTY
PARNALL HECK	VARIANTSWITHTHEIROWNARTICLES	PARNALL 382
AERONCA CHAMPION	VARIANTSWITHTHEIROWNARTICLES	AERONCA L-16
AUSTER AUTOCRAT	VARIANTSWITHTHEIROWNARTICLES	1B AIGLET
AUSTER AUTOCRAT	VARIANTSWITHTHEIROWNARTICLES	AUSTER WORKMASTER
AUSTER AUTOCRAT	VARIANTSWITHTHEIROWNARTICLES	AUSTER AVIS
AUSTER ARROW	VARIANTSWITHTHEIROWNARTICLES	AUSTER J-4
AUSTER AIGLET TRAINER	VARIANTSWITHTHEIROWNARTICLES	AUSTER ALPINE
PZL P.6	VARIANTSWITHTHEIROWNARTICLES	PZL P.7
PITCAIRN OP	VARIANTSWITHTHEIROWNARTICLES	PITCAIRN PCA-2
AUSTER AOP.6	VARIANTSWITHTHEIROWNARTICLES	BEAGLE TERRIER
AUSTER AOP.6	VARIANTSWITHTHEIROWNARTICLES	AUSTER TUGMASTER
AISA I-11	VARIANTSWITHTHEIROWNARTICLES	AISA I-115
BLACKBURN DART	VARIANTSWITHTHEIROWNARTICLES	BLACKBURN VELOS
CESSNA 411	VARIANTSWITHTHEIROWNARTICLES	CESSNA 401
CESSNA 411	VARIANTSWITHTHEIROWNARTICLES	CESSNA 402
CESSNA 411	VARIANTSWITHTHEIROWNARTICLES	CESSNA 421
HANRIOT HD.1	VARIANTSWITHTHEIROWNARTICLES	HANRIOT HD.2
AMBROSINI SAI.207	VARIANTSWITHTHEIROWNARTICLES	AMBROSINI SAI.403
SUKHOI T-3	VARIANTSWITHTHEIROWNARTICLES	SUKHOI SU-9
ARADO AR 95	VARIANTSWITHTHEIROWNARTICLES	ARADO AR 195
ANATRA D	VARIANTSWITHTHEIROWNARTICLES	ANATRA DS
ANATRA DS	VARIANTSWITHTHEIROWNARTICLES	ANATRA ANADIS
ANBO III	VARIANTSWITHTHEIROWNARTICLES	ANBO IV
ANDERSON GREENWOOD AG-14	VARIANTSWITHTHEIROWNARTICLES	CESSNA XMC
ANDERSON GREENWOOD AG-14	VARIANTSWITHTHEIROWNARTICLES	XAZ-1 MARVELETTE
ENSTROM F-28	VARIANTSWITHTHEIROWNARTICLES	ENSTROM 480
YAKOVLEV YAK-30	VARIANTSWITHTHEIROWNARTICLES	YAKOVLEV YAK-32
FUJI KM-2	VARIANTSWITHTHEIROWNARTICLES	FUJI T-3
ASSET	VARIANTSWITHTHEIROWNARTICLES	ADVANCED GEMINI
ANTOINETTE V	VARIANTSWITHTHEIROWNARTICLES	ANTOINETTE VI
PZL.26	VARIANTSWITHTHEIROWNARTICLES	PZL.55
DOUGLAS O-2	VARIANTSWITHTHEIROWNARTICLES	DOUGLAS O-38
DOUGLAS O-2	VARIANTSWITHTHEIROWNARTICLES	DOUGLAS XA-2
DOUGLAS O-2	VARIANTSWITHTHEIROWNARTICLES	DOUGLAS M-1
AéROSPATIALE SA 360 DAUPHIN	VARIANTSWITHTHEIROWNARTICLES	EUROCOPTER DAUPHIN
MAEDA KU-1	VARIANTSWITHTHEIROWNARTICLES	MAEDA KU-7
ARMSTRONG WHITWORTH A.W.16	VARIANTSWITHTHEIROWNARTICLES	ARMSTRONG WHITWORTH SCIMITAR
WACO CG-15	VARIANTSWITHTHEIROWNARTICLES	CG-4A WACO
HUFF-DALAND TA-2	VARIANTSWITHTHEIROWNARTICLES	HUFF-DALAND TW-5
GULFSTREAM G200	VARIANTSWITHTHEIROWNARTICLES	GULFSTREAM G280
LUBLIN R-X	VARIANTSWITHTHEIROWNARTICLES	LUBLIN R-XIII
AVIA BH-33	VARIANTSWITHTHEIROWNARTICLES	PWS-A
AVRO 643 CADET	VARIANTSWITHTHEIROWNARTICLES	AVRO 638
ROTORWAY EXEC	VARIANTSWITHTHEIROWNARTICLES	ALPI SYTON AH 130
ROTORWAY EXEC	VARIANTSWITHTHEIROWNARTICLES	ROTORWAY A600 TALON
ROTORWAY EXEC	VARIANTSWITHTHEIROWNARTICLES	HILLBERG TURBINE EXEC
HARBIN Z-5	VARIANTSWITHTHEIROWNARTICLES	CHDRI Z-6
PZL.48 LAMPART	VARIANTSWITHTHEIROWNARTICLES	PZL.54 RYś
AVRO 510	VARIANTSWITHTHEIROWNARTICLES	AVRO 519
MARTIN-BAKER MB 3	VARIANTSWITHTHEIROWNARTICLES	MARTIN-BAKER MB5
HANDLEY PAGE HYDERABAD	VARIANTSWITHTHEIROWNARTICLES	HANDLEY PAGE HINAIDI
REID AND SIGRIST R.S.1	VARIANTSWITHTHEIROWNARTICLES	4
FAIREY FB-1 GYRODYNE	VARIANTSWITHTHEIROWNARTICLES	FAIREY JET GYRODYNE
PLANET SATELLITE	VARIANTSWITHTHEIROWNARTICLES	FIRTH HELICOPTER
FIRTH HELICOPTER	VARIANTSWITHTHEIROWNARTICLES	PLANET SATELLITE
CONSOLIDATED O-17 COURIER	VARIANTSWITHTHEIROWNARTICLES	CONSOLIDATED PT-3
BELLANCA CH-300	VARIANTSWITHTHEIROWNARTICLES	BELLANCA CH-400
HANNOVER CL.III	VARIANTSWITHTHEIROWNARTICLES	HANNOVER CL.II
CULVER CADET	VARIANTSWITHTHEIROWNARTICLES	PQ-14 CADET
BELLANCA 14-13	VARIANTSWITHTHEIROWNARTICLES	BELLANCA 17-30
BLACKBURN BLUEBIRD	VARIANTSWITHTHEIROWNARTICLES	BLACKBURN BLUEBIRD IV
CAPRONI CA.310	VARIANTSWITHTHEIROWNARTICLES	CAPRONI CA.313
CAPRONI CA.310	VARIANTSWITHTHEIROWNARTICLES	CAPRONI CA.311
BLACKBURN BLUEBIRD IV	VARIANTSWITHTHEIROWNARTICLES	BLACKBURN B-2
BOMBARDIER CRJ200	VARIANTSWITHTHEIROWNARTICLES	BOMBARDIER CRJ700
CONSOLIDATED PT-3	VARIANTSWITHTHEIROWNARTICLES	CONSOLIDATED NY
CONSOLIDATED PT-3	VARIANTSWITHTHEIROWNARTICLES	CONSOLIDATED O-17
NIEUPORT 24	VARIANTSWITHTHEIROWNARTICLES	NIEUPORT 27
BELLANCA 28-70	VARIANTSWITHTHEIROWNARTICLES	BELLANCA 28-90 FLASH
FAIRCHILD AT-21 GUNNER	VARIANTSWITHTHEIROWNARTICLES	FAIRCHILD BQ-3
EUROCOPTER EC225 SUPER PUMA	VARIANTSWITHTHEIROWNARTICLES	EUROCOPTER EC725
BLéRIOT-SPAD S.33	VARIANTSWITHTHEIROWNARTICLES	BLéRIOT-SPAD S.46
EUROCOPTER EC725	VARIANTSWITHTHEIROWNARTICLES	EUROCOPTER EC225
CESSNA EC-1	VARIANTSWITHTHEIROWNARTICLES	CESSNA EC-2
CESSNA EC-2	VARIANTSWITHTHEIROWNARTICLES	CESSNA EC-1
CESSNA CW-6	VARIANTSWITHTHEIROWNARTICLES	CESSNA DC-6
WACO CG-4	VARIANTSWITHTHEIROWNARTICLES	WACO CG-15
FOKKER V.1	VARIANTSWITHTHEIROWNARTICLES	FOKKER V.2
FOKKER M.7	VARIANTSWITHTHEIROWNARTICLES	FOKKER M.10
SHORT RANGOON	VARIANTSWITHTHEIROWNARTICLES	KAWANISHI H3K
CONSOLIDATED NY	VARIANTSWITHTHEIROWNARTICLES	CONSOLIDATED PT-3
BRISTOL COANDA MONOPLANES	VARIANTSWITHTHEIROWNARTICLES	BRISTOL TB.8
FOUND FBA-1	VARIANTSWITHTHEIROWNARTICLES	FOUND FBA-2
FOUND FBA-2	VARIANTSWITHTHEIROWNARTICLES	FOUND CENTENNIAL
YAKOVLEV YAK-50	VARIANTSWITHTHEIROWNARTICLES	YAKOVLEV YAK-52
EKW C-36	VARIANTSWITHTHEIROWNARTICLES	F+W C-3605
JODEL D9	VARIANTSWITHTHEIROWNARTICLES	FALCONAR F9A
DEWOITINE D.332	VARIANTSWITHTHEIROWNARTICLES	DEWOITINE D.338
LAVOCHKIN-GORBUNOV-GUDKOV LAGG-1	VARIANTSWITHTHEIROWNARTICLES	LAVOCHKIN-GORBUNOV-GUDKOV LAGG-3
LAVOCHKIN-GORBUNOV-GUDKOV LAGG-1	VARIANTSWITHTHEIROWNARTICLES	LAVOCHKIN LA-5
LAVOCHKIN-GORBUNOV-GUDKOV LAGG-1	VARIANTSWITHTHEIROWNARTICLES	LAVOCHKIN LA-7
LIBIS KB-6	VARIANTSWITHTHEIROWNARTICLES	LIBIS KB-11
POLIKARPOV R-5	VARIANTSWITHTHEIROWNARTICLES	POLIKARPOV R-Z
CESSNA 350 CORVALIS	VARIANTSWITHTHEIROWNARTICLES	CESSNA 400
SIAI-MARCHETTI S.205	VARIANTSWITHTHEIROWNARTICLES	SIAI-MARCHETTI S.210
VICKERS VIXEN	VARIANTSWITHTHEIROWNARTICLES	VICKERS VENTURE
VICKERS VIXEN	VARIANTSWITHTHEIROWNARTICLES	VICKERS VALPARAISO
REGGIANE RE.2002	VARIANTSWITHTHEIROWNARTICLES	REGGIANE RE.2003
CAMS 30E	VARIANTSWITHTHEIROWNARTICLES	CAMS 46ET
GLOSTER SPARROWHAWK	VARIANTSWITHTHEIROWNARTICLES	GLOSTER GROUSE
JUNKERS W 33	VARIANTSWITHTHEIROWNARTICLES	JUNKERS W 34
TUPOLEV ANT-25	VARIANTSWITHTHEIROWNARTICLES	TUPOLEV DB-1
RUMPLER C.IV	VARIANTSWITHTHEIROWNARTICLES	RUMPLER 6B
RUMPLER C.I	VARIANTSWITHTHEIROWNARTICLES	RUMPLER 6B
CURTISS MODEL H	VARIANTSWITHTHEIROWNARTICLES	FELIXSTOWE F.1
CURTISS MODEL H	VARIANTSWITHTHEIROWNARTICLES	FELIXSTOWE F.2
IKARUS C42	VARIANTSWITHTHEIROWNARTICLES	IKARUS C52
SAVOIA-MARCHETTI SM.88	VARIANTSWITHTHEIROWNARTICLES	*SAVOIA-MARCHETTI SM.91\N*SAVOIA-MARCHETTI SM.92
ILYUSHIN IL-12	VARIANTSWITHTHEIROWNARTICLES	ILYUSHIN IL-14
DEWOITINE D.372	VARIANTSWITHTHEIROWNARTICLES	DEWOITINE D.371
MOLLER M200G VOLANTOR	VARIANTSWITHTHEIROWNARTICLES	MOLLER M400 SKYCAR
POTEZ 62	VARIANTSWITHTHEIROWNARTICLES	POTEZ 650
SWEARINGEN MERLIN	VARIANTSWITHTHEIROWNARTICLES	FAIRCHILD SWEARINGEN METROLINER
SWEARINGEN MERLIN	VARIANTSWITHTHEIROWNARTICLES	C-26 METROLINER
MILES HAWK	VARIANTSWITHTHEIROWNARTICLES	MILES HAWK MAJOR
MILES M.2 HAWK TRAINER	VARIANTSWITHTHEIROWNARTICLES	MILES MAGISTER
NORTHROP BETA	VARIANTSWITHTHEIROWNARTICLES	NORTHROP ALPHA
NORTHROP BETA	VARIANTSWITHTHEIROWNARTICLES	NORTHROP GAMMA
CAPRONI VIZZOLA F.5	VARIANTSWITHTHEIROWNARTICLES	CAPRONI VIZZOLA F.4
MILES SPARROWHAWK	VARIANTSWITHTHEIROWNARTICLES	MILES SPARROWJET
MILES NIGHTHAWK	VARIANTSWITHTHEIROWNARTICLES	MILES MENTOR
NORMAN THOMPSON N.T.4	VARIANTSWITHTHEIROWNARTICLES	GOSPORT MAIL
SUPERMARINE SWAN	VARIANTSWITHTHEIROWNARTICLES	SUPERMARINE SOUTHAMPTON
ISSOIRE APM 20 LIONCEAU	VARIANTSWITHTHEIROWNARTICLES	APM 30 LION
ISSOIRE APM 20 LIONCEAU	VARIANTSWITHTHEIROWNARTICLES	APM 40 SIMBA
FFA AS-202 BRAVO	VARIANTSWITHTHEIROWNARTICLES	FFT EUROTRAINER 2000
NAVAL AIRCRAFT FACTORY PN	VARIANTSWITHTHEIROWNARTICLES	HALL PH
LOCKHEED XF-104	VARIANTSWITHTHEIROWNARTICLES	LOCKHEED F-104 STARFIGHTER
LOCKHEED XF-104	VARIANTSWITHTHEIROWNARTICLES	LOCKHEED NF-104A
LOCKHEED XF-104	VARIANTSWITHTHEIROWNARTICLES	CANADAIR CF-104
LOCKHEED XF-104	VARIANTSWITHTHEIROWNARTICLES	AERITALIA F-104S
LOCKHEED XF-104	VARIANTSWITHTHEIROWNARTICLES	LOCKHEED CL-1200
ULTRAFLIGHT LAZAIR	VARIANTSWITHTHEIROWNARTICLES	BLUE YONDER EZ FUN FLYER
TUPOLEV ANT-3	VARIANTSWITHTHEIROWNARTICLES	TUPOLEV ANT-10
FOUGA CM.8	VARIANTSWITHTHEIROWNARTICLES	FOUGA CM.88
STINSON VOYAGER	VARIANTSWITHTHEIROWNARTICLES	L-5 SENTINEL
STINSON VOYAGER	VARIANTSWITHTHEIROWNARTICLES	STINSON 108
SALMSON CRICRI	VARIANTSWITHTHEIROWNARTICLES	CFA D.7 CRICRI MAJOR
SHARP NEMESIS NXT	VARIANTSWITHTHEIROWNARTICLES	SHARP NEMESIS
COLONIAL SKIMMER	VARIANTSWITHTHEIROWNARTICLES	LAKE BUCCANEER
BOEING 747 HULL LOSSES	VARIANTSWITHTHEIROWNARTICLES	BOEING 747SP
BOEING 747 HULL LOSSES	VARIANTSWITHTHEIROWNARTICLES	BOEING 747-400
BOEING 747 HULL LOSSES	VARIANTSWITHTHEIROWNARTICLES	BOEING 747-8
BOEING 747 HULL LOSSES	VARIANTSWITHTHEIROWNARTICLES	BOEING VC-25
BOEING 747 HULL LOSSES	VARIANTSWITHTHEIROWNARTICLES	BOEING E-4
DEWOITINE D.33	VARIANTSWITHTHEIROWNARTICLES	DEWOITINE D.332
DEWOITINE D.33	VARIANTSWITHTHEIROWNARTICLES	DEWOITINE D.333
DEWOITINE D.33	VARIANTSWITHTHEIROWNARTICLES	DEWOITINE D.338
DORNIER LIBELLE	VARIANTSWITHTHEIROWNARTICLES	DORNIER SPATZ
CURTISS FLEDGLING	VARIANTSWITHTHEIROWNARTICLES	CURTISS LARK
CURTISS FLEDGLING	VARIANTSWITHTHEIROWNARTICLES	CURTISS CARRIER PIGEON
HARLOW PJC-2	VARIANTSWITHTHEIROWNARTICLES	HARLOW PC-5
PIPER PA-8	VARIANTSWITHTHEIROWNARTICLES	CARLSON SKYCYCLE
TAYLOR J-2	VARIANTSWITHTHEIROWNARTICLES	PIPER J-3
CHOTIA WEEDHOPPER	VARIANTSWITHTHEIROWNARTICLES	CHOTIA WOODHOPPER
CHOTIA WEEDHOPPER	VARIANTSWITHTHEIROWNARTICLES	CYCLONE AX2000
CHOTIA WEEDHOPPER	VARIANTSWITHTHEIROWNARTICLES	FLYLAB TUCANO
CHOTIA WEEDHOPPER	VARIANTSWITHTHEIROWNARTICLES	RAJ HAMSA X-AIR
MRáZ SKAUT	VARIANTSWITHTHEIROWNARTICLES	KUBICEK M-2 SCOUT
CURTISS XP-22 HAWK	VARIANTSWITHTHEIROWNARTICLES	CURTISS P-6 HAWK
VELIE MONOCOUPE	VARIANTSWITHTHEIROWNARTICLES	MONOCOUPE 90
PIAGGIO P.148	VARIANTSWITHTHEIROWNARTICLES	PIAGGIO P.149
DAYTON-WRIGHT RACER	VARIANTSWITHTHEIROWNARTICLES	DAYTON-WRIGHT XPS-1
NIEUPORT NIGHTHAWK	VARIANTSWITHTHEIROWNARTICLES	NIEUPORT NIGHTJAR
NIEUPORT NIGHTHAWK	VARIANTSWITHTHEIROWNARTICLES	GLOSTER SPARROWHAWK
DUNNE D.5	VARIANTSWITHTHEIROWNARTICLES	DUNNE D.8
SIKORSKY S-434	VARIANTSWITHTHEIROWNARTICLES	MQ-8 FIRE SCOUT
HANSA-BRANDENBURG D.I	VARIANTSWITHTHEIROWNARTICLES	HANSA-BRANDENBURG KDW
HANSA-BRANDENBURG D.I	VARIANTSWITHTHEIROWNARTICLES	PHöNIX D.I
NESMITH COUGAR	VARIANTSWITHTHEIROWNARTICLES	EAVES COUGAR 1
SUPERMARINE SPITFIRE	VARIANTSWITHTHEIROWNARTICLES	SUPERMARINE SEAFIRE
SUPERMARINE SPITFIRE	VARIANTSWITHTHEIROWNARTICLES	SUPERMARINE SPITEFUL
SUPERMARINE BABY	VARIANTSWITHTHEIROWNARTICLES	SUPERMARINE SEA KING
SUPERMARINE BABY	VARIANTSWITHTHEIROWNARTICLES	SUPERMARINE SEA LION I
FAIRCHILD SUPER 71	VARIANTSWITHTHEIROWNARTICLES	FAIRCHILD 71
FALCONAR AMF-S14 SUPER MARANDA	VARIANTSWITHTHEIROWNARTICLES	FALCONAR AMF-14H MARANDA
GENERAL AIRCRAFT MONOSPAR	VARIANTSWITHTHEIROWNARTICLES	MONOSPAR ST-25
KOKUSAI KI-59	VARIANTSWITHTHEIROWNARTICLES	KOKUSAI KU-8
LAKE BUCCANEER	VARIANTSWITHTHEIROWNARTICLES	LAKE RENEGADE
MARTIN T3M	VARIANTSWITHTHEIROWNARTICLES	MARTIN T4M
NARDI FN.305	VARIANTSWITHTHEIROWNARTICLES	NARDI FN.315
NARDI FN.305	VARIANTSWITHTHEIROWNARTICLES	NARDI FN.316
ROYAL AIRCRAFT FACTORY R.E.5	VARIANTSWITHTHEIROWNARTICLES	ROYAL AIRCRAFT FACTORY R.E.7
FOKKER F.II	VARIANTSWITHTHEIROWNARTICLES	FOKKER F.III
FOKKER SUPER UNIVERSAL	VARIANTSWITHTHEIROWNARTICLES	NAKAJIMA KI-6
WINDECKER EAGLE	VARIANTSWITHTHEIROWNARTICLES	WINDECKER YE-5
CESSNA CITATION I	VARIANTSWITHTHEIROWNARTICLES	CESSNA CITATION II
CESSNA CITATION V	VARIANTSWITHTHEIROWNARTICLES	CESSNA CITATION EXCEL
VULCANAIR CANGURO	VARIANTSWITHTHEIROWNARTICLES	SIAI-MARCHETTI S.700
KELLETT KD-1	VARIANTSWITHTHEIROWNARTICLES	KAYABA KA-1
MAULE M-4	VARIANTSWITHTHEIROWNARTICLES	MAULE M-5
SAVOIA-MARCHETTI S.56	VARIANTSWITHTHEIROWNARTICLES	BUDD BB-1 PIONEER
SCHWEIZER SGM 2-37	VARIANTSWITHTHEIROWNARTICLES	RU-38 TWIN CONDOR
HOVEY WHING DING	VARIANTSWITHTHEIROWNARTICLES	HOVEY DELTA BIRD
ICA IS-28	VARIANTSWITHTHEIROWNARTICLES	IAR-46
AEROPRAKT A-22 FOXBAT	VARIANTSWITHTHEIROWNARTICLES	AEROPRAKT A-32 VIXXEN
SIKORSKY S-52	VARIANTSWITHTHEIROWNARTICLES	SIKORSKY XH-39
SIKORSKY S-52	VARIANTSWITHTHEIROWNARTICLES	VERTICAL HUMMINGBIRD
JURCA GNATSUM	VARIANTSWITHTHEIROWNARTICLES	FALCONAR SAL MUSTANG
RWD 16	VARIANTSWITHTHEIROWNARTICLES	RWD-21
SCHWEIZER SGS 1-34	VARIANTSWITHTHEIROWNARTICLES	MARTIN MARIETTA MODEL 845
BOEING 737 NEXT GENERATION	VARIANTSWITHTHEIROWNARTICLES	BOEING BUSINESS JET
BOEING 737 NEXT GENERATION	VARIANTSWITHTHEIROWNARTICLES	BOEING 737 AEW&C
BOEING 737 NEXT GENERATION	VARIANTSWITHTHEIROWNARTICLES	BOEING C-40 CLIPPER
BOEING 737 NEXT GENERATION	VARIANTSWITHTHEIROWNARTICLES	BOEING P-8 POSEIDON
HANDLEY PAGE HANLEY	VARIANTSWITHTHEIROWNARTICLES	HANDLEY PAGE HENDON
COASTAL CLASS AIRSHIP	VARIANTSWITHTHEIROWNARTICLES	C STAR CLASS AIRSHIP
SCHREDER HP-14	VARIANTSWITHTHEIROWNARTICLES	* PREISS RHJ-7\N* PREISS RHJ-8\N* PREISS RHJ-9\N* BIKLE T-6
EULER D.I	VARIANTSWITHTHEIROWNARTICLES	EULER D.II
HEINKEL HE 49	VARIANTSWITHTHEIROWNARTICLES	HEINKEL HE 51
SCHüTTE-LANZ D.II	VARIANTSWITHTHEIROWNARTICLES	SCHüTTE-LANZ D.I
HUMMEL BIRD	VARIANTSWITHTHEIROWNARTICLES	HUMMEL H5
HUMMEL BIRD	VARIANTSWITHTHEIROWNARTICLES	HUMMEL ULTRACRUISER
SUPERMARINE SPITFIRE VARIANTS: SPECIFICATIONS, PERFORMANCE AND ARMAMENT	VARIANTSWITHTHEIROWNARTICLES	SUPERMARINE SEAFIRE
SUPERMARINE SPITFIRE VARIANTS: SPECIFICATIONS, PERFORMANCE AND ARMAMENT	VARIANTSWITHTHEIROWNARTICLES	SUPERMARINE SPITEFUL
GENERAL DYNAMICS F-16 FIGHTING FALCON VARIANTS	VARIANTSWITHTHEIROWNARTICLES	GENERAL DYNAMICS F-16 VISTA
MCDONNELL DOUGLAS AV-8B HARRIER II	VARIANTSWITHTHEIROWNARTICLES	BRITISH AEROSPACE HARRIER II
PETLYAKOV VI-100	VARIANTSWITHTHEIROWNARTICLES	PETLYAKOV PE-2
GLOSTER GROUSE	VARIANTSWITHTHEIROWNARTICLES	GLOSTER GREBE
MORANE-SAULNIER AF	VARIANTSWITHTHEIROWNARTICLES	MORANE-SAULNIER AI
LAISTER-KAUFFMAN TG-4	VARIANTSWITHTHEIROWNARTICLES	NOBEL BN-1 PHANTOM
TUPOLEV ANT-16	VARIANTSWITHTHEIROWNARTICLES	TUPOLEV ANT-20
SLINGSBY KIRBY CADET	VARIANTSWITHTHEIROWNARTICLES	CADET UT-1
MONNETT MONI	VARIANTSWITHTHEIROWNARTICLES	ELECTRIC AIRCRAFT CORPORATION ELECTRAFLYER-C
LOHNER B.I	VARIANTSWITHTHEIROWNARTICLES	B.II AND B.VII
LUSCOMBE 4	VARIANTSWITHTHEIROWNARTICLES	LUSCOMBE PHANTOM
MARTIN T	VARIANTSWITHTHEIROWNARTICLES	MARTIN S
MORANE-SAULNIER H	VARIANTSWITHTHEIROWNARTICLES	MORANE-SAULNIER L
SHARP NEMESIS	VARIANTSWITHTHEIROWNARTICLES	SHARP NEMESIS NXT
SLINGSBY SKYLARK 2	VARIANTSWITHTHEIROWNARTICLES	SLINGSBY SKYLARK 3
SLINGSBY SKYLARK 2	VARIANTSWITHTHEIROWNARTICLES	SLINGSBY SKYLARK 4
SLINGSBY SKYLARK	VARIANTSWITHTHEIROWNARTICLES	SLINGSBY T.41 SKYLARK 2
SLINGSBY SKYLARK	VARIANTSWITHTHEIROWNARTICLES	SLINGSBY SKYLARK 3
SLINGSBY SKYLARK	VARIANTSWITHTHEIROWNARTICLES	SLINGSBY SKYLARK 4
NIEUPORT-DELAGE NID 42	VARIANTSWITHTHEIROWNARTICLES	NIEUPORT-DELAGE NID 52
NIEUPORT-DELAGE NID 42	VARIANTSWITHTHEIROWNARTICLES	NIEUPORT-DELAGE NID 62
SOCATA HORIZON	VARIANTSWITHTHEIROWNARTICLES	SOCATA ST 10
BELL H-13 SIOUX	VARIANTSWITHTHEIROWNARTICLES	BELL 47J RANGER
BELL H-13 SIOUX	VARIANTSWITHTHEIROWNARTICLES	BELL 201
STINSON DETROITER	VARIANTSWITHTHEIROWNARTICLES	STINSON JUNIOR
PWS-16	VARIANTSWITHTHEIROWNARTICLES	PWS-26
WIBAULT 7	VARIANTSWITHTHEIROWNARTICLES	VICKERS WIBAULT
BRIEGLEB BG-6	VARIANTSWITHTHEIROWNARTICLES	BRIEGLEB BG-7
BLUE YONDER EZ FLYER	VARIANTSWITHTHEIROWNARTICLES	BLUE YONDER TWIN ENGINE EZ FLYER
BLUE YONDER EZ KING COBRA	VARIANTSWITHTHEIROWNARTICLES	BLUE YONDER EZ HARVARD
REVOLUTION MINI-500	VARIANTSWITHTHEIROWNARTICLES	MILLENNIUM MH-1
MOSS M.A.2	VARIANTSWITHTHEIROWNARTICLES	MOSS M.A.1
MOSS M.A.1	VARIANTSWITHTHEIROWNARTICLES	MOSS M.A.2
SS CLASS AIRSHIP	VARIANTSWITHTHEIROWNARTICLES	SSP, SSZ AND SST CLASS
PARKER JEANIE'S TEENIE	VARIANTSWITHTHEIROWNARTICLES	PARKER TEENIE TWO
SLINGSBY KIRBY TUTOR	VARIANTSWITHTHEIROWNARTICLES	SLINGSBY T.29 MOTOR TUTOR
GRIGOROVICH I-1	VARIANTSWITHTHEIROWNARTICLES	GRIGOROVICH I-2
VERVILLE VCP	VARIANTSWITHTHEIROWNARTICLES	VERVILLE-PACKARD R-1 RACER
MONOCOUPE 110 SPECIAL	VARIANTSWITHTHEIROWNARTICLES	MONOCOUPE 90
ALEKSEYEV I-21	VARIANTSWITHTHEIROWNARTICLES	ALEKSEYEV I-212
VICKERS JOCKEY	VARIANTSWITHTHEIROWNARTICLES	VICKERS VENOM
YAKOVLEV YAK-32	VARIANTSWITHTHEIROWNARTICLES	YAKOVLEV YAK-30
HUFF-DALAND XHB-1	VARIANTSWITHTHEIROWNARTICLES	HUFF-DALAND XB-1
SARO P.531	VARIANTSWITHTHEIROWNARTICLES	WESTLAND SCOUT
SARO P.531	VARIANTSWITHTHEIROWNARTICLES	WESTLAND WASP
SUPERMARINE SPITFIRE	VARIANTSWITHTHEIROWNARTICLES	SUPERMARINE SEAFIRE
SUPERMARINE SPITFIRE	VARIANTSWITHTHEIROWNARTICLES	SUPERMARINE SPITEFUL
SUPERMARINE SPITFIRE	VARIANTSWITHTHEIROWNARTICLES	SUPERMARINE SEAFANG
FUJI LM-1 NIKKO	VARIANTSWITHTHEIROWNARTICLES	FUJI KM-2
FUJI LM-1 NIKKO	VARIANTSWITHTHEIROWNARTICLES	RTAF-2
BARTINI STAL-7	VARIANTSWITHTHEIROWNARTICLES	YERMOLAEV DB-240
BARTINI STAL-7	VARIANTSWITHTHEIROWNARTICLES	YERMOLAYEV YER-2
BARTINI STAL-7	VARIANTSWITHTHEIROWNARTICLES	YERMOLAYEV YER-4
OKB-1 EF 131	VARIANTSWITHTHEIROWNARTICLES	AIRCRAFT 140
PUTILOV STAL-2	VARIANTSWITHTHEIROWNARTICLES	STAL-3
EPIC LT DYNASTY	VARIANTSWITHTHEIROWNARTICLES	CAIGA PRIMUS 150
EPIC LT DYNASTY	VARIANTSWITHTHEIROWNARTICLES	EPIC E1000
AKAFLIEG MüNCHEN Mü13	VARIANTSWITHTHEIROWNARTICLES	SCHEIBE BERGFALKE
CHYETVERIKOV MDR-3	VARIANTSWITHTHEIROWNARTICLES	TUPOLEV MTB-1
BROWN B-1 RACER	VARIANTSWITHTHEIROWNARTICLES	BROWN B-2 RACER
BROWN B-1 RACER	VARIANTSWITHTHEIROWNARTICLES	BROWN B-3
MILES KESTREL	VARIANTSWITHTHEIROWNARTICLES	MILES MASTER
AERO-WORKS AEROLITE 103	VARIANTSWITHTHEIROWNARTICLES	WINGS OF FREEDOM PHOENIX 103
SZD-8 JASKółKA	VARIANTSWITHTHEIROWNARTICLES	SZD-14X JASKółKA M
SZD-8 JASKółKA	VARIANTSWITHTHEIROWNARTICLES	SZD-17X JASKółKA L
SZD-12 MUCHA 100	VARIANTSWITHTHEIROWNARTICLES	PZL BIELSKO SZD-22
SHORT CROMARTY	VARIANTSWITHTHEIROWNARTICLES	SHORT SINGAPORE
HANDLEY PAGE H.P.43	VARIANTSWITHTHEIROWNARTICLES	HANDLEY PAGE H.P.51
HANDLEY PAGE H.P.51	VARIANTSWITHTHEIROWNARTICLES	HANDLEY PAGE H.P.54 HARROW
SPECTRUM BEAVER	VARIANTSWITHTHEIROWNARTICLES	FREEDOM LITE SS-11 SKYWATCH
SOPWITH ATLANTIC	VARIANTSWITHTHEIROWNARTICLES	SOPWITH WALLABY
ROYAL AIRCRAFT FACTORY N.E.1	VARIANTSWITHTHEIROWNARTICLES	ROYAL AIRCRAFT FACTORY A.E.3
SZD-38 JANTAR 1	VARIANTSWITHTHEIROWNARTICLES	SZD DESIGNS:-\N*SZD-41 JANTAR STANDARD\N*SZD-42 JANTAR 2/2B\N*SZD-48 JANTAR STANDARD 2 AND 3\N*SZD-49 JANTAR K\N*SZD-52 JANTAR 15 KROKUS
SZD-41 JANTAR STANDARD	VARIANTSWITHTHEIROWNARTICLES	3
3	VARIANTSWITHTHEIROWNARTICLES	PZL BIELSKO SZD-49
SLINGSBY FALCON	VARIANTSWITHTHEIROWNARTICLES	SLINGSBY T.4 FALCON 3
DAIMLER L11	VARIANTSWITHTHEIROWNARTICLES	DAIMLER L14
LOCKWOOD DRIFTER	VARIANTSWITHTHEIROWNARTICLES	LOCKWOOD AIRCAM
LOCKWOOD DRIFTER	VARIANTSWITHTHEIROWNARTICLES	SPORT FLIGHT TALON
LOCKWOOD DRIFTER	VARIANTSWITHTHEIROWNARTICLES	ADVANCED AVIATION EXPLORER
LATéCOèRE 4	VARIANTSWITHTHEIROWNARTICLES	LATéCOèRE 5
LATéCOèRE 23	VARIANTSWITHTHEIROWNARTICLES	LATéCOèRE 32
IS-2 MUCHA	VARIANTSWITHTHEIROWNARTICLES	-\N* SZD-12 MUCHA 100\N* SZD-22 MUCHA STANDARD
FREEBIRD II	VARIANTSWITHTHEIROWNARTICLES	FREEBIRD I
POLIKARPOV VIT-1	VARIANTSWITHTHEIROWNARTICLES	POLIKARPOV VIT-2
MINI-MAX	VARIANTSWITHTHEIROWNARTICLES	JDT HI-MAX
STEEN SKYBOLT	VARIANTSWITHTHEIROWNARTICLES	STARFIRE FIREBOLT
VICTA AIRCRUISER	VARIANTSWITHTHEIROWNARTICLES	4
UTVA-60	VARIANTSWITHTHEIROWNARTICLES	UTVA 65
UTVA-60	VARIANTSWITHTHEIROWNARTICLES	UTVA 66
BELL 30	VARIANTSWITHTHEIROWNARTICLES	BELL 47
PROJECT Z	VARIANTSWITHTHEIROWNARTICLES	NAKAJIMA G10N, KAWASAKI KI-91, AND NAKAJIMA G5N
GENERAL DYNAMICS F-111C	VARIANTSWITHTHEIROWNARTICLES	GENERAL DYNAMICS F-111K
AEROMOT AMT-100 XIMANGO	VARIANTSWITHTHEIROWNARTICLES	AEROMOT AMT-200 SUPER XIMANGO
FELIXSTOWE F.1	VARIANTSWITHTHEIROWNARTICLES	FELIXSTOWE F.2
ROBIN DR.200	VARIANTSWITHTHEIROWNARTICLES	ROBIN DR300
ROTORSPORT UK MT-03	VARIANTSWITHTHEIROWNARTICLES	BAE AMPERSAND
BERNARD SIMB AB 14	VARIANTSWITHTHEIROWNARTICLES	BERNARD SIMB AB 15
CAPRONI CA.70	VARIANTSWITHTHEIROWNARTICLES	CAPRONI CA.71
CAPRONI CA.71	VARIANTSWITHTHEIROWNARTICLES	CAPRONI CA.70
CAPRONI VIZZOLA F.4	VARIANTSWITHTHEIROWNARTICLES	CAPRONI VIZZOLA F.5
WITTMAN BUTTERCUP	VARIANTSWITHTHEIROWNARTICLES	WITTMAN TAILWIND
BRATUKHIN B-5	VARIANTSWITHTHEIROWNARTICLES	BRATUKHIN B-11
DFS KRANICH	VARIANTSWITHTHEIROWNARTICLES	SZD-C ŻURAW
FOURNIER RF-10	VARIANTSWITHTHEIROWNARTICLES	AEROMOT AMT-100 XIMANGO
MORANE-SAULNIER MS.560	VARIANTSWITHTHEIROWNARTICLES	MORANE-SAULNIER MS.570
KHRUNICHEV T-411 AIST	VARIANTSWITHTHEIROWNARTICLES	WASHINGTON T-411 WOLVERINE
POTEZ X	VARIANTSWITHTHEIROWNARTICLES	* POTEZ XVIII\N* POTEZ XXII
MACCHI M.41	VARIANTSWITHTHEIROWNARTICLES	MACCHI M.71
SUPERMARINE SPITFIRE	VARIANTSWITHTHEIROWNARTICLES	*
SUPERMARINE SPITFIRE	VARIANTSWITHTHEIROWNARTICLES	SUPERMARINE SEAFIRE
SUPERMARINE SPITFIRE	VARIANTSWITHTHEIROWNARTICLES	SUPERMARINE SPITEFUL
MACCHI M.71	VARIANTSWITHTHEIROWNARTICLES	MACCHI M.41
MACCHI M.6	VARIANTSWITHTHEIROWNARTICLES	MACCHI M.5
LUCAS L6	VARIANTSWITHTHEIROWNARTICLES	LUCAS L6A
LUCAS L6	VARIANTSWITHTHEIROWNARTICLES	LUCAS L6B
SWALLOW NEW SWALLOW	VARIANTSWITHTHEIROWNARTICLES	SWALLOW TP
ZENAIR CH 300	VARIANTSWITHTHEIROWNARTICLES	AMD ALARUS
STITS PLAYBOY	VARIANTSWITHTHEIROWNARTICLES	VAN'S AIRCRAFT RV-3
BRITISH AEROSPACE JETSTREAM	VARIANTSWITHTHEIROWNARTICLES	BRITISH AEROSPACE JETSTREAM 41
AVICOPTER AC313	VARIANTSWITHTHEIROWNARTICLES	CHANGHE Z-18
DASSAULT MIRAGE F2	VARIANTSWITHTHEIROWNARTICLES	DASSAULT MIRAGE G
BAUMANN BRIGADIER	VARIANTSWITHTHEIROWNARTICLES	CUSTER CCW-5
TECNAM P2006T	VARIANTSWITHTHEIROWNARTICLES	TECNAM MMA
NIEUPORT IV	VARIANTSWITHTHEIROWNARTICLES	NIEUPORT VI
SORRELL HIPERBIPE	VARIANTSWITHTHEIROWNARTICLES	SORRELL HIPERLIGHT
PRECEPTOR N3 PUP	VARIANTSWITHTHEIROWNARTICLES	PRECEPTOR STINGER
PRECEPTOR N3 PUP	VARIANTSWITHTHEIROWNARTICLES	LITTLE WING ROTO-PUP
KOLB FIRESTAR	VARIANTSWITHTHEIROWNARTICLES	KOLB FIREFLY
KOLB FIRESTAR	VARIANTSWITHTHEIROWNARTICLES	VOL XERPA ULM PULSAR
KOLB MARK III	VARIANTSWITHTHEIROWNARTICLES	PRECISION TECH FERGY
CONVAIR MODEL 116	VARIANTSWITHTHEIROWNARTICLES	CONVAIR MODEL 118
ZEPPELIN-STAAKEN R.XVI	VARIANTSWITHTHEIROWNARTICLES	ZEPPELIN-STAAKEN RIESENFLUGZEUGE
ZEPPELIN-STAAKEN R.XIV	VARIANTSWITHTHEIROWNARTICLES	ZEPPELIN-STAAKEN R.V
ZEPPELIN-STAAKEN R.XIV	VARIANTSWITHTHEIROWNARTICLES	ZEPPELIN-STAAKEN R.VI
ZEPPELIN-STAAKEN R.XIV	VARIANTSWITHTHEIROWNARTICLES	ZEPPELIN-STAAKEN R.VII
ZEPPELIN-STAAKEN R.XIV	VARIANTSWITHTHEIROWNARTICLES	ZEPPELIN-STAAKEN R.XV
ZEPPELIN-STAAKEN R.XIV	VARIANTSWITHTHEIROWNARTICLES	ZEPPELIN-STAAKEN R.XVI
ZEPPELIN-STAAKEN R.XIV	VARIANTSWITHTHEIROWNARTICLES	ZEPPELIN-STAAKEN RIESENFLUGZEUGE
ZEPPELIN-STAAKEN R.V	VARIANTSWITHTHEIROWNARTICLES	ZEPPELIN-STAAKEN R.VII
ZEPPELIN-STAAKEN R.V	VARIANTSWITHTHEIROWNARTICLES	ZEPPELIN-STAAKEN R.XIV
ZEPPELIN-STAAKEN R.V	VARIANTSWITHTHEIROWNARTICLES	ZEPPELIN-STAAKEN R.XV
ZEPPELIN-STAAKEN R.V	VARIANTSWITHTHEIROWNARTICLES	ZEPPELIN-STAAKEN R.XVI
WAGNER AEROCAR	VARIANTSWITHTHEIROWNARTICLES	HTM SKYTRAC
CURTISS CARRIER PIGEON	VARIANTSWITHTHEIROWNARTICLES	CURTISS LARK
ZEPPELIN-STAAKEN RIESENFLUGZEUGE	VARIANTSWITHTHEIROWNARTICLES	ZEPPELIN-STAAKEN R.V
ZEPPELIN-STAAKEN RIESENFLUGZEUGE	VARIANTSWITHTHEIROWNARTICLES	ZEPPELIN-STAAKEN R.VI
ZEPPELIN-STAAKEN RIESENFLUGZEUGE	VARIANTSWITHTHEIROWNARTICLES	ZEPPELIN-STAAKEN R.VII
ZEPPELIN-STAAKEN RIESENFLUGZEUGE	VARIANTSWITHTHEIROWNARTICLES	ZEPPELIN-STAAKEN R.XIV
ZEPPELIN-STAAKEN RIESENFLUGZEUGE	VARIANTSWITHTHEIROWNARTICLES	ZEPPELIN-STAAKEN R.XV
ZEPPELIN-STAAKEN RIESENFLUGZEUGE	VARIANTSWITHTHEIROWNARTICLES	ZEPPELIN-STAAKEN R.XVI
ZEPPELIN-STAAKEN RIESENFLUGZEUGE	VARIANTSWITHTHEIROWNARTICLES	ZEPPELIN RIESENFLUGZEUGE
JUNKERS J 15	VARIANTSWITHTHEIROWNARTICLES	JUNKERS J 16
AMERIPLANES MITCHELL WING A-10	VARIANTSWITHTHEIROWNARTICLES	MITCHELL U-2 SUPERWING
DYN'AéRO MCR01	VARIANTSWITHTHEIROWNARTICLES	DYN'AéRO MCR4S
WHEELER EXPRESS	VARIANTSWITHTHEIROWNARTICLES	EXPRESS SERIES 90
ICA IS-23	VARIANTSWITHTHEIROWNARTICLES	ICA IS-24
PHANTOM X1	VARIANTSWITHTHEIROWNARTICLES	BELL SIDEWINDER
PHANTOM X1	VARIANTSWITHTHEIROWNARTICLES	HY-TEK HURRICANE 103
PHANTOM X1	VARIANTSWITHTHEIROWNARTICLES	GOLDEN GATE MOSQUITO
PHANTOM X1	VARIANTSWITHTHEIROWNARTICLES	WORLDWIDE ULTRALITE SPITFIRE
MITCHELL KITTIWAKE	VARIANTSWITHTHEIROWNARTICLES	NASH PETREL
PARTENAVIA AEROSCOOTER	VARIANTSWITHTHEIROWNARTICLES	DE BERNARDI M.D.B. 02 AEROSCOOTER
STOUT 2-AT PULLMAN	VARIANTSWITHTHEIROWNARTICLES	STOUT 3-AT
LEVIER COSMIC WIND	VARIANTSWITHTHEIROWNARTICLES	AMERICAN ELECTRIC PIRANHA
CUBCRAFTERS CC11-100 SPORT CUB S2	VARIANTSWITHTHEIROWNARTICLES	CUBCRAFTERS CARBON CUB SS
POP'S PROPS CLOUDSTER	VARIANTSWITHTHEIROWNARTICLES	POP'S PROPS ZING
DYN'AéRO MCR4S	VARIANTSWITHTHEIROWNARTICLES	DYN'AéRO TWIN-R
RANS S-4 COYOTE	VARIANTSWITHTHEIROWNARTICLES	RANS S-6 COYOTE II
RANS S-9 CHAOS	VARIANTSWITHTHEIROWNARTICLES	RANS S-10 SAKOTA
MIRAGE CELERITY	VARIANTSWITHTHEIROWNARTICLES	MIRAGE MARATHON
IAR 826	VARIANTSWITHTHEIROWNARTICLES	IAR 822
MILLENNIUM MASTER	VARIANTSWITHTHEIROWNARTICLES	BLACKSHAPE PRIME
TAPANEE LEVITATION 4	VARIANTSWITHTHEIROWNARTICLES	TAPANEE LEVITATION 2
AICHI AB-2	VARIANTSWITHTHEIROWNARTICLES	AICHI AB-3
SPORT FLIGHT TALON	VARIANTSWITHTHEIROWNARTICLES	ADVANCED AVIATION EXPLORER
BLACKBURN G.P.	VARIANTSWITHTHEIROWNARTICLES	BLACKBURN R.T.1 KANGAROO
AEROPRAKT A-26 VULCAN	VARIANTSWITHTHEIROWNARTICLES	AEROPRAKT A-36 VULCAN
BOEING C-137 STRATOLINER	VARIANTSWITHTHEIROWNARTICLES	BOEING CC-137
BOEING C-137 STRATOLINER	VARIANTSWITHTHEIROWNARTICLES	BOEING E-3 SENTRY
BOEING C-137 STRATOLINER	VARIANTSWITHTHEIROWNARTICLES	BOEING E-6 MERCURY
BOEING C-137 STRATOLINER	VARIANTSWITHTHEIROWNARTICLES	NORTHROP GRUMMAN E-8 JOINT STARS
BOEING C-137 STRATOLINER	VARIANTSWITHTHEIROWNARTICLES	VC-137C SAM 26000
BOEING C-137 STRATOLINER	VARIANTSWITHTHEIROWNARTICLES	VC-137C SAM 27000
MONG MS1 SPORT	VARIANTSWITHTHEIROWNARTICLES	GREEN SKY ADVENTURES MICRO MONG
RAJ HAMSA X-AIR	VARIANTSWITHTHEIROWNARTICLES	X-AIR HANUMAN
MONNETT MONEX	VARIANTSWITHTHEIROWNARTICLES	SONEX AIRCRAFT SONEX
BROWN B-2 RACER	VARIANTSWITHTHEIROWNARTICLES	BROWN B-3
UFM EASY RISER	VARIANTSWITHTHEIROWNARTICLES	MAURO SOLAR RISER
UFM EASY RISER	VARIANTSWITHTHEIROWNARTICLES	PTERODACTYL LIGHT FLYER
ROSS R-2 IBIS	VARIANTSWITHTHEIROWNARTICLES	ROSS RH-3
HALL CHEROKEE II	VARIANTSWITHTHEIROWNARTICLES	LEONARD ANNEBULA
FRANKLIN PS-2	VARIANTSWITHTHEIROWNARTICLES	STEVENS SU-1
POWELL PH RACER	VARIANTSWITHTHEIROWNARTICLES	SHIRLEN BIG COOTIE
SCHREDER AIRMATE HP-11	VARIANTSWITHTHEIROWNARTICLES	BOWLUS BZ-1
SCHREDER AIRMATE HP-11	VARIANTSWITHTHEIROWNARTICLES	KOHLER ALPHA
SCHREDER HP-13	VARIANTSWITHTHEIROWNARTICLES	SCHREDER HP-14
CESSNA CR-1	VARIANTSWITHTHEIROWNARTICLES	CESSNA CR-2
CESSNA CR-2	VARIANTSWITHTHEIROWNARTICLES	CESSNA CR-1
ZEPPELIN-LINDAU RS.III	VARIANTSWITHTHEIROWNARTICLES	ZEPPELIN-LINDAU RS.IV
LIST OF HARRIER VARIANTS	VARIANTSWITHTHEIROWNARTICLES	HAWKER SIDDELEY HARRIER
LIST OF HARRIER VARIANTS	VARIANTSWITHTHEIROWNARTICLES	BRITISH AEROSPACE SEA HARRIER
LIST OF HARRIER VARIANTS	VARIANTSWITHTHEIROWNARTICLES	MCDONNELL DOUGLAS AV-8B HARRIER II
LIST OF HARRIER VARIANTS	VARIANTSWITHTHEIROWNARTICLES	BRITISH AEROSPACE HARRIER II
STOLP STARDUSTER	VARIANTSWITHTHEIROWNARTICLES	STOLP STARDUSTER TOO
OLDERSHAW O-2	VARIANTSWITHTHEIROWNARTICLES	OLDERSHAW O-3
FOLKERTS SK-2	VARIANTSWITHTHEIROWNARTICLES	FOLKERTS SK-3
PRUE TWO	VARIANTSWITHTHEIROWNARTICLES	PRUE IIA
PRUE STANDARD	VARIANTSWITHTHEIROWNARTICLES	PRUE SUPER STANDARD
CULVER RIGID MIDGET	VARIANTSWITHTHEIROWNARTICLES	PARKER PJ-1 TINY MITE
CROWN CITY GLIDER CLUB SCREAMING WIENER	VARIANTSWITHTHEIROWNARTICLES	CULVER RIGID MIDGET
MIDWEST MU-1	VARIANTSWITHTHEIROWNARTICLES	SCHULTZ ABC
WITTMAN DFA	VARIANTSWITHTHEIROWNARTICLES	WITTMAN CHIEF OSHKOSH
SCHEIBE ZUGVOGEL	VARIANTSWITHTHEIROWNARTICLES	SCHEIBE SF-27 ZUGVOGEL V
SCHLEICHER K7	VARIANTSWITHTHEIROWNARTICLES	SCHLEICHER ASK 13
DIAMOND HK36 SUPER DIMONA	VARIANTSWITHTHEIROWNARTICLES	DIAMOND DV20
GOAIR TRAINER	VARIANTSWITHTHEIROWNARTICLES	BRUMBY AIRCRAFT BRUMBY 600
TEAM TANGO TANGO 2	VARIANTSWITHTHEIROWNARTICLES	TEAM TANGO FOXTROT
AUTOGYRO CALIDUS	VARIANTSWITHTHEIROWNARTICLES	ROTORSPORT UK CALIDUS
AUTOGYRO CALIDUS	VARIANTSWITHTHEIROWNARTICLES	AUTOGYRO CAVALON
LOCKHEED L-1049 SUPER CONSTELLATION	VARIANTSWITHTHEIROWNARTICLES	LOCKHEED C-121 CONSTELLATION
LOCKHEED L-1049 SUPER CONSTELLATION	VARIANTSWITHTHEIROWNARTICLES	LOCKHEED EC-121 WARNING STAR
BROCHOCKI BKB-1	VARIANTSWITHTHEIROWNARTICLES	KASPER BEKAS
AVIASTROITEL AC-4 RUSSIA	VARIANTSWITHTHEIROWNARTICLES	AVIASTROITEL AC-5M
POTTIER P.220S KOALA	VARIANTSWITHTHEIROWNARTICLES	AERO AT-3
POTTIER P.220S KOALA	VARIANTSWITHTHEIROWNARTICLES	EVEKTOR EUROSTAR
TRAVEL AIR 5000	VARIANTSWITHTHEIROWNARTICLES	TRAVEL AIR 6000
TEST TST-14 BONUS	VARIANTSWITHTHEIROWNARTICLES	TEST TST-14J BONUSJET
HOWARD WRIGHT 1910 MONOPLANE	VARIANTSWITHTHEIROWNARTICLES	HOWARD WRIGHT 1909 MONOPLANE SCOTTISH AEROPLANE SYNDICATE AVIS
LOCKHEED L-049 CONSTELLATION	VARIANTSWITHTHEIROWNARTICLES	LOCKHEED C-69 CONSTELLATION
LOCKHEED L-749 CONSTELLATION	VARIANTSWITHTHEIROWNARTICLES	C-121 CONSTELLATION
LOCKHEED L-749 CONSTELLATION	VARIANTSWITHTHEIROWNARTICLES	LOCKHEED EC-121 WARNING STAR
BERNARD 80 GR	VARIANTSWITHTHEIROWNARTICLES	BERNARD 82
TEST TST-7 JUNIOR	VARIANTSWITHTHEIROWNARTICLES	TEST TST-9 JUNIOR
TEST TST-9 JUNIOR	VARIANTSWITHTHEIROWNARTICLES	TEST TST-13 JUNIOR
LO 120 S	VARIANTSWITHTHEIROWNARTICLES	LTD LO-120S
LUCAS L-6A	VARIANTSWITHTHEIROWNARTICLES	LUCAS L-6B
VOLMER VJ-24W SUNFUN	VARIANTSWITHTHEIROWNARTICLES	DELTA SAILPLANE NOMAD
VOLMER VJ-23 SWINGWING	VARIANTSWITHTHEIROWNARTICLES	VOLMER VJ-24 SUNFUN
AVIASTROITEL AC-7M	VARIANTSWITHTHEIROWNARTICLES	AVIASTROITEL AC-7
THE AIRPLANE FACTORY SLING 2	VARIANTSWITHTHEIROWNARTICLES	THE AIRPLANE FACTORY SLING 4
SANDLIN BUG	VARIANTSWITHTHEIROWNARTICLES	SANDLIN GOAT
SANDLIN GOAT	VARIANTSWITHTHEIROWNARTICLES	AVIAD ZIGOLO MG12
SCOTT VIKING 1	VARIANTSWITHTHEIROWNARTICLES	SCOTT VIKING 2
UNION G.I	VARIANTSWITHTHEIROWNARTICLES	DAIMLER R.I
US AVIATION CLOUD DANCER	VARIANTSWITHTHEIROWNARTICLES	US AVIATION CUMULUS
TOWLE WC	VARIANTSWITHTHEIROWNARTICLES	TOWLE TA-2
AMERICAN AEROLIGHTS EAGLE	VARIANTSWITHTHEIROWNARTICLES	AMERICAN AEROLIGHTS DOUBLE EAGLE
STRIPLIN F.L.A.C.	VARIANTSWITHTHEIROWNARTICLES	STRIPLIN LONE RANGER
LAIRD SOLUTION	VARIANTSWITHTHEIROWNARTICLES	LAIRD SUPER SOLUTION
HOWLAND H-2 HONEY BEE	VARIANTSWITHTHEIROWNARTICLES	HOWLAND H-3 PEGASUS
ADVANCED AVIATION HUSKY	VARIANTSWITHTHEIROWNARTICLES	ADVANCED AVIATION COBRA
HATFIELD LITTLE BIRD	VARIANTSWITHTHEIROWNARTICLES	ARUP S-2
A	VARIANTSWITHTHEIROWNARTICLES	SKYE TRECK SKYSEEKER
AERODYNE SYSTEMS VECTOR	VARIANTSWITHTHEIROWNARTICLES	ULTRALIGHT FLIGHT MIRAGE
CHOTIA WOODHOPPER	VARIANTSWITHTHEIROWNARTICLES	CHOTIA GYPSY
MFI BA-12 SLäNDAN	VARIANTSWITHTHEIROWNARTICLES	FFV AEROTECH BA-14 STARLING
AIR CREATION GT	VARIANTSWITHTHEIROWNARTICLES	AIR CREATION TREK
COSMOS BISON	VARIANTSWITHTHEIROWNARTICLES	COSMOS PHASE II
AIRBORNE OUTBACK	VARIANTSWITHTHEIROWNARTICLES	AIRBORNE XT
MAINAIR BLADE	VARIANTSWITHTHEIROWNARTICLES	MAINAIR RAPIER
PEGASUS QUIK	VARIANTSWITHTHEIROWNARTICLES	P&M GT450
NORD 260	VARIANTSWITHTHEIROWNARTICLES	AéROSPATIALE N 262
SOLO WINGS WINDLASS	VARIANTSWITHTHEIROWNARTICLES	SOLO WINGS AQUILLA
JUST ESCAPADE	VARIANTSWITHTHEIROWNARTICLES	LANITZ ESCAPADE TWO
JUST ESCAPADE	VARIANTSWITHTHEIROWNARTICLES	JUST SUPERSTOL
AVIAN JAVA	VARIANTSWITHTHEIROWNARTICLES	AVIAN CHEETAH
ACE AIRCRAFT FALCON	VARIANTSWITHTHEIROWNARTICLES	WELCH OW-5M
PARA-SKI XS	VARIANTSWITHTHEIROWNARTICLES	PARA-SKI VX
AERONCA CHIEF FAMILY	VARIANTSWITHTHEIROWNARTICLES	*AERONCA K\N*AERONCA L-3\N*AERONCA 11 CHIEF\N*AERONCA CHAMPION\N*AERONCA 50 CHIEF\N*AERONCA DEFENDER
DAIICHI KOSHO WHISPER	VARIANTSWITHTHEIROWNARTICLES	PARABORNE BACKPLANE
PHOENIX INDUSTRIES B1Z PARAFLYER	VARIANTSWITHTHEIROWNARTICLES	PHOENIX INDUSTRIES CV1 PARAFLYER
RICHARD 125 COMMUTER	VARIANTSWITHTHEIROWNARTICLES	RICHARD 150 COMMUTER
AIR COMMAND COMMANDER	VARIANTSWITHTHEIROWNARTICLES	AIR COMMAND COMMANDER ELITE
AIR COMMAND COMMANDER	VARIANTSWITHTHEIROWNARTICLES	AIR COMMAND COMMANDER TANDEM
AMERICAN SPORTSCOPTER ULTRASPORT 254	VARIANTSWITHTHEIROWNARTICLES	AMERICAN SPORTSCOPTER ULTRASPORT 331
AMERICAN SPORTSCOPTER ULTRASPORT 254	VARIANTSWITHTHEIROWNARTICLES	AMERICAN SPORTSCOPTER ULTRASPORT 496
AEROANDINA MXP-150 KIMBAYA	VARIANTSWITHTHEIROWNARTICLES	AEROANDINA MXP-158 EMBERA
AEROCOMP VM-1 ESQUAL	VARIANTSWITHTHEIROWNARTICLES	ARION LIGHTNING
ALISPORT YUMA	VARIANTSWITHTHEIROWNARTICLES	G1 AVIATION G1
ATEC 122 ZEPHYR 2000	VARIANTSWITHTHEIROWNARTICLES	ATEC 321 FAETA
AURORE MB 02 SOURICETTE	VARIANTSWITHTHEIROWNARTICLES	AURORE MB 02-2 MINI BULLE
AUSTRALIAN LIGHTWING SP-2000 SPEED	VARIANTSWITHTHEIROWNARTICLES	AUSTRALIAN LIGHTWING SP-4000 SPEED
AUSTRALIAN LIGHTWING SP-4000 SPEED	VARIANTSWITHTHEIROWNARTICLES	AUSTRALIAN LIGHTWING SP-6000
AVEKO VL-3 SPRINT	VARIANTSWITHTHEIROWNARTICLES	GOBOSH 800XP
OPERATIONAL HISTORY OF THE DORNIER DO 17	VARIANTSWITHTHEIROWNARTICLES	DORNIER 215
BUSHCADDY R-120	VARIANTSWITHTHEIROWNARTICLES	BUSHCADDY L-160
BUSHCADDY L-162 MAX	VARIANTSWITHTHEIROWNARTICLES	BUSHCADDY L-164
COLYAER MARTIN3 S100	VARIANTSWITHTHEIROWNARTICLES	COLYAER FREEDOM S100
COLYAER GANNET S100	VARIANTSWITHTHEIROWNARTICLES	COLYAER FREEDOM S100
ESCAPADE KID	VARIANTSWITHTHEIROWNARTICLES	LANITZ ESCAPADE ONE
VIDOR ASSO X JEWEL	VARIANTSWITHTHEIROWNARTICLES	MILLENNIUM MASTER
EKOLOT JK-05L JUNIOR	VARIANTSWITHTHEIROWNARTICLES	EKOLOT KR-030 TOPAZ
IBIS GS-700 MAGIC	VARIANTSWITHTHEIROWNARTICLES	IBIS GS-710 MAGIC
IBIS GS-700 MAGIC	VARIANTSWITHTHEIROWNARTICLES	IBIS GS-750 GRAND MAGIC
SUPER 18 MODEL S18-180	VARIANTSWITHTHEIROWNARTICLES	DAKOTA CUB SUPER 18
PRO.MECC SPARVIERO	VARIANTSWITHTHEIROWNARTICLES	PRO.MECC FRECCIA ANEMO
TAPANEE PEGAZAIR-100	VARIANTSWITHTHEIROWNARTICLES	TAPANEE LEVITATION 4
ANGLIN J6 KARATOO	VARIANTSWITHTHEIROWNARTICLES	NORMAN AVIATION J6 KARATOO
ANGLIN J6 KARATOO	VARIANTSWITHTHEIROWNARTICLES	BUZZMAN L'IL BUZZARD
RAINBOW CHEETAH	VARIANTSWITHTHEIROWNARTICLES	RAINBOW SKYREACH CHEETAH
GARRISON MELMOTH	VARIANTSWITHTHEIROWNARTICLES	GARRISON MELMOTH 2
APEV POUCHEL LIGHT	VARIANTSWITHTHEIROWNARTICLES	APEV POUCHELEC
APEV POUCHEL II	VARIANTSWITHTHEIROWNARTICLES	APEV POUCHEL CLASSIC
APEV POUCHEL II	VARIANTSWITHTHEIROWNARTICLES	APEV POUCHEL LIGHT
JODEL DR1050 EXCELLENCE	VARIANTSWITHTHEIROWNARTICLES	ROBIN DR.200
GLASAIR GLASTAR	VARIANTSWITHTHEIROWNARTICLES	SYMPHONY SA-160
GLASAIR GLASTAR	VARIANTSWITHTHEIROWNARTICLES	GLASAIR SPORTSMAN 2+2
GLASAIR GLASTAR	VARIANTSWITHTHEIROWNARTICLES	PLANE DRIVEN PD-1
STODDARD-HAMILTON GLASAIR II	VARIANTSWITHTHEIROWNARTICLES	STODDARD-HAMILTON GLASAIR III
LEGER PATAPLUME 1	VARIANTSWITHTHEIROWNARTICLES	LEGER PATAPLUME 2
PEñA CAPEñA	VARIANTSWITHTHEIROWNARTICLES	PEñA BILOUIS
COLOMBAN MC-100 BAN-BI	VARIANTSWITHTHEIROWNARTICLES	DYN'AéRO MCR01
WHITTAKER MW5 SORCERER	VARIANTSWITHTHEIROWNARTICLES	WHITTAKER MW6
ST-JUST CYCLONE	VARIANTSWITHTHEIROWNARTICLES	ST-JUST SUPER-CYCLONE
STOLP SA-500 STARLET	VARIANTSWITHTHEIROWNARTICLES	WHITE WW-1 DER JäGER D.IX
CAMS 36	VARIANTSWITHTHEIROWNARTICLES	CAMS 38
CUBCRAFTERS CARBON CUB EX	VARIANTSWITHTHEIROWNARTICLES	CUBCRAFTERS XCUB
CUSTOM FLIGHT NORTH STAR	VARIANTSWITHTHEIROWNARTICLES	CUSTOM FLIGHT LITE STAR
FALCONAR F11 SPORTY	VARIANTSWITHTHEIROWNARTICLES	FALCONAR F12A CRUISER
HUMMEL ULTRACRUISER	VARIANTSWITHTHEIROWNARTICLES	HUMMEL H5
TAPANEE LEVITATION 2	VARIANTSWITHTHEIROWNARTICLES	TAPANEE LEVITATION 4
WORLD AIRCRAFT SPIRIT	VARIANTSWITHTHEIROWNARTICLES	WORLD AIRCRAFT VISION
MITCHELL WING B-10	VARIANTSWITHTHEIROWNARTICLES	MITCHELL U-2 SUPERWING
MITCHELL WING B-10	VARIANTSWITHTHEIROWNARTICLES	AMERIPLANES MITCHELL WING A-10
DISTAR UFM-13 LAMBADA	VARIANTSWITHTHEIROWNARTICLES	PHOENIX AIR PHOENIX
XTREMEAIR SBACH 300	VARIANTSWITHTHEIROWNARTICLES	XTREMEAIR SBACH 342
AUTOGYRO MT-03	VARIANTSWITHTHEIROWNARTICLES	ROTORSPORT UK MT-03
TAGGART GYROBEE	VARIANTSWITHTHEIROWNARTICLES	MIDWEST HORNET
NORTH AMERICAN ROTORWERKS PITBULL II	VARIANTSWITHTHEIROWNARTICLES	NORTH AMERICAN ROTORWERKS PITBULL ULTRALIGHT
NORTH AMERICAN ROTORWERKS PITBULL ULTRALIGHT	VARIANTSWITHTHEIROWNARTICLES	NORTH AMERICAN ROTORWERKS PITBULL II
FLEETWINGS BQ-1	VARIANTSWITHTHEIROWNARTICLES	FLEETWINGS BQ-2
FLEETWINGS BQ-2	VARIANTSWITHTHEIROWNARTICLES	FLEETWINGS BQ-1
TAYLORCRAFT F-19 SPORTSMAN	VARIANTSWITHTHEIROWNARTICLES	TAYLORCRAFT F-21
APOLLO MONSOON	VARIANTSWITHTHEIROWNARTICLES	EVOLUTION REVO
DRIGGS-JOHNSON DJ-1 BUMBLEBEE	VARIANTSWITHTHEIROWNARTICLES	DRIGGS DART
AVIO DELTA THRUSTER	VARIANTSWITHTHEIROWNARTICLES	YUNEEC INTERNATIONAL ETRIKE
DTA ALIZéS	VARIANTSWITHTHEIROWNARTICLES	ELECTRAVIA ELECTRO TRIKE
LUBLIN R-VII	VARIANTSWITHTHEIROWNARTICLES	LUBLIN R-XVIII
FLIGHT TEAM SPIDER	VARIANTSWITHTHEIROWNARTICLES	FLIGHT TEAM TWISTER
FLYLIGHT DRAGONFLY	VARIANTSWITHTHEIROWNARTICLES	FLYLIGHT MOTORFLOATER
FLYLIGHT DRAGONFLY	VARIANTSWITHTHEIROWNARTICLES	FLYLIGHT E-DRAGON
POLARIS FIB	VARIANTSWITHTHEIROWNARTICLES	POLARIS AM-FIB
MATRA-CANTINIEAU MC-101	VARIANTSWITHTHEIROWNARTICLES	AEROTéCNICA AC-12
KAMINSKAS JUNGSTER I	VARIANTSWITHTHEIROWNARTICLES	KAMINSKAS JUNGSTER II
LIST OF SURVIVING SAAB 35 DRAKENS	VARIANTSWITHTHEIROWNARTICLES	SAAB 210
RAJ HAMSA CLIPPER	VARIANTSWITHTHEIROWNARTICLES	RAJ HAMSA VOYAGER
HELICOM H-1 COMMUTER JR	VARIANTSWITHTHEIROWNARTICLES	CANADIAN HOME ROTORS SAFARI
LONG HENDERSON LONGSTER	VARIANTSWITHTHEIROWNARTICLES	LONG ANZANI LONGSTER
HARMON DER DONNERSCHLAG	VARIANTSWITHTHEIROWNARTICLES	HARMON MISTER AMERICA
MILLER JM-2	VARIANTSWITHTHEIROWNARTICLES	MILLER-BOHANNON JM-2 PUSHY GALORE
RIHN DR-107 ONE DESIGN	VARIANTSWITHTHEIROWNARTICLES	RIHN DR-109
GILES G-200	VARIANTSWITHTHEIROWNARTICLES	GILES G-202
STEMME ASP S15	VARIANTSWITHTHEIROWNARTICLES	SAGEM PATROLLER
ELMWOOD CHRISTAVIA MK I	VARIANTSWITHTHEIROWNARTICLES	CHRISTAVIA MK IV
BRITISH AEROSPACE P.1216	VARIANTSWITHTHEIROWNARTICLES	F-35B
GRUMMAN G-65 TADPOLE	VARIANTSWITHTHEIROWNARTICLES	COLONIAL SKIMMER
STORM 300	VARIANTSWITHTHEIROWNARTICLES	STORM CENTURY
STORM 300	VARIANTSWITHTHEIROWNARTICLES	STORM RG
ST CROIX PIETENPOL AIRCAMPER	VARIANTSWITHTHEIROWNARTICLES	ST CROIX PIETENPOL AERIAL
LIST OF FOCKE-WULF FW 190 VARIANTS	VARIANTSWITHTHEIROWNARTICLES	FOCKE-WULF TA 152
DAIMLER L20	VARIANTSWITHTHEIROWNARTICLES	KLEMM L.25
WARNER REVOLUTION I	VARIANTSWITHTHEIROWNARTICLES	WARNER REVOLUTION II
FOURNIER RF-3	VARIANTSWITHTHEIROWNARTICLES	FOURNIER RF-4
AIR COMMAND COMMANDER TANDEM	VARIANTSWITHTHEIROWNARTICLES	AIR COMMAND TANDEM
AMAX EAGLE	VARIANTSWITHTHEIROWNARTICLES	AMAX EAGLE TT
AMERICAN SPORTSCOPTER ULTRASPORT 331	VARIANTSWITHTHEIROWNARTICLES	HEXIANG WD-100
AMERICAN SPORTSCOPTER ULTRASPORT 496	VARIANTSWITHTHEIROWNARTICLES	HEXIANG WD-200
EAGLE'S PERCH	VARIANTSWITHTHEIROWNARTICLES	PHOENIX SKYBLAZER
POTEZ XVIII	VARIANTSWITHTHEIROWNARTICLES	POTEZ XXII
BOISAVIA MUSCADET	VARIANTSWITHTHEIROWNARTICLES	BOISAVIA MERCUREY
PHOENIX INDUSTRIES CV1 PARAFLYER	VARIANTSWITHTHEIROWNARTICLES	PHOENIX INDUSTRIES B1Z PARAFLYER
PAWNEE WARRIOR	VARIANTSWITHTHEIROWNARTICLES	PAWNEE CHIEF
RAVEN EXPLORER I	VARIANTSWITHTHEIROWNARTICLES	RAVEN EXPLORER II
RAVEN EXPLORER II	VARIANTSWITHTHEIROWNARTICLES	RAVEN ROTOR-PLANE
PERSONAL FLIGHT SKY-BIKE	VARIANTSWITHTHEIROWNARTICLES	PERSONAL FLIGHT SKY-BIKE TRIKE
BEDE BD-12	VARIANTSWITHTHEIROWNARTICLES	BEDE BD-14
CAUDRON C.39	VARIANTSWITHTHEIROWNARTICLES	CAUDRON C.43
BRUMBY AIRCRUISER	VARIANTSWITHTHEIROWNARTICLES	4
BRUMBY AIRCRUISER	VARIANTSWITHTHEIROWNARTICLES	VICTA AIRCRUISER
IBIS GS-501 URRACO	VARIANTSWITHTHEIROWNARTICLES	IBIS GS-600 ARROW
IBIS GS-600 ARROW	VARIANTSWITHTHEIROWNARTICLES	IBIS GS-501 URRACO
VIPER AIRCRAFT VIPERFAN	VARIANTSWITHTHEIROWNARTICLES	VIPER AIRCRAFT VIPERJET
SKYMASTER EXCEL	VARIANTSWITHTHEIROWNARTICLES	SKYMASTER SINGLE SEATER
SUNDOG TWO-SEATER	VARIANTSWITHTHEIROWNARTICLES	SUNDOG ONE-SEATER
SUNDOG ONE-SEATER	VARIANTSWITHTHEIROWNARTICLES	SUNDOG TWO-SEATER
LACHASSAGNE AL 3	VARIANTSWITHTHEIROWNARTICLES	LACHASSAGNE AL 5
MIKOYAN-GUREVICH I-7	VARIANTSWITHTHEIROWNARTICLES	MIKOYAN-GUREVICH I-75
POTEZ 50	VARIANTSWITHTHEIROWNARTICLES	POTEZ 506
STINSON MODEL R	VARIANTSWITHTHEIROWNARTICLES	STINSON RELIANT
LIST OF CHENGDU J-7 VARIANTS	VARIANTSWITHTHEIROWNARTICLES	GUIZHOU JL-9
GAUCHER RG.40 WEEK-END	VARIANTSWITHTHEIROWNARTICLES	SECAT VI LA MOUETTE
PARADELTA BREAK	VARIANTSWITHTHEIROWNARTICLES	PARADELTA BIBREAK
